country_code,country,provider_code,provider,year,expenditure,status
ROU,Romania,_T,Total,2023,5.759,
ROU,Romania,HP7,Providers of healthcare system administration and financing,2023,0.18,
ROU,Romania,HP11,General hospitals,2023,1.932,
ROU,Romania,HP52,Retail sellers and other suppliers of durable medical goods and medical appliances,2023,0.129,
ROU,Romania,HP81,Households as providers of home healthcare,2023,0.05,
ROU,Romania,_U,Unknown,2023,0.001,
ROU,Romania,HP5,Retailers and other providers of medical goods,2023,1.582,
ROU,Romania,HP4,Providers of ancillary services,2023,0.334,
ROU,Romania,HP1,Hospitals,2023,2.516,
ROU,Romania,HP22,Mental health and substance abuse facilities,2023,0.013,
ROU,Romania,HP59,All other miscellaneous sellers and other suppliers of pharmaceuticals and medical goods,2023,0.006,
ROU,Romania,HP8,Rest of the economy,2023,0.082,
ROU,Romania,HP34,Ambulatory healthcare centres,2023,0.143,
ROU,Romania,HP73,Private health insurance administration agencies,2023,0.007,
ROU,Romania,HP21,Long-term nursing care facilities,2023,0.065,
ROU,Romania,HP71,Government health administration agencies,2023,0.148,
ROU,Romania,HP82,All other industries as secondary providers of healthcare,2023,0.033,
ROU,Romania,HP51,Pharmacies,2023,1.446,
ROU,Romania,HP72,Social health insurance agencies,2023,0.025,
ROU,Romania,HP42,Medical and diagnostic laboratories,2023,0.207,
ROU,Romania,HP9,Rest of the world,2023,0.026,
ROU,Romania,HP32,Dental practices,2023,0.256,
ROU,Romania,HP41,Providers of patient transportation and emergency rescue,2023,0.127,
ROU,Romania,HP12,Mental health hospitals,2023,0.084,
ROU,Romania,HP13,Specialised hospitals (other than mental health hospitals),2023,0.5,
ROU,Romania,HP31,Medical practices,2023,0.527,
ROU,Romania,HP3,Providers of ambulatory healthcare,2023,0.951,
ROU,Romania,HP35,Providers of home healthcare services,2023,0.012,
ROU,Romania,HP33,Other healthcare practitioners,2023,0.013,
ROU,Romania,HP6,Providers of preventive care,2023,0.008,
ROU,Romania,HP2,Residential long-term care facilities,2023,0.078,
ROU,Romania,HP2,Residential long-term care facilities,2024,0.072,
ROU,Romania,HP6,Providers of preventive care,2024,0.013,
ROU,Romania,HP33,Other healthcare practitioners,2024,0.015,
ROU,Romania,HP35,Providers of home healthcare services,2024,0.015,
ROU,Romania,HP3,Providers of ambulatory healthcare,2024,1.092,
ROU,Romania,HP31,Medical practices,2024,0.638,
ROU,Romania,HP13,Specialised hospitals (other than mental health hospitals),2024,0.51,
ROU,Romania,HP12,Mental health hospitals,2024,0.088,
ROU,Romania,HP41,Providers of patient transportation and emergency rescue,2024,0.13,
ROU,Romania,HP32,Dental practices,2024,0.26,
ROU,Romania,HP42,Medical and diagnostic laboratories,2024,0.248,
ROU,Romania,HP72,Social health insurance agencies,2024,0.034,
ROU,Romania,HP51,Pharmacies,2024,1.5,
ROU,Romania,HP82,All other industries as secondary providers of healthcare,2024,0.04,
ROU,Romania,HP71,Government health administration agencies,2024,0.123,
ROU,Romania,HP21,Long-term nursing care facilities,2024,0.063,
ROU,Romania,HP73,Private health insurance administration agencies,2024,0.007,
ROU,Romania,HP34,Ambulatory healthcare centres,2024,0.165,
ROU,Romania,HP8,Rest of the economy,2024,0.092,
ROU,Romania,HP59,All other miscellaneous sellers and other suppliers of pharmaceuticals and medical goods,2024,0.005,
ROU,Romania,HP22,Mental health and substance abuse facilities,2024,0.009,
ROU,Romania,HP1,Hospitals,2024,2.618,
ROU,Romania,HP4,Providers of ancillary services,2024,0.377,
ROU,Romania,HP5,Retailers and other providers of medical goods,2024,1.657,
ROU,Romania,_U,Unknown,2024,0.001,
ROU,Romania,HP81,Households as providers of home healthcare,2024,0.052,
ROU,Romania,HP52,Retail sellers and other suppliers of durable medical goods and medical appliances,2024,0.152,
ROU,Romania,HP11,General hospitals,2024,2.02,
ROU,Romania,HP9,Rest of the world,2024,0.074,B
ROU,Romania,_T,Total,2024,6.16,
ROU,Romania,HP1,Hospitals,2022,2.626,
ROU,Romania,HP4,Providers of ancillary services,2022,0.339,
ROU,Romania,HP5,Retailers and other providers of medical goods,2022,1.487,
ROU,Romania,_U,Unknown,2022,0.001,
ROU,Romania,HP81,Households as providers of home healthcare,2022,0.046,
ROU,Romania,HP52,Retail sellers and other suppliers of durable medical goods and medical appliances,2022,0.107,
ROU,Romania,HP11,General hospitals,2022,1.991,
ROU,Romania,HP7,Providers of healthcare system administration and financing,2022,0.184,
TUR,Türkiye,HP6,Providers of preventive care,2020,0.254,D
MDA,Moldova,HP42,Medical and diagnostic laboratories,2023,0.248,D
TUR,Türkiye,_T,Total,2025,4.703,E
GBR,United Kingdom,_T,Total,2025,11.363,P
GBR,United Kingdom,HP35,Providers of home healthcare services,2015,0.511,B
GBR,United Kingdom,HP2,Residential long-term care facilities,2015,1.322,B
ROU,Romania,HP33,Other healthcare practitioners,2016,0.016,B
CYP,Cyprus,HP51,Pharmacies,2024,1.251,P
CYP,Cyprus,HP13,Specialised hospitals (other than mental health hospitals),2024,0.36,P
CYP,Cyprus,HP3,Providers of ambulatory healthcare,2024,1.852,P
CYP,Cyprus,HP21,Long-term nursing care facilities,2024,0.079,P
CYP,Cyprus,HP33,Other healthcare practitioners,2024,0.279,P
CYP,Cyprus,HP41,Providers of patient transportation and emergency rescue,2024,0.056,P
CYP,Cyprus,HP4,Providers of ancillary services,2024,0.4,P
CYP,Cyprus,HP42,Medical and diagnostic laboratories,2024,0.344,P
CYP,Cyprus,HP1,Hospitals,2024,3.953,P
CYP,Cyprus,HP11,General hospitals,2024,3.551,P
CYP,Cyprus,HP12,Mental health hospitals,2024,0.041,P
CYP,Cyprus,HP34,Ambulatory healthcare centres,2024,0.09,P
CYP,Cyprus,HP72,Social health insurance agencies,2024,0.075,P
CYP,Cyprus,HP5,Retailers and other providers of medical goods,2024,1.317,P
CYP,Cyprus,HP52,Retail sellers and other suppliers of durable medical goods and medical appliances,2024,0.066,P
CYP,Cyprus,HP2,Residential long-term care facilities,2024,0.137,P
CYP,Cyprus,HP7,Providers of healthcare system administration and financing,2024,0.158,P
CYP,Cyprus,HP31,Medical practices,2024,0.902,P
CYP,Cyprus,HP35,Providers of home healthcare services,2024,0.252,P
CYP,Cyprus,HP6,Providers of preventive care,2024,0.066,P
CYP,Cyprus,HP71,Government health administration agencies,2024,0.068,P
CYP,Cyprus,HP32,Dental practices,2024,0.329,P
CYP,Cyprus,HP22,Mental health and substance abuse facilities,2024,0.058,P
CYP,Cyprus,HP73,Private health insurance administration agencies,2024,0.016,P
CYP,Cyprus,HP9,Rest of the world,2024,0.118,P
CYP,Cyprus,HP9,Rest of the world,2023,0.121,P
CYP,Cyprus,HP73,Private health insurance administration agencies,2023,0.03,P
CYP,Cyprus,HP22,Mental health and substance abuse facilities,2023,0.053,P
CYP,Cyprus,HP32,Dental practices,2023,0.318,P
CYP,Cyprus,HP71,Government health administration agencies,2023,0.068,P
CYP,Cyprus,HP6,Providers of preventive care,2023,0.078,P
CYP,Cyprus,HP35,Providers of home healthcare services,2023,0.246,P
CYP,Cyprus,HP31,Medical practices,2023,0.952,P
CYP,Cyprus,HP7,Providers of healthcare system administration and financing,2023,0.174,P
CYP,Cyprus,HP2,Residential long-term care facilities,2023,0.132,P
CYP,Cyprus,HP52,Retail sellers and other suppliers of durable medical goods and medical appliances,2023,0.066,P
CYP,Cyprus,HP5,Retailers and other providers of medical goods,2023,1.272,P
CYP,Cyprus,HP72,Social health insurance agencies,2023,0.076,P
CYP,Cyprus,HP34,Ambulatory healthcare centres,2023,0.088,P
CYP,Cyprus,HP12,Mental health hospitals,2023,0.032,P
CYP,Cyprus,HP11,General hospitals,2023,3.265,P
CYP,Cyprus,HP1,Hospitals,2023,3.711,P
CYP,Cyprus,HP42,Medical and diagnostic laboratories,2023,0.362,P
CYP,Cyprus,HP4,Providers of ancillary services,2023,0.409,P
CYP,Cyprus,HP41,Providers of patient transportation and emergency rescue,2023,0.046,P
CYP,Cyprus,HP33,Other healthcare practitioners,2023,0.266,P
CYP,Cyprus,HP21,Long-term nursing care facilities,2023,0.079,P
CYP,Cyprus,HP3,Providers of ambulatory healthcare,2023,1.868,P
CYP,Cyprus,HP13,Specialised hospitals (other than mental health hospitals),2023,0.415,P
CYP,Cyprus,HP51,Pharmacies,2023,1.206,P
CYP,Cyprus,_T,Total,2015,6.794,B
CYP,Cyprus,_T,Total,2023,7.766,P
CYP,Cyprus,_T,Total,2024,8.001,P
ROU,Romania,HP7,Providers of healthcare system administration and financing,2015,0.121,
ROU,Romania,HP11,General hospitals,2015,1.535,
ROU,Romania,HP52,Retail sellers and other suppliers of durable medical goods and medical appliances,2015,0.052,
ROU,Romania,HP81,Households as providers of home healthcare,2015,0.053,
ROU,Romania,HP5,Retailers and other providers of medical goods,2015,1.669,
ROU,Romania,HP4,Providers of ancillary services,2015,0.258,
ROU,Romania,HP1,Hospitals,2015,1.888,
ROU,Romania,HP22,Mental health and substance abuse facilities,2015,0.025,
ROU,Romania,HP59,All other miscellaneous sellers and other suppliers of pharmaceuticals and medical goods,2015,0.012,
ROU,Romania,HP8,Rest of the economy,2015,0.086,
ROU,Romania,HP34,Ambulatory healthcare centres,2015,0.205,
ROU,Romania,HP21,Long-term nursing care facilities,2015,0.049,
ROU,Romania,HP71,Government health administration agencies,2015,0.085,
ROU,Romania,HP82,All other industries as secondary providers of healthcare,2015,0.033,
ROU,Romania,HP51,Pharmacies,2015,1.605,
ROU,Romania,HP72,Social health insurance agencies,2015,0.036,
ROU,Romania,HP42,Medical and diagnostic laboratories,2015,0.149,
ROU,Romania,HP9,Rest of the world,2015,0.061,
ROU,Romania,HP32,Dental practices,2015,0.155,
ROU,Romania,HP41,Providers of patient transportation and emergency rescue,2015,0.109,
ROU,Romania,HP12,Mental health hospitals,2015,0.057,
ROU,Romania,HP13,Specialised hospitals (other than mental health hospitals),2015,0.296,
ROU,Romania,HP31,Medical practices,2015,0.383,
ROU,Romania,HP3,Providers of ambulatory healthcare,2015,0.76,
ROU,Romania,HP35,Providers of home healthcare services,2015,0.016,
ROU,Romania,HP6,Providers of preventive care,2015,0.021,
ROU,Romania,HP2,Residential long-term care facilities,2015,0.074,
ROU,Romania,HP2,Residential long-term care facilities,2016,0.081,
ROU,Romania,HP6,Providers of preventive care,2016,0.017,
ROU,Romania,HP35,Providers of home healthcare services,2016,0.016,
ROU,Romania,HP3,Providers of ambulatory healthcare,2016,0.795,
ROU,Romania,HP31,Medical practices,2016,0.394,
ROU,Romania,HP13,Specialised hospitals (other than mental health hospitals),2016,0.298,
ROU,Romania,HP12,Mental health hospitals,2016,0.063,
ROU,Romania,HP41,Providers of patient transportation and emergency rescue,2016,0.125,
ROU,Romania,HP32,Dental practices,2016,0.167,
ROU,Romania,HP9,Rest of the world,2016,0.081,
ROU,Romania,HP42,Medical and diagnostic laboratories,2016,0.146,
ROU,Romania,HP72,Social health insurance agencies,2016,0.032,
ROU,Romania,HP51,Pharmacies,2016,1.521,
ROU,Romania,HP82,All other industries as secondary providers of healthcare,2016,0.027,
ROU,Romania,HP71,Government health administration agencies,2016,0.095,
ROU,Romania,HP21,Long-term nursing care facilities,2016,0.051,
ROU,Romania,HP34,Ambulatory healthcare centres,2016,0.202,
ROU,Romania,HP8,Rest of the economy,2016,0.091,
ROU,Romania,HP22,Mental health and substance abuse facilities,2016,0.03,
ROU,Romania,HP1,Hospitals,2016,2.029,
ROU,Romania,HP4,Providers of ancillary services,2016,0.271,
ROU,Romania,HP5,Retailers and other providers of medical goods,2016,1.589,
ROU,Romania,HP81,Households as providers of home healthcare,2016,0.063,
ROU,Romania,HP52,Retail sellers and other suppliers of durable medical goods and medical appliances,2016,0.062,
ROU,Romania,HP11,General hospitals,2016,1.668,
ROU,Romania,HP7,Providers of healthcare system administration and financing,2016,0.127,
ROU,Romania,HP7,Providers of healthcare system administration and financing,2017,0.17,
ROU,Romania,HP11,General hospitals,2017,1.692,
ROU,Romania,HP52,Retail sellers and other suppliers of durable medical goods and medical appliances,2017,0.062,
ROU,Romania,HP81,Households as providers of home healthcare,2017,0.06,
ROU,Romania,HP5,Retailers and other providers of medical goods,2017,1.367,
ROU,Romania,HP4,Providers of ancillary services,2017,0.302,
ROU,Romania,HP1,Hospitals,2017,2.292,
ROU,Romania,HP22,Mental health and substance abuse facilities,2017,0.034,
ROU,Romania,HP8,Rest of the economy,2017,0.088,
ROU,Romania,HP34,Ambulatory healthcare centres,2017,0.185,
ROU,Romania,HP21,Long-term nursing care facilities,2017,0.055,
ROU,Romania,HP71,Government health administration agencies,2017,0.126,
ROU,Romania,HP82,All other industries as secondary providers of healthcare,2017,0.028,
ROU,Romania,HP51,Pharmacies,2017,1.3,
ROU,Romania,HP72,Social health insurance agencies,2017,0.044,
ROU,Romania,HP42,Medical and diagnostic laboratories,2017,0.149,
ROU,Romania,HP9,Rest of the world,2017,0.065,
ROU,Romania,HP32,Dental practices,2017,0.174,
ROU,Romania,HP41,Providers of patient transportation and emergency rescue,2017,0.153,
ROU,Romania,HP12,Mental health hospitals,2017,0.084,
ROU,Romania,HP13,Specialised hospitals (other than mental health hospitals),2017,0.516,
ROU,Romania,HP31,Medical practices,2017,0.41,
ROU,Romania,HP3,Providers of ambulatory healthcare,2017,0.791,
ROU,Romania,HP35,Providers of home healthcare services,2017,0.013,
ROU,Romania,HP33,Other healthcare practitioners,2017,0.008,
ROU,Romania,HP6,Providers of preventive care,2017,0.016,
ROU,Romania,HP2,Residential long-term care facilities,2017,0.088,
ROU,Romania,HP2,Residential long-term care facilities,2018,0.101,
ROU,Romania,HP6,Providers of preventive care,2018,0.015,
ROU,Romania,HP33,Other healthcare practitioners,2018,0.009,
ROU,Romania,HP35,Providers of home healthcare services,2018,0.01,
ROU,Romania,HP3,Providers of ambulatory healthcare,2018,0.826,
ROU,Romania,HP31,Medical practices,2018,0.44,
ROU,Romania,HP13,Specialised hospitals (other than mental health hospitals),2018,0.558,
ROU,Romania,HP12,Mental health hospitals,2018,0.095,
ROU,Romania,HP41,Providers of patient transportation and emergency rescue,2018,0.17,
ROU,Romania,HP32,Dental practices,2018,0.187,
ROU,Romania,HP9,Rest of the world,2018,0.053,
ROU,Romania,HP42,Medical and diagnostic laboratories,2018,0.155,
ROU,Romania,HP72,Social health insurance agencies,2018,0.038,
ROU,Romania,HP51,Pharmacies,2018,1.331,
ROU,Romania,HP82,All other industries as secondary providers of healthcare,2018,0.031,
ROU,Romania,HP71,Government health administration agencies,2018,0.125,
ROU,Romania,HP21,Long-term nursing care facilities,2018,0.062,
ROU,Romania,HP34,Ambulatory healthcare centres,2018,0.18,
ROU,Romania,HP8,Rest of the economy,2018,0.088,
ROU,Romania,HP22,Mental health and substance abuse facilities,2018,0.039,
ROU,Romania,HP1,Hospitals,2018,2.582,
ROU,Romania,HP4,Providers of ancillary services,2018,0.324,
ROU,Romania,HP5,Retailers and other providers of medical goods,2018,1.394,
ROU,Romania,HP81,Households as providers of home healthcare,2018,0.058,
ROU,Romania,HP52,Retail sellers and other suppliers of durable medical goods and medical appliances,2018,0.059,
ROU,Romania,HP11,General hospitals,2018,1.929,
ROU,Romania,HP7,Providers of healthcare system administration and financing,2018,0.163,
ROU,Romania,HP7,Providers of healthcare system administration and financing,2019,0.172,
ROU,Romania,HP11,General hospitals,2019,1.967,
ROU,Romania,HP52,Retail sellers and other suppliers of durable medical goods and medical appliances,2019,0.066,
ROU,Romania,HP81,Households as providers of home healthcare,2019,0.056,
ROU,Romania,HP5,Retailers and other providers of medical goods,2019,1.501,
ROU,Romania,HP4,Providers of ancillary services,2019,0.311,
ROU,Romania,HP1,Hospitals,2019,2.594,
ROU,Romania,HP22,Mental health and substance abuse facilities,2019,0.04,
ROU,Romania,HP8,Rest of the economy,2019,0.095,
ROU,Romania,HP34,Ambulatory healthcare centres,2019,0.172,
ROU,Romania,HP21,Long-term nursing care facilities,2019,0.069,
ROU,Romania,HP71,Government health administration agencies,2019,0.135,
ROU,Romania,HP82,All other industries as secondary providers of healthcare,2019,0.04,
ROU,Romania,HP51,Pharmacies,2019,1.428,
ROU,Romania,HP72,Social health insurance agencies,2019,0.037,
ROU,Romania,HP42,Medical and diagnostic laboratories,2019,0.146,
ROU,Romania,HP9,Rest of the world,2019,0.047,
ROU,Romania,HP32,Dental practices,2019,0.217,
ROU,Romania,HP41,Providers of patient transportation and emergency rescue,2019,0.166,
ROU,Romania,HP12,Mental health hospitals,2019,0.094,
ROU,Romania,HP13,Specialised hospitals (other than mental health hospitals),2019,0.534,
ROU,Romania,HP31,Medical practices,2019,0.477,
ROU,Romania,HP3,Providers of ambulatory healthcare,2019,0.888,
ROU,Romania,HP35,Providers of home healthcare services,2019,0.009,
ROU,Romania,HP33,Other healthcare practitioners,2019,0.014,
ROU,Romania,HP6,Providers of preventive care,2019,0.016,
ROU,Romania,HP2,Residential long-term care facilities,2019,0.109,
ROU,Romania,HP2,Residential long-term care facilities,2020,0.094,
ROU,Romania,HP6,Providers of preventive care,2020,0.014,
ROU,Romania,HP35,Providers of home healthcare services,2020,0.012,
ROU,Romania,HP3,Providers of ambulatory healthcare,2020,0.852,
ROU,Romania,HP31,Medical practices,2020,0.515,
ROU,Romania,HP13,Specialised hospitals (other than mental health hospitals),2020,0.653,
ROU,Romania,HP12,Mental health hospitals,2020,0.1,
ROU,Romania,HP41,Providers of patient transportation and emergency rescue,2020,0.183,
ROU,Romania,HP32,Dental practices,2020,0.168,
ROU,Romania,HP9,Rest of the world,2020,0.046,
ROU,Romania,HP42,Medical and diagnostic laboratories,2020,0.146,
ROU,Romania,HP72,Social health insurance agencies,2020,0.037,
ROU,Romania,HP51,Pharmacies,2020,1.446,
ROU,Romania,HP82,All other industries as secondary providers of healthcare,2020,0.045,
ROU,Romania,HP71,Government health administration agencies,2020,0.194,
ROU,Romania,HP21,Long-term nursing care facilities,2020,0.061,
ROU,Romania,HP34,Ambulatory healthcare centres,2020,0.154,
ROU,Romania,HP8,Rest of the economy,2020,0.103,
ROU,Romania,HP59,All other miscellaneous sellers and other suppliers of pharmaceuticals and medical goods,2020,0.057,
ROU,Romania,HP22,Mental health and substance abuse facilities,2020,0.033,
ROU,Romania,HP1,Hospitals,2020,2.994,
ROU,Romania,HP4,Providers of ancillary services,2020,0.329,
ROU,Romania,HP5,Retailers and other providers of medical goods,2020,1.572,
ROU,Romania,HP81,Households as providers of home healthcare,2020,0.058,
ROU,Romania,HP52,Retail sellers and other suppliers of durable medical goods and medical appliances,2020,0.069,
ROU,Romania,HP11,General hospitals,2020,2.241,
ROU,Romania,HP7,Providers of healthcare system administration and financing,2020,0.238,
ROU,Romania,HP7,Providers of healthcare system administration and financing,2021,0.24,
ROU,Romania,HP11,General hospitals,2021,2.284,
ROU,Romania,HP52,Retail sellers and other suppliers of durable medical goods and medical appliances,2021,0.123,
ROU,Romania,HP81,Households as providers of home healthcare,2021,0.051,
ROU,Romania,HP5,Retailers and other providers of medical goods,2021,1.632,
ROU,Romania,HP4,Providers of ancillary services,2021,0.344,
ROU,Romania,HP1,Hospitals,2021,3.01,
ROU,Romania,HP22,Mental health and substance abuse facilities,2021,0.024,
ROU,Romania,HP59,All other miscellaneous sellers and other suppliers of pharmaceuticals and medical goods,2021,0.046,
ROU,Romania,HP8,Rest of the economy,2021,0.093,
ROU,Romania,HP34,Ambulatory healthcare centres,2021,0.143,
ROU,Romania,HP21,Long-term nursing care facilities,2021,0.048,
ROU,Romania,HP71,Government health administration agencies,2021,0.2,
ROU,Romania,HP82,All other industries as secondary providers of healthcare,2021,0.041,
ROU,Romania,HP51,Pharmacies,2021,1.463,
ROU,Romania,HP72,Social health insurance agencies,2021,0.033,
ROU,Romania,HP42,Medical and diagnostic laboratories,2021,0.174,
ROU,Romania,HP9,Rest of the world,2021,0.041,
ROU,Romania,HP32,Dental practices,2021,0.203,
ROU,Romania,HP41,Providers of patient transportation and emergency rescue,2021,0.17,
ROU,Romania,HP12,Mental health hospitals,2021,0.1,
ROU,Romania,HP13,Specialised hospitals (other than mental health hospitals),2021,0.625,
ROU,Romania,HP31,Medical practices,2021,0.656,
ROU,Romania,HP3,Providers of ambulatory healthcare,2021,1.041,
ROU,Romania,HP35,Providers of home healthcare services,2021,0.014,
ROU,Romania,HP33,Other healthcare practitioners,2021,0.025,
ROU,Romania,HP6,Providers of preventive care,2021,0.013,
ROU,Romania,HP2,Residential long-term care facilities,2021,0.072,
ROU,Romania,HP2,Residential long-term care facilities,2022,0.09,
ROU,Romania,HP6,Providers of preventive care,2022,0.011,
ROU,Romania,HP33,Other healthcare practitioners,2022,0.009,
ROU,Romania,HP35,Providers of home healthcare services,2022,0.011,
ROU,Romania,HP3,Providers of ambulatory healthcare,2022,0.95,
ROU,Romania,HP31,Medical practices,2022,0.596,
ROU,Romania,HP13,Specialised hospitals (other than mental health hospitals),2022,0.548,
ROU,Romania,HP12,Mental health hospitals,2022,0.087,
ROU,Romania,HP41,Providers of patient transportation and emergency rescue,2022,0.148,
ROU,Romania,HP32,Dental practices,2022,0.202,
ROU,Romania,HP9,Rest of the world,2022,0.05,
ROU,Romania,HP42,Medical and diagnostic laboratories,2022,0.191,
ROU,Romania,HP72,Social health insurance agencies,2022,0.029,
ROU,Romania,HP51,Pharmacies,2022,1.366,
ROU,Romania,HP82,All other industries as secondary providers of healthcare,2022,0.036,
ROU,Romania,HP71,Government health administration agencies,2022,0.148,
ROU,Romania,HP21,Long-term nursing care facilities,2022,0.07,
ROU,Romania,HP34,Ambulatory healthcare centres,2022,0.134,
ROU,Romania,HP8,Rest of the economy,2022,0.082,
ROU,Romania,HP59,All other miscellaneous sellers and other suppliers of pharmaceuticals and medical goods,2022,0.014,
ROU,Romania,HP22,Mental health and substance abuse facilities,2022,0.02,
ROU,Romania,_U,Unknown,2018,0.006,
ROU,Romania,HP59,All other miscellaneous sellers and other suppliers of pharmaceuticals and medical goods,2019,0.006,
ROU,Romania,_U,Unknown,2017,0.007,
ROU,Romania,HP73,Private health insurance administration agencies,2020,0.007,
ROU,Romania,HP73,Private health insurance administration agencies,2021,0.007,
ROU,Romania,HP73,Private health insurance administration agencies,2022,0.007,
ROU,Romania,_U,Unknown,2015,0.005,
ROU,Romania,HP59,All other miscellaneous sellers and other suppliers of pharmaceuticals and medical goods,2016,0.005,
ROU,Romania,HP59,All other miscellaneous sellers and other suppliers of pharmaceuticals and medical goods,2017,0.005,
ROU,Romania,HP33,Other healthcare practitioners,2020,0.003,
ROU,Romania,HP59,All other miscellaneous sellers and other suppliers of pharmaceuticals and medical goods,2018,0.004,
ROU,Romania,_U,Unknown,2020,0.001,
ROU,Romania,_U,Unknown,2021,0.001,
ROU,Romania,HP29,Other residential long-term care facilities,2015,0,
ROU,Romania,HP33,Other healthcare practitioners,2015,0,
ROU,Romania,HP29,Other residential long-term care facilities,2016,0,
ROU,Romania,_U,Unknown,2016,0,
ROU,Romania,HP29,Other residential long-term care facilities,2017,0,
ROU,Romania,HP29,Other residential long-term care facilities,2018,0,
ROU,Romania,_U,Unknown,2019,0,
ROU,Romania,HP29,Other residential long-term care facilities,2019,0,
ROU,Romania,HP29,Other residential long-term care facilities,2020,0,
ROU,Romania,HP29,Other residential long-term care facilities,2021,0,
ROU,Romania,HP29,Other residential long-term care facilities,2022,0,
CYP,Cyprus,HP51,Pharmacies,2022,1.321,
CYP,Cyprus,HP13,Specialised hospitals (other than mental health hospitals),2022,0.456,
CYP,Cyprus,HP3,Providers of ambulatory healthcare,2022,1.935,
CYP,Cyprus,HP21,Long-term nursing care facilities,2022,0.106,
CYP,Cyprus,HP33,Other healthcare practitioners,2022,0.259,
CYP,Cyprus,HP41,Providers of patient transportation and emergency rescue,2022,0.051,
CYP,Cyprus,HP4,Providers of ancillary services,2022,0.469,
CYP,Cyprus,HP42,Medical and diagnostic laboratories,2022,0.418,
CYP,Cyprus,HP1,Hospitals,2022,3.69,
CYP,Cyprus,HP11,General hospitals,2022,3.198,
CYP,Cyprus,HP12,Mental health hospitals,2022,0.036,
CYP,Cyprus,HP34,Ambulatory healthcare centres,2022,0.111,
CYP,Cyprus,HP72,Social health insurance agencies,2022,0.061,
CYP,Cyprus,HP5,Retailers and other providers of medical goods,2022,1.391,
CYP,Cyprus,HP52,Retail sellers and other suppliers of durable medical goods and medical appliances,2022,0.07,
CYP,Cyprus,HP2,Residential long-term care facilities,2022,0.154,
CYP,Cyprus,HP7,Providers of healthcare system administration and financing,2022,0.13,
CYP,Cyprus,HP31,Medical practices,2022,1.007,
CYP,Cyprus,HP35,Providers of home healthcare services,2022,0.238,
CYP,Cyprus,HP6,Providers of preventive care,2022,0.172,
CYP,Cyprus,HP71,Government health administration agencies,2022,0.047,
CYP,Cyprus,HP32,Dental practices,2022,0.32,
CYP,Cyprus,HP22,Mental health and substance abuse facilities,2022,0.049,
CYP,Cyprus,HP73,Private health insurance administration agencies,2022,0.022,
CYP,Cyprus,HP9,Rest of the world,2022,0.134,
CYP,Cyprus,HP51,Pharmacies,2020,1.194,
CYP,Cyprus,HP13,Specialised hospitals (other than mental health hospitals),2020,0.371,
CYP,Cyprus,HP3,Providers of ambulatory healthcare,2020,2.181,
CYP,Cyprus,HP21,Long-term nursing care facilities,2020,0.069,
CYP,Cyprus,HP33,Other healthcare practitioners,2020,0.336,
CYP,Cyprus,HP41,Providers of patient transportation and emergency rescue,2020,0.032,
CYP,Cyprus,HP4,Providers of ancillary services,2020,0.666,
CYP,Cyprus,HP42,Medical and diagnostic laboratories,2020,0.634,
CYP,Cyprus,HP1,Hospitals,2020,4.005,
CYP,Cyprus,HP11,General hospitals,2020,3.589,
CYP,Cyprus,HP12,Mental health hospitals,2020,0.044,
CYP,Cyprus,HP34,Ambulatory healthcare centres,2020,0.144,
CYP,Cyprus,HP72,Social health insurance agencies,2020,0.057,
CYP,Cyprus,HP5,Retailers and other providers of medical goods,2020,1.301,
CYP,Cyprus,HP52,Retail sellers and other suppliers of durable medical goods and medical appliances,2020,0.108,
CYP,Cyprus,HP2,Residential long-term care facilities,2020,0.126,
CYP,Cyprus,HP7,Providers of healthcare system administration and financing,2020,0.162,
CYP,Cyprus,HP31,Medical practices,2020,1.104,
CYP,Cyprus,HP35,Providers of home healthcare services,2020,0.187,
CYP,Cyprus,HP6,Providers of preventive care,2020,0.054,
CYP,Cyprus,HP71,Government health administration agencies,2020,0.081,
CYP,Cyprus,HP32,Dental practices,2020,0.41,
CYP,Cyprus,HP22,Mental health and substance abuse facilities,2020,0.057,
CYP,Cyprus,HP73,Private health insurance administration agencies,2020,0.025,
CYP,Cyprus,HP9,Rest of the world,2020,0.153,
CYP,Cyprus,HP9,Rest of the world,2019,0.156,
CYP,Cyprus,HP73,Private health insurance administration agencies,2019,0.035,
CYP,Cyprus,HP22,Mental health and substance abuse facilities,2019,0.049,
CYP,Cyprus,HP32,Dental practices,2019,0.322,
CYP,Cyprus,HP71,Government health administration agencies,2019,0.146,
CYP,Cyprus,HP6,Providers of preventive care,2019,0.034,
CYP,Cyprus,HP35,Providers of home healthcare services,2019,0.166,
CYP,Cyprus,HP31,Medical practices,2019,0.889,
CYP,Cyprus,HP7,Providers of healthcare system administration and financing,2019,0.207,
CYP,Cyprus,HP2,Residential long-term care facilities,2019,0.118,
CYP,Cyprus,HP52,Retail sellers and other suppliers of durable medical goods and medical appliances,2019,0.089,
CYP,Cyprus,HP5,Retailers and other providers of medical goods,2019,0.983,
CYP,Cyprus,HP72,Social health insurance agencies,2019,0.025,
CYP,Cyprus,HP34,Ambulatory healthcare centres,2019,0.229,
CYP,Cyprus,HP12,Mental health hospitals,2019,0.055,
CYP,Cyprus,HP11,General hospitals,2019,2.696,
CYP,Cyprus,HP1,Hospitals,2019,3.075,
CYP,Cyprus,HP42,Medical and diagnostic laboratories,2019,0.523,
CYP,Cyprus,HP4,Providers of ancillary services,2019,0.532,
CYP,Cyprus,HP41,Providers of patient transportation and emergency rescue,2019,0.009,
CYP,Cyprus,HP33,Other healthcare practitioners,2019,0.288,
CYP,Cyprus,HP21,Long-term nursing care facilities,2019,0.069,
CYP,Cyprus,HP3,Providers of ambulatory healthcare,2019,1.894,
CYP,Cyprus,HP13,Specialised hospitals (other than mental health hospitals),2019,0.324,
CYP,Cyprus,HP51,Pharmacies,2019,0.894,
CYP,Cyprus,HP51,Pharmacies,2016,0.987,
CYP,Cyprus,HP13,Specialised hospitals (other than mental health hospitals),2016,0.296,
CYP,Cyprus,HP3,Providers of ambulatory healthcare,2016,1.682,
CYP,Cyprus,HP21,Long-term nursing care facilities,2016,0.067,
CYP,Cyprus,HP33,Other healthcare practitioners,2016,0.281,
CYP,Cyprus,HP4,Providers of ancillary services,2016,0.454,
CYP,Cyprus,HP42,Medical and diagnostic laboratories,2016,0.452,
CYP,Cyprus,HP1,Hospitals,2016,3.025,
CYP,Cyprus,HP11,General hospitals,2016,2.67,
CYP,Cyprus,HP12,Mental health hospitals,2016,0.059,
CYP,Cyprus,HP34,Ambulatory healthcare centres,2016,0.209,
CYP,Cyprus,HP72,Social health insurance agencies,2016,0.003,
CYP,Cyprus,HP5,Retailers and other providers of medical goods,2016,1.066,
CYP,Cyprus,HP52,Retail sellers and other suppliers of durable medical goods and medical appliances,2016,0.079,
CYP,Cyprus,HP2,Residential long-term care facilities,2016,0.119,
CYP,Cyprus,HP7,Providers of healthcare system administration and financing,2016,0.149,
CYP,Cyprus,HP31,Medical practices,2016,0.703,
CYP,Cyprus,HP35,Providers of home healthcare services,2016,0.172,
CYP,Cyprus,HP6,Providers of preventive care,2016,0.036,
CYP,Cyprus,HP71,Government health administration agencies,2016,0.109,
CYP,Cyprus,HP32,Dental practices,2016,0.317,
CYP,Cyprus,HP22,Mental health and substance abuse facilities,2016,0.052,
CYP,Cyprus,HP73,Private health insurance administration agencies,2016,0.037,
CYP,Cyprus,HP9,Rest of the world,2016,0.121,
CYP,Cyprus,HP9,Rest of the world,2017,0.13,
CYP,Cyprus,HP73,Private health insurance administration agencies,2017,0.035,
CYP,Cyprus,HP22,Mental health and substance abuse facilities,2017,0.047,
CYP,Cyprus,HP32,Dental practices,2017,0.318,
CYP,Cyprus,HP71,Government health administration agencies,2017,0.111,
CYP,Cyprus,HP6,Providers of preventive care,2017,0.035,
CYP,Cyprus,HP35,Providers of home healthcare services,2017,0.168,
CYP,Cyprus,HP31,Medical practices,2017,0.714,
CYP,Cyprus,HP7,Providers of healthcare system administration and financing,2017,0.149,
CYP,Cyprus,HP2,Residential long-term care facilities,2017,0.117,
CYP,Cyprus,HP52,Retail sellers and other suppliers of durable medical goods and medical appliances,2017,0.08,
CYP,Cyprus,HP5,Retailers and other providers of medical goods,2017,1.06,
CYP,Cyprus,HP72,Social health insurance agencies,2017,0.003,
CYP,Cyprus,HP34,Ambulatory healthcare centres,2017,0.197,
CYP,Cyprus,HP12,Mental health hospitals,2017,0.054,
CYP,Cyprus,HP11,General hospitals,2017,2.635,
CYP,Cyprus,HP1,Hospitals,2017,2.99,
CYP,Cyprus,HP42,Medical and diagnostic laboratories,2017,0.467,
CYP,Cyprus,HP4,Providers of ancillary services,2017,0.468,
CYP,Cyprus,HP33,Other healthcare practitioners,2017,0.277,
CYP,Cyprus,HP21,Long-term nursing care facilities,2017,0.07,
CYP,Cyprus,HP3,Providers of ambulatory healthcare,2017,1.673,
CYP,Cyprus,HP13,Specialised hospitals (other than mental health hospitals),2017,0.301,
CYP,Cyprus,HP51,Pharmacies,2017,0.979,
CYP,Cyprus,HP51,Pharmacies,2018,0.991,
CYP,Cyprus,HP13,Specialised hospitals (other than mental health hospitals),2018,0.314,
CYP,Cyprus,HP3,Providers of ambulatory healthcare,2018,1.695,
CYP,Cyprus,HP21,Long-term nursing care facilities,2018,0.07,
CYP,Cyprus,HP33,Other healthcare practitioners,2018,0.282,
CYP,Cyprus,HP4,Providers of ancillary services,2018,0.482,
CYP,Cyprus,HP42,Medical and diagnostic laboratories,2018,0.481,
CYP,Cyprus,HP1,Hospitals,2018,3.053,
CYP,Cyprus,HP11,General hospitals,2018,2.68,
CYP,Cyprus,HP12,Mental health hospitals,2018,0.058,
CYP,Cyprus,HP34,Ambulatory healthcare centres,2018,0.206,
CYP,Cyprus,HP72,Social health insurance agencies,2018,0.003,
CYP,Cyprus,HP5,Retailers and other providers of medical goods,2018,1.074,
CYP,Cyprus,HP52,Retail sellers and other suppliers of durable medical goods and medical appliances,2018,0.083,
CYP,Cyprus,HP2,Residential long-term care facilities,2018,0.121,
CYP,Cyprus,HP7,Providers of healthcare system administration and financing,2018,0.189,
CYP,Cyprus,HP31,Medical practices,2018,0.719,
CYP,Cyprus,HP35,Providers of home healthcare services,2018,0.166,
CYP,Cyprus,HP6,Providers of preventive care,2018,0.034,
CYP,Cyprus,HP71,Government health administration agencies,2018,0.15,
CYP,Cyprus,HP32,Dental practices,2018,0.323,
CYP,Cyprus,HP22,Mental health and substance abuse facilities,2018,0.052,
CYP,Cyprus,HP73,Private health insurance administration agencies,2018,0.036,
CYP,Cyprus,HP9,Rest of the world,2018,0.137,
CYP,Cyprus,HP9,Rest of the world,2021,0.128,
CYP,Cyprus,HP73,Private health insurance administration agencies,2021,0.018,
CYP,Cyprus,HP22,Mental health and substance abuse facilities,2021,0.05,
CYP,Cyprus,HP32,Dental practices,2021,0.342,
CYP,Cyprus,HP71,Government health administration agencies,2021,0.054,
CYP,Cyprus,HP6,Providers of preventive care,2021,0.235,
CYP,Cyprus,HP35,Providers of home healthcare services,2021,0.24,
CYP,Cyprus,HP31,Medical practices,2021,1.086,
CYP,Cyprus,HP7,Providers of healthcare system administration and financing,2021,0.131,
CYP,Cyprus,HP2,Residential long-term care facilities,2021,0.148,
CYP,Cyprus,HP52,Retail sellers and other suppliers of durable medical goods and medical appliances,2021,0.071,
CYP,Cyprus,HP5,Retailers and other providers of medical goods,2021,1.543,
CYP,Cyprus,HP72,Social health insurance agencies,2021,0.059,
CYP,Cyprus,HP34,Ambulatory healthcare centres,2021,0.111,
CYP,Cyprus,HP12,Mental health hospitals,2021,0.034,
CYP,Cyprus,HP11,General hospitals,2021,3.591,
CYP,Cyprus,HP1,Hospitals,2021,4.115,
CYP,Cyprus,HP42,Medical and diagnostic laboratories,2021,0.48,
CYP,Cyprus,HP4,Providers of ancillary services,2021,0.538,
CYP,Cyprus,HP41,Providers of patient transportation and emergency rescue,2021,0.058,
CYP,Cyprus,HP33,Other healthcare practitioners,2021,0.256,
CYP,Cyprus,HP21,Long-term nursing care facilities,2021,0.098,
CYP,Cyprus,HP3,Providers of ambulatory healthcare,2021,2.035,
CYP,Cyprus,HP13,Specialised hospitals (other than mental health hospitals),2021,0.49,
CYP,Cyprus,HP51,Pharmacies,2021,1.472,
CYP,Cyprus,HP9,Rest of the world,2015,0.114,
CYP,Cyprus,HP73,Private health insurance administration agencies,2015,0.036,
CYP,Cyprus,HP22,Mental health and substance abuse facilities,2015,0.057,
CYP,Cyprus,HP32,Dental practices,2015,0.317,
CYP,Cyprus,HP71,Government health administration agencies,2015,0.111,
CYP,Cyprus,HP6,Providers of preventive care,2015,0.038,
CYP,Cyprus,HP35,Providers of home healthcare services,2015,0.177,
CYP,Cyprus,HP31,Medical practices,2015,0.716,
CYP,Cyprus,HP7,Providers of healthcare system administration and financing,2015,0.15,
CYP,Cyprus,HP2,Residential long-term care facilities,2015,0.128,
CYP,Cyprus,HP52,Retail sellers and other suppliers of durable medical goods and medical appliances,2015,0.077,
CYP,Cyprus,HP5,Retailers and other providers of medical goods,2015,1.072,
CYP,Cyprus,HP72,Social health insurance agencies,2015,0.003,
CYP,Cyprus,HP34,Ambulatory healthcare centres,2015,0.216,
CYP,Cyprus,HP12,Mental health hospitals,2015,0.071,
CYP,Cyprus,HP11,General hospitals,2015,2.751,
CYP,Cyprus,HP1,Hospitals,2015,3.117,
CYP,Cyprus,HP42,Medical and diagnostic laboratories,2015,0.464,
CYP,Cyprus,HP4,Providers of ancillary services,2015,0.465,
CYP,Cyprus,HP33,Other healthcare practitioners,2015,0.284,
CYP,Cyprus,HP21,Long-term nursing care facilities,2015,0.071,
CYP,Cyprus,HP3,Providers of ambulatory healthcare,2015,1.709,
CYP,Cyprus,HP13,Specialised hospitals (other than mental health hospitals),2015,0.295,
CYP,Cyprus,HP51,Pharmacies,2015,0.994,
CYP,Cyprus,HP8,Rest of the economy,2020,0,
CYP,Cyprus,HP82,All other industries as secondary providers of healthcare,2020,0,
CYP,Cyprus,HP41,Providers of patient transportation and emergency rescue,2015,0.001,
CYP,Cyprus,HP41,Providers of patient transportation and emergency rescue,2016,0.001,
CYP,Cyprus,HP41,Providers of patient transportation and emergency rescue,2017,0.001,
CYP,Cyprus,HP41,Providers of patient transportation and emergency rescue,2018,0.001,
CYP,Cyprus,HP82,All other industries as secondary providers of healthcare,2021,0.001,
CYP,Cyprus,HP8,Rest of the economy,2021,0.001,
CYP,Cyprus,HP8,Rest of the economy,2022,0.001,
CYP,Cyprus,HP82,All other industries as secondary providers of healthcare,2022,0.001,
MLT,Malta,HP35,Providers of home healthcare services,2020,0.543,
MLT,Malta,HP41,Providers of patient transportation and emergency rescue,2020,0.011,
MLT,Malta,HP8,Rest of the economy,2020,0.005,
MLT,Malta,HP59,All other miscellaneous sellers and other suppliers of pharmaceuticals and medical goods,2020,0.033,
MLT,Malta,HP51,Pharmacies,2020,1.291,
MLT,Malta,HP9,Rest of the world,2020,0.024,
MLT,Malta,HP3,Providers of ambulatory healthcare,2020,1.825,
MLT,Malta,HP52,Retail sellers and other suppliers of durable medical goods and medical appliances,2020,0.134,
MLT,Malta,HP12,Mental health hospitals,2020,0.321,
MLT,Malta,HP5,Retailers and other providers of medical goods,2020,1.458,
MLT,Malta,HP6,Providers of preventive care,2020,0.083,
MLT,Malta,HP2,Residential long-term care facilities,2020,1.59,
MLT,Malta,HP29,Other residential long-term care facilities,2020,0.038,
MLT,Malta,HP33,Other healthcare practitioners,2020,0.195,
MLT,Malta,HP1,Hospitals,2020,4.432,
MLT,Malta,HP4,Providers of ancillary services,2020,0.161,
MLT,Malta,HP21,Long-term nursing care facilities,2020,1.552,
MLT,Malta,HP11,General hospitals,2020,3.799,
MLT,Malta,HP42,Medical and diagnostic laboratories,2020,0.15,
MLT,Malta,HP7,Providers of healthcare system administration and financing,2020,0.281,
MLT,Malta,HP71,Government health administration agencies,2020,0.281,
MLT,Malta,HP32,Dental practices,2020,0.212,
MLT,Malta,HP82,All other industries as secondary providers of healthcare,2020,0.005,
MLT,Malta,HP31,Medical practices,2020,0.816,
MLT,Malta,HP13,Specialised hospitals (other than mental health hospitals),2020,0.312,
MLT,Malta,HP34,Ambulatory healthcare centres,2020,0.058,
MLT,Malta,HP35,Providers of home healthcare services,2018,0.504,
MLT,Malta,HP41,Providers of patient transportation and emergency rescue,2018,0.006,
MLT,Malta,HP8,Rest of the economy,2018,0.005,
MLT,Malta,HP59,All other miscellaneous sellers and other suppliers of pharmaceuticals and medical goods,2018,0.019,
MLT,Malta,HP51,Pharmacies,2018,0.972,
MLT,Malta,HP9,Rest of the world,2018,0.029,
MLT,Malta,HP3,Providers of ambulatory healthcare,2018,1.567,
MLT,Malta,HP52,Retail sellers and other suppliers of durable medical goods and medical appliances,2018,0.119,
MLT,Malta,HP12,Mental health hospitals,2018,0.194,
MLT,Malta,HP5,Retailers and other providers of medical goods,2018,1.109,
MLT,Malta,HP6,Providers of preventive care,2018,0.081,
MLT,Malta,HP2,Residential long-term care facilities,2018,1.566,
MLT,Malta,HP29,Other residential long-term care facilities,2018,0.107,
MLT,Malta,HP33,Other healthcare practitioners,2018,0.277,
MLT,Malta,HP1,Hospitals,2018,3.323,
MLT,Malta,HP4,Providers of ancillary services,2018,0.187,
MLT,Malta,HP22,Mental health and substance abuse facilities,2018,0.001,
MLT,Malta,HP21,Long-term nursing care facilities,2018,1.457,
MLT,Malta,HP11,General hospitals,2018,2.981,
MLT,Malta,HP42,Medical and diagnostic laboratories,2018,0.181,
MLT,Malta,HP7,Providers of healthcare system administration and financing,2018,0.245,
MLT,Malta,HP71,Government health administration agencies,2018,0.245,
MLT,Malta,HP32,Dental practices,2018,0.187,
MLT,Malta,HP82,All other industries as secondary providers of healthcare,2018,0.005,
MLT,Malta,HP31,Medical practices,2018,0.584,
MLT,Malta,HP13,Specialised hospitals (other than mental health hospitals),2018,0.147,
MLT,Malta,HP34,Ambulatory healthcare centres,2018,0.014,
MLT,Malta,HP34,Ambulatory healthcare centres,2021,0.066,
MLT,Malta,HP13,Specialised hospitals (other than mental health hospitals),2021,0.326,
MLT,Malta,HP31,Medical practices,2021,0.785,
MLT,Malta,HP82,All other industries as secondary providers of healthcare,2021,0.004,
MLT,Malta,HP32,Dental practices,2021,0.313,
MLT,Malta,HP71,Government health administration agencies,2021,0.408,
MLT,Malta,HP7,Providers of healthcare system administration and financing,2021,0.408,
MLT,Malta,HP42,Medical and diagnostic laboratories,2021,0.151,
MLT,Malta,HP11,General hospitals,2021,3.533,
MLT,Malta,HP21,Long-term nursing care facilities,2021,1.532,
MLT,Malta,HP4,Providers of ancillary services,2021,0.161,
MLT,Malta,HP1,Hospitals,2021,4.148,
MLT,Malta,HP33,Other healthcare practitioners,2021,0.188,
MLT,Malta,HP29,Other residential long-term care facilities,2021,0.028,
MLT,Malta,HP2,Residential long-term care facilities,2021,1.56,
MLT,Malta,HP6,Providers of preventive care,2021,0.084,
MLT,Malta,HP5,Retailers and other providers of medical goods,2021,1.338,
MLT,Malta,HP12,Mental health hospitals,2021,0.289,
MLT,Malta,HP52,Retail sellers and other suppliers of durable medical goods and medical appliances,2021,0.138,
MLT,Malta,HP3,Providers of ambulatory healthcare,2021,1.802,
MLT,Malta,HP9,Rest of the world,2021,0.019,
MLT,Malta,HP51,Pharmacies,2021,1.16,
MLT,Malta,HP59,All other miscellaneous sellers and other suppliers of pharmaceuticals and medical goods,2021,0.04,
MLT,Malta,HP8,Rest of the economy,2021,0.004,
MLT,Malta,HP41,Providers of patient transportation and emergency rescue,2021,0.009,
MLT,Malta,HP35,Providers of home healthcare services,2021,0.451,
MLT,Malta,HP34,Ambulatory healthcare centres,2019,0.039,
MLT,Malta,HP13,Specialised hospitals (other than mental health hospitals),2019,0.242,
MLT,Malta,HP31,Medical practices,2019,0.791,
MLT,Malta,HP32,Dental practices,2019,0.364,
MLT,Malta,HP71,Government health administration agencies,2019,0.207,
MLT,Malta,HP7,Providers of healthcare system administration and financing,2019,0.207,
MLT,Malta,HP42,Medical and diagnostic laboratories,2019,0.152,
MLT,Malta,HP11,General hospitals,2019,3.103,
MLT,Malta,HP21,Long-term nursing care facilities,2019,1.593,
MLT,Malta,HP4,Providers of ancillary services,2019,0.161,
MLT,Malta,HP1,Hospitals,2019,3.553,
MLT,Malta,HP33,Other healthcare practitioners,2019,0.171,
MLT,Malta,HP29,Other residential long-term care facilities,2019,0.075,
MLT,Malta,HP2,Residential long-term care facilities,2019,1.668,
MLT,Malta,HP6,Providers of preventive care,2019,0.079,
MLT,Malta,HP5,Retailers and other providers of medical goods,2019,1.315,
MLT,Malta,HP12,Mental health hospitals,2019,0.208,
MLT,Malta,HP52,Retail sellers and other suppliers of durable medical goods and medical appliances,2019,0.112,
MLT,Malta,HP3,Providers of ambulatory healthcare,2019,1.875,
MLT,Malta,HP9,Rest of the world,2019,0.029,
MLT,Malta,HP51,Pharmacies,2019,1.178,
MLT,Malta,HP59,All other miscellaneous sellers and other suppliers of pharmaceuticals and medical goods,2019,0.025,
MLT,Malta,HP8,Rest of the economy,2019,0.005,
MLT,Malta,HP41,Providers of patient transportation and emergency rescue,2019,0.009,
MLT,Malta,HP35,Providers of home healthcare services,2019,0.511,
MLT,Malta,HP35,Providers of home healthcare services,2022,0.433,
MLT,Malta,HP41,Providers of patient transportation and emergency rescue,2022,0.014,
MLT,Malta,HP8,Rest of the economy,2022,0,
MLT,Malta,HP59,All other miscellaneous sellers and other suppliers of pharmaceuticals and medical goods,2022,0.027,
MLT,Malta,HP51,Pharmacies,2022,1.114,
MLT,Malta,HP9,Rest of the world,2022,0.031,
MLT,Malta,HP3,Providers of ambulatory healthcare,2022,1.797,
MLT,Malta,HP52,Retail sellers and other suppliers of durable medical goods and medical appliances,2022,0.132,
MLT,Malta,HP12,Mental health hospitals,2022,0.258,
MLT,Malta,HP5,Retailers and other providers of medical goods,2022,1.274,
MLT,Malta,HP6,Providers of preventive care,2022,0.082,
MLT,Malta,HP2,Residential long-term care facilities,2022,1.5,
MLT,Malta,HP29,Other residential long-term care facilities,2022,0.024,
MLT,Malta,HP33,Other healthcare practitioners,2022,0.21,
MLT,Malta,HP1,Hospitals,2022,4.008,
MLT,Malta,HP4,Providers of ancillary services,2022,0.169,
MLT,Malta,HP21,Long-term nursing care facilities,2022,1.476,
MLT,Malta,HP11,General hospitals,2022,3.468,
MLT,Malta,HP42,Medical and diagnostic laboratories,2022,0.155,
MLT,Malta,HP7,Providers of healthcare system administration and financing,2022,0.373,
MLT,Malta,HP71,Government health administration agencies,2022,0.373,
MLT,Malta,HP32,Dental practices,2022,0.336,
MLT,Malta,HP31,Medical practices,2022,0.746,
MLT,Malta,HP13,Specialised hospitals (other than mental health hospitals),2022,0.282,
MLT,Malta,HP34,Ambulatory healthcare centres,2022,0.071,
MLT,Malta,HP34,Ambulatory healthcare centres,2023,0.027,
MLT,Malta,HP13,Specialised hospitals (other than mental health hospitals),2023,0.259,
MLT,Malta,HP31,Medical practices,2023,0.508,
MLT,Malta,HP32,Dental practices,2023,0.313,
MLT,Malta,HP71,Government health administration agencies,2023,0.261,
MLT,Malta,HP7,Providers of healthcare system administration and financing,2023,0.261,
MLT,Malta,HP42,Medical and diagnostic laboratories,2023,0.128,
MLT,Malta,HP11,General hospitals,2023,3.057,
MLT,Malta,HP21,Long-term nursing care facilities,2023,1.612,
MLT,Malta,HP22,Mental health and substance abuse facilities,2023,0.032,
MLT,Malta,HP4,Providers of ancillary services,2023,0.142,
MLT,Malta,HP1,Hospitals,2023,3.606,
MLT,Malta,HP33,Other healthcare practitioners,2023,0.347,
MLT,Malta,HP29,Other residential long-term care facilities,2023,0.184,
MLT,Malta,HP2,Residential long-term care facilities,2023,1.828,
MLT,Malta,HP6,Providers of preventive care,2023,0.06,
MLT,Malta,HP5,Retailers and other providers of medical goods,2023,1.172,
MLT,Malta,HP12,Mental health hospitals,2023,0.29,
MLT,Malta,HP52,Retail sellers and other suppliers of durable medical goods and medical appliances,2023,0.126,
MLT,Malta,HP3,Providers of ambulatory healthcare,2023,1.576,
MLT,Malta,HP9,Rest of the world,2023,0.036,
MLT,Malta,HP51,Pharmacies,2023,1.022,
MLT,Malta,HP59,All other miscellaneous sellers and other suppliers of pharmaceuticals and medical goods,2023,0.025,
MLT,Malta,HP41,Providers of patient transportation and emergency rescue,2023,0.014,
MLT,Malta,HP35,Providers of home healthcare services,2023,0.38,
MLT,Malta,HP34,Ambulatory healthcare centres,2017,0.047,
MLT,Malta,HP13,Specialised hospitals (other than mental health hospitals),2017,0.198,
MLT,Malta,HP31,Medical practices,2017,0.56,
MLT,Malta,HP32,Dental practices,2017,0.193,
MLT,Malta,HP71,Government health administration agencies,2017,0.255,
MLT,Malta,HP7,Providers of healthcare system administration and financing,2017,0.255,
MLT,Malta,HP42,Medical and diagnostic laboratories,2017,0.179,
MLT,Malta,HP11,General hospitals,2017,3.07,
MLT,Malta,HP21,Long-term nursing care facilities,2017,1.371,
MLT,Malta,HP22,Mental health and substance abuse facilities,2017,0.004,
MLT,Malta,HP4,Providers of ancillary services,2017,0.184,
MLT,Malta,HP1,Hospitals,2017,3.51,
MLT,Malta,HP33,Other healthcare practitioners,2017,0.264,
MLT,Malta,HP29,Other residential long-term care facilities,2017,0.111,
MLT,Malta,HP2,Residential long-term care facilities,2017,1.487,
MLT,Malta,HP6,Providers of preventive care,2017,0.088,
MLT,Malta,HP5,Retailers and other providers of medical goods,2017,1.149,
MLT,Malta,HP12,Mental health hospitals,2017,0.242,
MLT,Malta,HP52,Retail sellers and other suppliers of durable medical goods and medical appliances,2017,0.119,
MLT,Malta,HP3,Providers of ambulatory healthcare,2017,1.598,
MLT,Malta,HP9,Rest of the world,2017,0.044,
MLT,Malta,HP51,Pharmacies,2017,0.956,
MLT,Malta,HP59,All other miscellaneous sellers and other suppliers of pharmaceuticals and medical goods,2017,0.074,
MLT,Malta,HP41,Providers of patient transportation and emergency rescue,2017,0.004,
MLT,Malta,HP35,Providers of home healthcare services,2017,0.534,
MLT,Malta,HP35,Providers of home healthcare services,2016,0.647,
MLT,Malta,HP41,Providers of patient transportation and emergency rescue,2016,0.002,
MLT,Malta,HP59,All other miscellaneous sellers and other suppliers of pharmaceuticals and medical goods,2016,0.023,
MLT,Malta,HP51,Pharmacies,2016,1.078,
MLT,Malta,HP9,Rest of the world,2016,0.028,
MLT,Malta,HP3,Providers of ambulatory healthcare,2016,1.636,
MLT,Malta,HP52,Retail sellers and other suppliers of durable medical goods and medical appliances,2016,0.137,
MLT,Malta,HP12,Mental health hospitals,2016,0.235,
MLT,Malta,HP5,Retailers and other providers of medical goods,2016,1.238,
MLT,Malta,HP6,Providers of preventive care,2016,0.092,
MLT,Malta,HP2,Residential long-term care facilities,2016,1.47,
MLT,Malta,HP29,Other residential long-term care facilities,2016,0.128,
MLT,Malta,HP33,Other healthcare practitioners,2016,0.165,
MLT,Malta,HP1,Hospitals,2016,3.637,
MLT,Malta,HP4,Providers of ancillary services,2016,0.188,
MLT,Malta,HP22,Mental health and substance abuse facilities,2016,0.004,
MLT,Malta,HP21,Long-term nursing care facilities,2016,1.337,
MLT,Malta,HP11,General hospitals,2016,3.167,
MLT,Malta,HP42,Medical and diagnostic laboratories,2016,0.186,
MLT,Malta,HP7,Providers of healthcare system administration and financing,2016,0.409,
MLT,Malta,HP71,Government health administration agencies,2016,0.409,
MLT,Malta,HP32,Dental practices,2016,0.201,
MLT,Malta,HP31,Medical practices,2016,0.578,
MLT,Malta,HP13,Specialised hospitals (other than mental health hospitals),2016,0.235,
MLT,Malta,HP34,Ambulatory healthcare centres,2016,0.046,
GBR,United Kingdom,HP9,Rest of the world,2024,0.014,
GBR,United Kingdom,HP6,Providers of preventive care,2024,0.161,
GBR,United Kingdom,HP81,Households as providers of home healthcare,2024,0.163,
GBR,United Kingdom,HP32,Dental practices,2024,0.461,
GBR,United Kingdom,HP3,Providers of ambulatory healthcare,2024,2.71,
GBR,United Kingdom,HP2,Residential long-term care facilities,2024,1.454,
GBR,United Kingdom,HP8,Rest of the economy,2024,0.377,
GBR,United Kingdom,HP52,Retail sellers and other suppliers of durable medical goods and medical appliances,2024,0.165,
GBR,United Kingdom,HP5,Retailers and other providers of medical goods,2024,0.974,
GBR,United Kingdom,_U,Unknown,2024,0.052,
GBR,United Kingdom,HP31,Medical practices,2024,0.841,
GBR,United Kingdom,HP1,Hospitals,2024,4.908,
GBR,United Kingdom,HP7,Providers of healthcare system administration and financing,2024,0.177,
GBR,United Kingdom,HP82,All other industries as secondary providers of healthcare,2024,0.214,
GBR,United Kingdom,HP59,All other miscellaneous sellers and other suppliers of pharmaceuticals and medical goods,2024,0.175,
GBR,United Kingdom,HP4,Providers of ancillary services,2024,0.253,
GBR,United Kingdom,HP51,Pharmacies,2024,0.634,
GBR,United Kingdom,HP35,Providers of home healthcare services,2024,0.585,
GBR,United Kingdom,HP9,Rest of the world,2016,0.016,
GBR,United Kingdom,HP6,Providers of preventive care,2016,0.162,
GBR,United Kingdom,HP81,Households as providers of home healthcare,2016,0.138,
GBR,United Kingdom,HP32,Dental practices,2016,0.446,
GBR,United Kingdom,HP3,Providers of ambulatory healthcare,2016,2.439,
GBR,United Kingdom,HP2,Residential long-term care facilities,2016,1.324,
GBR,United Kingdom,HP8,Rest of the economy,2016,0.471,
GBR,United Kingdom,HP5,Retailers and other providers of medical goods,2016,1.023,
GBR,United Kingdom,_U,Unknown,2016,0.012,
GBR,United Kingdom,HP31,Medical practices,2016,0.711,
GBR,United Kingdom,HP1,Hospitals,2016,4.019,
GBR,United Kingdom,HP7,Providers of healthcare system administration and financing,2016,0.179,
GBR,United Kingdom,HP82,All other industries as secondary providers of healthcare,2016,0.333,
GBR,United Kingdom,HP4,Providers of ancillary services,2016,0.193,
GBR,United Kingdom,HP35,Providers of home healthcare services,2016,0.509,
GBR,United Kingdom,HP35,Providers of home healthcare services,2017,0.496,
GBR,United Kingdom,HP4,Providers of ancillary services,2017,0.194,
GBR,United Kingdom,HP82,All other industries as secondary providers of healthcare,2017,0.332,
GBR,United Kingdom,HP7,Providers of healthcare system administration and financing,2017,0.183,
GBR,United Kingdom,HP1,Hospitals,2017,3.97,
GBR,United Kingdom,HP31,Medical practices,2017,0.709,
GBR,United Kingdom,_U,Unknown,2017,0.005,
GBR,United Kingdom,HP5,Retailers and other providers of medical goods,2017,0.994,
GBR,United Kingdom,HP8,Rest of the economy,2017,0.47,
GBR,United Kingdom,HP2,Residential long-term care facilities,2017,1.321,
GBR,United Kingdom,HP3,Providers of ambulatory healthcare,2017,2.374,
GBR,United Kingdom,HP32,Dental practices,2017,0.438,
GBR,United Kingdom,HP81,Households as providers of home healthcare,2017,0.138,
GBR,United Kingdom,HP6,Providers of preventive care,2017,0.149,
GBR,United Kingdom,HP9,Rest of the world,2017,0.016,
GBR,United Kingdom,HP9,Rest of the world,2018,0.019,
GBR,United Kingdom,HP6,Providers of preventive care,2018,0.149,
GBR,United Kingdom,HP81,Households as providers of home healthcare,2018,0.145,
GBR,United Kingdom,HP32,Dental practices,2018,0.45,
GBR,United Kingdom,HP3,Providers of ambulatory healthcare,2018,2.426,
GBR,United Kingdom,HP2,Residential long-term care facilities,2018,1.324,
GBR,United Kingdom,HP8,Rest of the economy,2018,0.468,
GBR,United Kingdom,HP5,Retailers and other providers of medical goods,2018,0.963,
GBR,United Kingdom,_U,Unknown,2018,0.001,
GBR,United Kingdom,HP31,Medical practices,2018,0.731,
GBR,United Kingdom,HP1,Hospitals,2018,3.992,
GBR,United Kingdom,HP7,Providers of healthcare system administration and financing,2018,0.186,
GBR,United Kingdom,HP82,All other industries as secondary providers of healthcare,2018,0.323,
GBR,United Kingdom,HP4,Providers of ancillary services,2018,0.198,
GBR,United Kingdom,HP35,Providers of home healthcare services,2018,0.505,
GBR,United Kingdom,HP35,Providers of home healthcare services,2019,0.511,
GBR,United Kingdom,HP4,Providers of ancillary services,2019,0.2,
GBR,United Kingdom,HP82,All other industries as secondary providers of healthcare,2019,0.285,
GBR,United Kingdom,HP7,Providers of healthcare system administration and financing,2019,0.194,
GBR,United Kingdom,HP1,Hospitals,2019,3.985,
GBR,United Kingdom,HP31,Medical practices,2019,0.75,
GBR,United Kingdom,_U,Unknown,2019,0.213,
GBR,United Kingdom,HP5,Retailers and other providers of medical goods,2019,0.982,
GBR,United Kingdom,HP8,Rest of the economy,2019,0.434,
GBR,United Kingdom,HP2,Residential long-term care facilities,2019,1.31,
GBR,United Kingdom,HP3,Providers of ambulatory healthcare,2019,2.435,
GBR,United Kingdom,HP32,Dental practices,2019,0.434,
GBR,United Kingdom,HP81,Households as providers of home healthcare,2019,0.149,
GBR,United Kingdom,HP6,Providers of preventive care,2019,0.129,
GBR,United Kingdom,HP9,Rest of the world,2019,0.019,
GBR,United Kingdom,HP9,Rest of the world,2020,0.01,
GBR,United Kingdom,HP6,Providers of preventive care,2020,0.304,
GBR,United Kingdom,HP81,Households as providers of home healthcare,2020,0.166,
GBR,United Kingdom,HP32,Dental practices,2020,0.452,
GBR,United Kingdom,HP3,Providers of ambulatory healthcare,2020,2.909,
GBR,United Kingdom,HP2,Residential long-term care facilities,2020,1.536,
GBR,United Kingdom,HP8,Rest of the economy,2020,0.483,
GBR,United Kingdom,HP5,Retailers and other providers of medical goods,2020,1.103,
GBR,United Kingdom,_U,Unknown,2020,0.157,
GBR,United Kingdom,HP31,Medical practices,2020,0.919,
GBR,United Kingdom,HP1,Hospitals,2020,5.047,
GBR,United Kingdom,HP7,Providers of healthcare system administration and financing,2020,0.248,
GBR,United Kingdom,HP82,All other industries as secondary providers of healthcare,2020,0.317,
GBR,United Kingdom,HP4,Providers of ancillary services,2020,0.246,
GBR,United Kingdom,HP35,Providers of home healthcare services,2020,0.626,
GBR,United Kingdom,HP9,Rest of the world,2022,0.012,
GBR,United Kingdom,HP6,Providers of preventive care,2022,0.357,
GBR,United Kingdom,HP81,Households as providers of home healthcare,2022,0.144,
GBR,United Kingdom,HP32,Dental practices,2022,0.438,
GBR,United Kingdom,HP3,Providers of ambulatory healthcare,2022,2.639,
GBR,United Kingdom,HP2,Residential long-term care facilities,2022,1.378,
GBR,United Kingdom,HP8,Rest of the economy,2022,0.403,
GBR,United Kingdom,HP5,Retailers and other providers of medical goods,2022,1.026,
GBR,United Kingdom,_U,Unknown,2022,0.008,
GBR,United Kingdom,HP31,Medical practices,2022,0.852,
GBR,United Kingdom,HP1,Hospitals,2022,4.676,
GBR,United Kingdom,HP7,Providers of healthcare system administration and financing,2022,0.197,
GBR,United Kingdom,HP82,All other industries as secondary providers of healthcare,2022,0.259,
GBR,United Kingdom,HP4,Providers of ancillary services,2022,0.242,
GBR,United Kingdom,HP35,Providers of home healthcare services,2022,0.557,
GBR,United Kingdom,HP35,Providers of home healthcare services,2023,0.575,
GBR,United Kingdom,HP4,Providers of ancillary services,2023,0.245,
GBR,United Kingdom,HP82,All other industries as secondary providers of healthcare,2023,0.214,
GBR,United Kingdom,HP7,Providers of healthcare system administration and financing,2023,0.175,
GBR,United Kingdom,HP1,Hospitals,2023,4.695,
GBR,United Kingdom,HP31,Medical practices,2023,0.823,
GBR,United Kingdom,_U,Unknown,2023,0.099,
GBR,United Kingdom,HP5,Retailers and other providers of medical goods,2023,0.984,
GBR,United Kingdom,HP8,Rest of the economy,2023,0.366,
GBR,United Kingdom,HP2,Residential long-term care facilities,2023,1.401,
GBR,United Kingdom,HP3,Providers of ambulatory healthcare,2023,2.631,
GBR,United Kingdom,HP32,Dental practices,2023,0.442,
GBR,United Kingdom,HP81,Households as providers of home healthcare,2023,0.152,
GBR,United Kingdom,HP6,Providers of preventive care,2023,0.182,
GBR,United Kingdom,HP9,Rest of the world,2023,0.014,
GBR,United Kingdom,HP35,Providers of home healthcare services,2021,0.587,
GBR,United Kingdom,HP4,Providers of ancillary services,2021,0.242,
GBR,United Kingdom,HP82,All other industries as secondary providers of healthcare,2021,0.292,
GBR,United Kingdom,HP7,Providers of healthcare system administration and financing,2021,0.211,
GBR,United Kingdom,HP1,Hospitals,2021,4.844,
GBR,United Kingdom,HP31,Medical practices,2021,1.014,
GBR,United Kingdom,_U,Unknown,2021,0,
GBR,United Kingdom,HP5,Retailers and other providers of medical goods,2021,1.107,
GBR,United Kingdom,HP8,Rest of the economy,2021,0.441,
GBR,United Kingdom,HP2,Residential long-term care facilities,2021,1.454,
GBR,United Kingdom,HP3,Providers of ambulatory healthcare,2021,2.915,
GBR,United Kingdom,HP32,Dental practices,2021,0.456,
GBR,United Kingdom,HP81,Households as providers of home healthcare,2021,0.15,
GBR,United Kingdom,HP6,Providers of preventive care,2021,0.747,
GBR,United Kingdom,HP9,Rest of the world,2021,0.007,
GBR,United Kingdom,HP4,Providers of ancillary services,2015,0.187,
GBR,United Kingdom,HP82,All other industries as secondary providers of healthcare,2015,0.299,
GBR,United Kingdom,HP7,Providers of healthcare system administration and financing,2015,0.199,
GBR,United Kingdom,HP1,Hospitals,2015,4.041,
GBR,United Kingdom,HP31,Medical practices,2015,0.7,
GBR,United Kingdom,_U,Unknown,2015,0.001,
GBR,United Kingdom,HP5,Retailers and other providers of medical goods,2015,1.087,
GBR,United Kingdom,HP8,Rest of the economy,2015,0.434,
GBR,United Kingdom,HP3,Providers of ambulatory healthcare,2015,2.439,
GBR,United Kingdom,HP32,Dental practices,2015,0.452,
GBR,United Kingdom,HP81,Households as providers of home healthcare,2015,0.135,
GBR,United Kingdom,HP6,Providers of preventive care,2015,0.169,
GBR,United Kingdom,HP9,Rest of the world,2015,0.017,
TUR,Türkiye,HP5,Retailers and other providers of medical goods,2015,1.1,
TUR,Türkiye,HP5,Retailers and other providers of medical goods,2016,1.115,
TUR,Türkiye,HP5,Retailers and other providers of medical goods,2017,1.076,
TUR,Türkiye,HP5,Retailers and other providers of medical goods,2018,1.088,
TUR,Türkiye,HP5,Retailers and other providers of medical goods,2019,1.179,
TUR,Türkiye,HP5,Retailers and other providers of medical goods,2020,1.226,
TUR,Türkiye,HP5,Retailers and other providers of medical goods,2021,1.084,
TUR,Türkiye,HP5,Retailers and other providers of medical goods,2022,0.858,
TUR,Türkiye,HP5,Retailers and other providers of medical goods,2023,0.948,
TUR,Türkiye,HP5,Retailers and other providers of medical goods,2024,1.038,
TUR,Türkiye,HP1,Hospitals,2015,2.17,
TUR,Türkiye,HP1,Hospitals,2016,2.287,
TUR,Türkiye,HP1,Hospitals,2017,2.21,
TUR,Türkiye,HP1,Hospitals,2018,2.12,
TUR,Türkiye,HP1,Hospitals,2019,2.214,
TUR,Türkiye,HP1,Hospitals,2020,2.4,
TUR,Türkiye,HP1,Hospitals,2021,2.357,
TUR,Türkiye,HP1,Hospitals,2022,1.99,
TUR,Türkiye,HP1,Hospitals,2023,2.41,
TUR,Türkiye,HP1,Hospitals,2024,2.89,
TUR,Türkiye,HP3,Providers of ambulatory healthcare,2015,0.524,
TUR,Türkiye,HP3,Providers of ambulatory healthcare,2016,0.542,
TUR,Türkiye,HP3,Providers of ambulatory healthcare,2017,0.545,
TUR,Türkiye,HP3,Providers of ambulatory healthcare,2018,0.528,
TUR,Türkiye,HP3,Providers of ambulatory healthcare,2019,0.545,
TUR,Türkiye,HP3,Providers of ambulatory healthcare,2020,0.499,
TUR,Türkiye,HP3,Providers of ambulatory healthcare,2021,0.45,
TUR,Türkiye,HP3,Providers of ambulatory healthcare,2022,0.42,
TUR,Türkiye,HP3,Providers of ambulatory healthcare,2023,0.491,
TUR,Türkiye,HP3,Providers of ambulatory healthcare,2024,0.584,
TUR,Türkiye,HP8,Rest of the economy,2015,0.114,
TUR,Türkiye,HP8,Rest of the economy,2016,0.113,
TUR,Türkiye,HP8,Rest of the economy,2017,0.116,
TUR,Türkiye,HP8,Rest of the economy,2018,0.118,
TUR,Türkiye,HP8,Rest of the economy,2019,0.115,
TUR,Türkiye,HP8,Rest of the economy,2020,0.131,
TUR,Türkiye,HP8,Rest of the economy,2021,0.104,
TUR,Türkiye,HP8,Rest of the economy,2022,0.099,
TUR,Türkiye,HP8,Rest of the economy,2023,0.108,
TUR,Türkiye,HP8,Rest of the economy,2024,0.121,
TUR,Türkiye,HP7,Providers of healthcare system administration and financing,2015,0.018,
TUR,Türkiye,HP7,Providers of healthcare system administration and financing,2016,0.019,
TUR,Türkiye,HP7,Providers of healthcare system administration and financing,2017,0.019,
TUR,Türkiye,HP7,Providers of healthcare system administration and financing,2018,0.024,
TUR,Türkiye,HP7,Providers of healthcare system administration and financing,2019,0.022,
TUR,Türkiye,HP7,Providers of healthcare system administration and financing,2020,0.023,
TUR,Türkiye,HP7,Providers of healthcare system administration and financing,2021,0.019,
TUR,Türkiye,HP7,Providers of healthcare system administration and financing,2022,0.015,
TUR,Türkiye,HP7,Providers of healthcare system administration and financing,2023,0.016,
TUR,Türkiye,HP7,Providers of healthcare system administration and financing,2024,0.024,
TUR,Türkiye,HP6,Providers of preventive care,2015,0.186,
TUR,Türkiye,HP6,Providers of preventive care,2016,0.204,
TUR,Türkiye,HP6,Providers of preventive care,2017,0.191,
TUR,Türkiye,HP6,Providers of preventive care,2018,0.192,
TUR,Türkiye,HP6,Providers of preventive care,2019,0.202,
TUR,Türkiye,HP6,Providers of preventive care,2021,0.437,
TUR,Türkiye,HP6,Providers of preventive care,2022,0.244,
TUR,Türkiye,HP6,Providers of preventive care,2023,0.217,
TUR,Türkiye,HP6,Providers of preventive care,2024,0.248,
TUR,Türkiye,HP2,Residential long-term care facilities,2015,0,
TUR,Türkiye,HP2,Residential long-term care facilities,2016,0,
TUR,Türkiye,HP2,Residential long-term care facilities,2017,0,
TUR,Türkiye,HP2,Residential long-term care facilities,2018,0,
TUR,Türkiye,HP2,Residential long-term care facilities,2019,0,
TUR,Türkiye,HP2,Residential long-term care facilities,2020,0,
TUR,Türkiye,HP2,Residential long-term care facilities,2021,0,
TUR,Türkiye,HP2,Residential long-term care facilities,2022,0,
TUR,Türkiye,HP2,Residential long-term care facilities,2023,0,
TUR,Türkiye,HP2,Residential long-term care facilities,2024,0,
PER,Peru,HP5,Retailers and other providers of medical goods,2020,0.47,
PER,Peru,HP52,Retail sellers and other suppliers of durable medical goods and medical appliances,2020,0.217,
PER,Peru,HP51,Pharmacies,2020,0.253,
PER,Peru,HP8,Rest of the economy,2020,0.009,
PER,Peru,HP42,Medical and diagnostic laboratories,2020,0.043,
PER,Peru,HP72,Social health insurance agencies,2020,0.065,
PER,Peru,HP49,Other providers of ancillary services,2020,0.001,
PER,Peru,HP71,Government health administration agencies,2020,1.016,
PER,Peru,HP82,All other industries as secondary providers of healthcare,2020,0.009,
PER,Peru,HP7,Providers of healthcare system administration and financing,2020,1.081,
PER,Peru,HP1,Hospitals,2020,2.277,
PER,Peru,HP3,Providers of ambulatory healthcare,2020,1.208,
PER,Peru,HP4,Providers of ancillary services,2020,0.044,
PER,Peru,_U,Unknown,2020,1.152,
PER,Peru,_U,Unknown,2021,1.179,
PER,Peru,HP4,Providers of ancillary services,2021,0.044,
PER,Peru,HP3,Providers of ambulatory healthcare,2021,1.254,
PER,Peru,HP1,Hospitals,2021,2.177,
PER,Peru,HP7,Providers of healthcare system administration and financing,2021,1.443,
PER,Peru,HP82,All other industries as secondary providers of healthcare,2021,0.021,
PER,Peru,HP71,Government health administration agencies,2021,1.371,
PER,Peru,HP49,Other providers of ancillary services,2021,0.002,
PER,Peru,HP72,Social health insurance agencies,2021,0.072,
PER,Peru,HP42,Medical and diagnostic laboratories,2021,0.042,
PER,Peru,HP8,Rest of the economy,2021,0.021,
PER,Peru,HP51,Pharmacies,2021,0.223,
PER,Peru,HP52,Retail sellers and other suppliers of durable medical goods and medical appliances,2021,0.224,
PER,Peru,HP5,Retailers and other providers of medical goods,2021,0.447,
PER,Peru,HP5,Retailers and other providers of medical goods,2022,0.467,
PER,Peru,HP52,Retail sellers and other suppliers of durable medical goods and medical appliances,2022,0.214,
PER,Peru,HP51,Pharmacies,2022,0.253,
PER,Peru,HP8,Rest of the economy,2022,0.015,
PER,Peru,HP42,Medical and diagnostic laboratories,2022,0.032,
PER,Peru,HP72,Social health insurance agencies,2022,0.055,
PER,Peru,HP49,Other providers of ancillary services,2022,0.004,
PER,Peru,HP71,Government health administration agencies,2022,1.062,
PER,Peru,HP82,All other industries as secondary providers of healthcare,2022,0.015,
PER,Peru,HP7,Providers of healthcare system administration and financing,2022,1.117,
PER,Peru,HP1,Hospitals,2022,1.979,
PER,Peru,HP3,Providers of ambulatory healthcare,2022,1.304,
PER,Peru,HP4,Providers of ancillary services,2022,0.037,
PER,Peru,_U,Unknown,2022,1.081,
MNE,Montenegro,HP13,Specialised hospitals (other than mental health hospitals),2022,2.566,
MNE,Montenegro,HP81,Households as providers of home healthcare,2022,0.559,
MNE,Montenegro,HP32,Dental practices,2022,0.527,
MNE,Montenegro,HP3,Providers of ambulatory healthcare,2022,2.406,
MNE,Montenegro,HP12,Mental health hospitals,2022,0.08,
MNE,Montenegro,HP34,Ambulatory healthcare centres,2022,1.352,
MNE,Montenegro,HP73,Private health insurance administration agencies,2022,0.057,
MNE,Montenegro,HP52,Retail sellers and other suppliers of durable medical goods and medical appliances,2022,0.153,
MNE,Montenegro,HP51,Pharmacies,2022,2.242,
MNE,Montenegro,HP21,Long-term nursing care facilities,2022,0.039,
MNE,Montenegro,HP29,Other residential long-term care facilities,2022,0.162,
MNE,Montenegro,HP72,Social health insurance agencies,2022,0.047,
MNE,Montenegro,HP1,Hospitals,2022,3.695,
MNE,Montenegro,HP4,Providers of ancillary services,2022,0.319,
MNE,Montenegro,HP5,Retailers and other providers of medical goods,2022,2.395,
MNE,Montenegro,HP8,Rest of the economy,2022,0.667,
MNE,Montenegro,HP82,All other industries as secondary providers of healthcare,2022,0.108,
MNE,Montenegro,HP31,Medical practices,2022,0.527,
MNE,Montenegro,HP7,Providers of healthcare system administration and financing,2022,0.154,
MNE,Montenegro,HP42,Medical and diagnostic laboratories,2022,0.167,
MNE,Montenegro,HP2,Residential long-term care facilities,2022,0.202,
MNE,Montenegro,HP22,Mental health and substance abuse facilities,2022,0.001,
MNE,Montenegro,HP71,Government health administration agencies,2022,0.05,
MNE,Montenegro,HP41,Providers of patient transportation and emergency rescue,2022,0.153,
MNE,Montenegro,HP11,General hospitals,2022,1.049,
MNE,Montenegro,HP6,Providers of preventive care,2022,0.198,
MNE,Montenegro,HP9,Rest of the world,2022,0.119,
MDA,Moldova,HP3,Providers of ambulatory healthcare,2022,1.465,
MDA,Moldova,HP49,Other providers of ancillary services,2022,0.093,
MDA,Moldova,HP32,Dental practices,2022,0.222,
MDA,Moldova,HP13,Specialised hospitals (other than mental health hospitals),2022,0.856,
MDA,Moldova,HP21,Long-term nursing care facilities,2022,0.012,
MDA,Moldova,HP4,Providers of ancillary services,2022,0.682,
MDA,Moldova,HP1,Hospitals,2022,2.913,
MDA,Moldova,HP7,Providers of healthcare system administration and financing,2022,0.033,
MDA,Moldova,HP34,Ambulatory healthcare centres,2022,1.242,
MDA,Moldova,HP6,Providers of preventive care,2022,0.089,
MDA,Moldova,HP11,General hospitals,2022,1.935,
MDA,Moldova,HP2,Residential long-term care facilities,2022,0.012,
MDA,Moldova,HP41,Providers of patient transportation and emergency rescue,2022,0.387,
MDA,Moldova,HP12,Mental health hospitals,2022,0.121,
MDA,Moldova,HP51,Pharmacies,2022,1.462,
MDA,Moldova,HP72,Social health insurance agencies,2022,0.033,
MDA,Moldova,HP5,Retailers and other providers of medical goods,2022,1.771,
MDA,Moldova,HP22,Mental health and substance abuse facilities,2022,0,
MDA,Moldova,HP35,Providers of home healthcare services,2022,0.001,
MDA,Moldova,HP52,Retail sellers and other suppliers of durable medical goods and medical appliances,2022,0.283,
MDA,Moldova,HP42,Medical and diagnostic laboratories,2022,0.202,
MDA,Moldova,HP59,All other miscellaneous sellers and other suppliers of pharmaceuticals and medical goods,2022,0.025,
LIE,Liechtenstein,HP9,Rest of the world,2024,1.999,
LIE,Liechtenstein,HP22,Mental health and substance abuse facilities,2024,0.013,
LIE,Liechtenstein,HP81,Households as providers of home healthcare,2024,0.197,
LIE,Liechtenstein,HP33,Other healthcare practitioners,2024,0.25,
LIE,Liechtenstein,HP52,Retail sellers and other suppliers of durable medical goods and medical appliances,2024,0.005,
LIE,Liechtenstein,HP8,Rest of the economy,2024,0.197,
LIE,Liechtenstein,HP4,Providers of ancillary services,2024,0.159,
LIE,Liechtenstein,HP21,Long-term nursing care facilities,2024,0.575,
LIE,Liechtenstein,HP5,Retailers and other providers of medical goods,2024,0.215,
LIE,Liechtenstein,HP35,Providers of home healthcare services,2024,0.089,
LIE,Liechtenstein,HP2,Residential long-term care facilities,2024,0.588,
LIE,Liechtenstein,HP31,Medical practices,2024,0.839,
LIE,Liechtenstein,HP1,Hospitals,2024,0.45,
LIE,Liechtenstein,HP7,Providers of healthcare system administration and financing,2024,0.31,
LIE,Liechtenstein,HP32,Dental practices,2024,0.217,
LIE,Liechtenstein,HP51,Pharmacies,2024,0.209,
LIE,Liechtenstein,HP73,Private health insurance administration agencies,2024,0.135,
LIE,Liechtenstein,HP72,Social health insurance agencies,2024,0.139,
LIE,Liechtenstein,HP79,Other administration agencies,2024,0.001,
LIE,Liechtenstein,HP11,General hospitals,2024,0.402,
LIE,Liechtenstein,HP41,Providers of patient transportation and emergency rescue,2024,0.024,
LIE,Liechtenstein,HP59,All other miscellaneous sellers and other suppliers of pharmaceuticals and medical goods,2024,0.001,
LIE,Liechtenstein,HP42,Medical and diagnostic laboratories,2024,0.135,
LIE,Liechtenstein,HP3,Providers of ambulatory healthcare,2024,1.394,
LIE,Liechtenstein,HP71,Government health administration agencies,2024,0.035,
LIE,Liechtenstein,HP6,Providers of preventive care,2024,0.018,
LIE,Liechtenstein,HP12,Mental health hospitals,2024,0.048,
IDN,Indonesia,HP2,Residential long-term care facilities,2024,0,
IDN,Indonesia,HP4,Providers of ancillary services,2024,0.006,
IDN,Indonesia,HP5,Retailers and other providers of medical goods,2024,0.183,
IDN,Indonesia,HP6,Providers of preventive care,2024,0.159,
IDN,Indonesia,HP7,Providers of healthcare system administration and financing,2024,0.14,
IDN,Indonesia,HP1,Hospitals,2024,1.456,
IDN,Indonesia,HP3,Providers of ambulatory healthcare,2024,0.734,
PER,Peru,_U,Unknown,2024,0.941,
PER,Peru,HP1,Hospitals,2024,2.255,
PER,Peru,HP3,Providers of ambulatory healthcare,2024,0.682,
PER,Peru,HP5,Retailers and other providers of medical goods,2024,0.364,
PER,Peru,HP52,Retail sellers and other suppliers of durable medical goods and medical appliances,2024,0.154,
PER,Peru,HP51,Pharmacies,2024,0.209,
PER,Peru,HP8,Rest of the economy,2024,0.041,
PER,Peru,HP6,Providers of preventive care,2024,0.012,
PER,Peru,HP7,Providers of healthcare system administration and financing,2024,1.046,
PER,Peru,HP4,Providers of ancillary services,2024,0.034,
MDA,Moldova,HP3,Providers of ambulatory healthcare,2024,1.957,
MDA,Moldova,HP32,Dental practices,2024,0.127,
MDA,Moldova,HP13,Specialised hospitals (other than mental health hospitals),2024,0.648,
MDA,Moldova,HP21,Long-term nursing care facilities,2024,0.018,
MDA,Moldova,HP4,Providers of ancillary services,2024,0.503,
MDA,Moldova,HP1,Hospitals,2024,3.123,
MDA,Moldova,HP7,Providers of healthcare system administration and financing,2024,0.048,
MDA,Moldova,HP34,Ambulatory healthcare centres,2024,1.83,
MDA,Moldova,HP71,Government health administration agencies,2024,0.011,
MDA,Moldova,HP6,Providers of preventive care,2024,0.092,
MDA,Moldova,HP11,General hospitals,2024,2.382,
MDA,Moldova,HP2,Residential long-term care facilities,2024,0.018,
MDA,Moldova,HP41,Providers of patient transportation and emergency rescue,2024,0.413,
MDA,Moldova,HP12,Mental health hospitals,2024,0.093,
MDA,Moldova,HP51,Pharmacies,2024,1.392,
MDA,Moldova,HP72,Social health insurance agencies,2024,0.037,
MDA,Moldova,HP5,Retailers and other providers of medical goods,2024,1.526,
MDA,Moldova,HP52,Retail sellers and other suppliers of durable medical goods and medical appliances,2024,0.118,
MDA,Moldova,HP42,Medical and diagnostic laboratories,2024,0.09,
MDA,Moldova,HP59,All other miscellaneous sellers and other suppliers of pharmaceuticals and medical goods,2024,0.016,
MNE,Montenegro,HP13,Specialised hospitals (other than mental health hospitals),2024,0.276,
MNE,Montenegro,HP81,Households as providers of home healthcare,2024,0.746,
MNE,Montenegro,HP32,Dental practices,2024,0.478,
MNE,Montenegro,HP3,Providers of ambulatory healthcare,2024,2.087,
MNE,Montenegro,HP12,Mental health hospitals,2024,0.001,
MNE,Montenegro,HP34,Ambulatory healthcare centres,2024,1.36,
MNE,Montenegro,HP73,Private health insurance administration agencies,2024,0.049,
MNE,Montenegro,HP52,Retail sellers and other suppliers of durable medical goods and medical appliances,2024,0.145,
MNE,Montenegro,HP51,Pharmacies,2024,3.477,
MNE,Montenegro,HP21,Long-term nursing care facilities,2024,0.113,
MNE,Montenegro,HP29,Other residential long-term care facilities,2024,0.033,
MNE,Montenegro,HP72,Social health insurance agencies,2024,0.229,
MNE,Montenegro,HP1,Hospitals,2024,2.105,
MNE,Montenegro,HP4,Providers of ancillary services,2024,0.655,
MNE,Montenegro,HP5,Retailers and other providers of medical goods,2024,3.621,
MNE,Montenegro,HP8,Rest of the economy,2024,0.865,
MNE,Montenegro,HP82,All other industries as secondary providers of healthcare,2024,0.119,
MNE,Montenegro,HP31,Medical practices,2024,0.249,
MNE,Montenegro,HP7,Providers of healthcare system administration and financing,2024,0.342,
MNE,Montenegro,HP42,Medical and diagnostic laboratories,2024,0.502,
MNE,Montenegro,HP2,Residential long-term care facilities,2024,0.147,
MNE,Montenegro,HP22,Mental health and substance abuse facilities,2024,0.001,
MNE,Montenegro,HP71,Government health administration agencies,2024,0.064,
MNE,Montenegro,HP49,Other providers of ancillary services,2024,0.005,
MNE,Montenegro,HP41,Providers of patient transportation and emergency rescue,2024,0.148,
MNE,Montenegro,HP11,General hospitals,2024,1.828,
MNE,Montenegro,HP6,Providers of preventive care,2024,0.173,
MNE,Montenegro,HP9,Rest of the world,2024,0.251,
MNE,Montenegro,HP9,Rest of the world,2023,0.197,
MNE,Montenegro,HP6,Providers of preventive care,2023,0.148,
MNE,Montenegro,HP11,General hospitals,2023,0.985,
MNE,Montenegro,HP41,Providers of patient transportation and emergency rescue,2023,0.179,
MNE,Montenegro,HP71,Government health administration agencies,2023,0.034,
MNE,Montenegro,HP22,Mental health and substance abuse facilities,2023,0.001,
MNE,Montenegro,HP2,Residential long-term care facilities,2023,0.236,
MNE,Montenegro,HP42,Medical and diagnostic laboratories,2023,0.167,
MNE,Montenegro,HP7,Providers of healthcare system administration and financing,2023,0.145,
MNE,Montenegro,HP31,Medical practices,2023,0.566,
MNE,Montenegro,HP82,All other industries as secondary providers of healthcare,2023,0.107,
MNE,Montenegro,HP8,Rest of the economy,2023,0.761,
MNE,Montenegro,HP5,Retailers and other providers of medical goods,2023,2.427,
MNE,Montenegro,HP4,Providers of ancillary services,2023,0.346,
MNE,Montenegro,HP1,Hospitals,2023,3.206,
MNE,Montenegro,HP72,Social health insurance agencies,2023,0.053,
MNE,Montenegro,HP29,Other residential long-term care facilities,2023,0.168,
MNE,Montenegro,HP21,Long-term nursing care facilities,2023,0.067,
MNE,Montenegro,HP51,Pharmacies,2023,2.28,
MNE,Montenegro,HP52,Retail sellers and other suppliers of durable medical goods and medical appliances,2023,0.147,
MNE,Montenegro,HP73,Private health insurance administration agencies,2023,0.059,
MNE,Montenegro,HP34,Ambulatory healthcare centres,2023,0.983,
MNE,Montenegro,HP12,Mental health hospitals,2023,0.064,
MNE,Montenegro,HP3,Providers of ambulatory healthcare,2023,2.045,
MNE,Montenegro,HP32,Dental practices,2023,0.496,
MNE,Montenegro,HP81,Households as providers of home healthcare,2023,0.653,
MNE,Montenegro,HP13,Specialised hospitals (other than mental health hospitals),2023,2.158,
MDA,Moldova,HP59,All other miscellaneous sellers and other suppliers of pharmaceuticals and medical goods,2023,0.02,
MDA,Moldova,HP52,Retail sellers and other suppliers of durable medical goods and medical appliances,2023,0.077,
MDA,Moldova,HP35,Providers of home healthcare services,2023,0.001,
MDA,Moldova,HP22,Mental health and substance abuse facilities,2023,0,
MDA,Moldova,HP5,Retailers and other providers of medical goods,2023,1.475,
MDA,Moldova,HP72,Social health insurance agencies,2023,0.036,
MDA,Moldova,HP51,Pharmacies,2023,1.378,
MDA,Moldova,HP12,Mental health hospitals,2023,0.129,
MDA,Moldova,HP41,Providers of patient transportation and emergency rescue,2023,0.383,
MDA,Moldova,HP2,Residential long-term care facilities,2023,0.04,
MDA,Moldova,HP11,General hospitals,2023,1.978,
MDA,Moldova,HP6,Providers of preventive care,2023,0.13,
MDA,Moldova,HP34,Ambulatory healthcare centres,2023,1.274,
MDA,Moldova,HP7,Providers of healthcare system administration and financing,2023,0.036,
MDA,Moldova,HP1,Hospitals,2023,2.953,
MDA,Moldova,HP4,Providers of ancillary services,2023,0.63,
MDA,Moldova,HP21,Long-term nursing care facilities,2023,0.04,
MDA,Moldova,HP13,Specialised hospitals (other than mental health hospitals),2023,0.847,
MDA,Moldova,HP32,Dental practices,2023,0.196,
MDA,Moldova,HP3,Providers of ambulatory healthcare,2023,1.471,
PER,Peru,_U,Unknown,2023,0.983,
PER,Peru,HP4,Providers of ancillary services,2023,0.04,
PER,Peru,HP3,Providers of ambulatory healthcare,2023,0.727,
PER,Peru,HP1,Hospitals,2023,2.39,
PER,Peru,HP7,Providers of healthcare system administration and financing,2023,0.931,
PER,Peru,HP6,Providers of preventive care,2023,0.012,
PER,Peru,HP49,Other providers of ancillary services,2023,0.004,
PER,Peru,HP42,Medical and diagnostic laboratories,2023,0.035,
PER,Peru,HP8,Rest of the economy,2023,0.03,
PER,Peru,HP51,Pharmacies,2023,0.237,
PER,Peru,HP52,Retail sellers and other suppliers of durable medical goods and medical appliances,2023,0.188,
PER,Peru,HP5,Retailers and other providers of medical goods,2023,0.425,
IDN,Indonesia,HP1,Hospitals,2023,1.458,
IDN,Indonesia,HP6,Providers of preventive care,2023,0.167,
IDN,Indonesia,HP2,Residential long-term care facilities,2023,0,
IDN,Indonesia,HP7,Providers of healthcare system administration and financing,2023,0.25,
IDN,Indonesia,HP5,Retailers and other providers of medical goods,2023,0.171,
IDN,Indonesia,HP3,Providers of ambulatory healthcare,2023,0.652,
IDN,Indonesia,HP4,Providers of ancillary services,2023,0.003,
GEO,Georgia,HP11,General hospitals,2023,1.774,
GEO,Georgia,HP3,Providers of ambulatory healthcare,2023,1.209,
GEO,Georgia,HP29,Other residential long-term care facilities,2023,0.027,
GEO,Georgia,HP34,Ambulatory healthcare centres,2023,0.678,
GEO,Georgia,HP52,Retail sellers and other suppliers of durable medical goods and medical appliances,2023,0.033,
GEO,Georgia,HP51,Pharmacies,2023,2.629,
GEO,Georgia,HP9,Rest of the world,2023,0.014,
GEO,Georgia,HP32,Dental practices,2023,0.455,
GEO,Georgia,HP21,Long-term nursing care facilities,2023,0.003,
GEO,Georgia,HP1,Hospitals,2023,2.339,
GEO,Georgia,HP13,Specialised hospitals (other than mental health hospitals),2023,0.535,
GEO,Georgia,HP82,All other industries as secondary providers of healthcare,2023,0.019,
GEO,Georgia,HP42,Medical and diagnostic laboratories,2023,0.155,
GEO,Georgia,HP12,Mental health hospitals,2023,0.029,
GEO,Georgia,HP8,Rest of the economy,2023,0.019,
GEO,Georgia,HP31,Medical practices,2023,0.066,
GEO,Georgia,HP6,Providers of preventive care,2023,0.019,
GEO,Georgia,HP35,Providers of home healthcare services,2023,0.009,
GEO,Georgia,HP2,Residential long-term care facilities,2023,0.038,
GEO,Georgia,HP5,Retailers and other providers of medical goods,2023,2.661,
GEO,Georgia,HP7,Providers of healthcare system administration and financing,2023,0.223,
GEO,Georgia,HP73,Private health insurance administration agencies,2023,0.111,
GEO,Georgia,HP4,Providers of ancillary services,2023,0.335,
GEO,Georgia,HP22,Mental health and substance abuse facilities,2023,0.008,
GEO,Georgia,HP41,Providers of patient transportation and emergency rescue,2023,0.18,
GEO,Georgia,HP71,Government health administration agencies,2023,0.092,
GEO,Georgia,HP79,Other administration agencies,2023,0.02,
USA,United States,HP21,Long-term nursing care facilities,2015,0.857,
USA,United States,HP73,Private health insurance administration agencies,2015,0.651,
USA,United States,HP33,Other healthcare practitioners,2015,0.477,
USA,United States,HP59,All other miscellaneous sellers and other suppliers of pharmaceuticals and medical goods,2015,0.384,
USA,United States,HP1,Hospitals,2015,5.406,
USA,United States,HP7,Providers of healthcare system administration and financing,2015,1.339,
USA,United States,_U,Unknown,2015,0.883,
USA,United States,HP51,Pharmacies,2015,1.708,
USA,United States,HP8,Rest of the economy,2015,0.06,
USA,United States,HP35,Providers of home healthcare services,2015,0.49,
USA,United States,HP52,Retail sellers and other suppliers of durable medical goods and medical appliances,2015,0.267,
USA,United States,HP3,Providers of ambulatory healthcare,2015,5.089,
USA,United States,HP34,Ambulatory healthcare centres,2015,0.864,
USA,United States,HP32,Dental practices,2015,0.655,
USA,United States,HP6,Providers of preventive care,2015,0.472,
USA,United States,HP72,Social health insurance agencies,2015,0.324,
USA,United States,HP82,All other industries as secondary providers of healthcare,2015,0.06,
USA,United States,HP71,Government health administration agencies,2015,0.364,
USA,United States,HP5,Retailers and other providers of medical goods,2015,2.359,
USA,United States,HP31,Medical practices,2015,2.602,
USA,United States,HP2,Residential long-term care facilities,2015,0.857,
USA,United States,HP2,Residential long-term care facilities,2016,0.861,
USA,United States,HP31,Medical practices,2016,2.666,
USA,United States,HP5,Retailers and other providers of medical goods,2016,2.326,
USA,United States,HP71,Government health administration agencies,2016,0.37,
USA,United States,HP82,All other industries as secondary providers of healthcare,2016,0.062,
USA,United States,HP72,Social health insurance agencies,2016,0.345,
USA,United States,HP6,Providers of preventive care,2016,0.484,
USA,United States,HP32,Dental practices,2016,0.67,
USA,United States,HP34,Ambulatory healthcare centres,2016,0.914,
USA,United States,HP3,Providers of ambulatory healthcare,2016,5.241,
USA,United States,HP52,Retail sellers and other suppliers of durable medical goods and medical appliances,2016,0.268,
IND,India,_T,Total,2015,3.596,
IND,India,_T,Total,2016,3.504,
IND,India,_T,Total,2017,2.936,
IND,India,_T,Total,2018,2.858,
IND,India,_T,Total,2019,2.953,
IND,India,_T,Total,2020,3.341,
IND,India,_T,Total,2021,3.347,
IND,India,_T,Total,2022,3.396,
IND,India,_T,Total,2023,3.339,
MDA,Moldova,_T,Total,2015,8.5,
MDA,Moldova,_T,Total,2016,7.621,
MDA,Moldova,_T,Total,2017,7.128,
MDA,Moldova,_T,Total,2018,6.708,
MDA,Moldova,_T,Total,2019,6.497,
MDA,Moldova,_T,Total,2020,7.005,
MDA,Moldova,_T,Total,2021,7.749,
MDA,Moldova,_T,Total,2022,6.965,
MDA,Moldova,_T,Total,2023,6.736,
MDA,Moldova,_T,Total,2024,7.266,
MKD,North Macedonia,_T,Total,2015,6.342,
MKD,North Macedonia,_T,Total,2016,6.379,
MKD,North Macedonia,_T,Total,2017,6.439,
MKD,North Macedonia,_T,Total,2018,6.457,
MKD,North Macedonia,_T,Total,2019,7.067,
MKD,North Macedonia,_T,Total,2020,7.732,
MKD,North Macedonia,_T,Total,2021,8.419,
MKD,North Macedonia,_T,Total,2022,7.422,
MKD,North Macedonia,_T,Total,2023,7.384,
PER,Peru,_T,Total,2015,4.865,
PER,Peru,_T,Total,2016,4.83,
PER,Peru,_T,Total,2017,4.745,
PER,Peru,_T,Total,2018,5.034,
PER,Peru,_T,Total,2019,5.051,
PER,Peru,_T,Total,2020,6.241,
PER,Peru,_T,Total,2021,6.567,
PER,Peru,_T,Total,2022,6.001,
PER,Peru,_T,Total,2023,5.538,
PER,Peru,_T,Total,2024,5.375,
GEO,Georgia,_T,Total,2015,8.66,
GEO,Georgia,_T,Total,2016,9.073,
GEO,Georgia,_T,Total,2017,8.701,
GEO,Georgia,_T,Total,2018,7.755,
GEO,Georgia,_T,Total,2019,7.313,
GEO,Georgia,_T,Total,2020,9.23,
GEO,Georgia,_T,Total,2021,10.538,
GEO,Georgia,_T,Total,2022,8.296,
GEO,Georgia,_T,Total,2023,6.858,
TUR,Türkiye,_T,Total,2015,4.111,
TUR,Türkiye,_T,Total,2016,4.279,
TUR,Türkiye,_T,Total,2017,4.156,
TUR,Türkiye,_T,Total,2018,4.072,
TUR,Türkiye,_T,Total,2019,4.276,
TUR,Türkiye,_T,Total,2020,4.533,
TUR,Türkiye,_T,Total,2021,4.452,
TUR,Türkiye,_T,Total,2022,3.627,
TUR,Türkiye,_T,Total,2023,4.189,
TUR,Türkiye,_T,Total,2024,4.905,
MNE,Montenegro,_T,Total,2015,9.122,
MNE,Montenegro,_T,Total,2016,8.671,
MNE,Montenegro,_T,Total,2017,8.07,
MNE,Montenegro,_T,Total,2018,8.456,
MNE,Montenegro,_T,Total,2019,8.419,
MNE,Montenegro,_T,Total,2020,11.535,
MNE,Montenegro,_T,Total,2021,10.621,
MNE,Montenegro,_T,Total,2022,10.156,
MNE,Montenegro,_T,Total,2023,9.512,
MNE,Montenegro,_T,Total,2024,10.245,
LIE,Liechtenstein,_T,Total,2024,5.329,
IDN,Indonesia,_T,Total,2015,2.924,
IDN,Indonesia,_T,Total,2016,3.021,
IDN,Indonesia,_T,Total,2017,2.904,
IDN,Indonesia,_T,Total,2018,2.868,
IDN,Indonesia,_T,Total,2019,2.879,
IDN,Indonesia,_T,Total,2020,3.421,
IDN,Indonesia,_T,Total,2021,3.706,
IDN,Indonesia,_T,Total,2022,2.694,
IDN,Indonesia,_T,Total,2023,2.702,
IDN,Indonesia,_T,Total,2024,2.677,
MLT,Malta,_T,Total,2016,8.699,
MLT,Malta,_T,Total,2017,8.314,
MLT,Malta,_T,Total,2018,8.113,
MLT,Malta,_T,Total,2019,8.893,
MLT,Malta,_T,Total,2020,9.857,
MLT,Malta,_T,Total,2021,9.525,
MLT,Malta,_T,Total,2022,9.235,
MLT,Malta,_T,Total,2023,8.681,
GBR,United Kingdom,_T,Total,2015,9.896,
GBR,United Kingdom,_T,Total,2016,9.837,
GBR,United Kingdom,_T,Total,2017,9.677,
GBR,United Kingdom,_T,Total,2018,9.726,
GBR,United Kingdom,_T,Total,2019,9.902,
GBR,United Kingdom,_T,Total,2020,12.044,
GBR,United Kingdom,_T,Total,2021,11.969,
GBR,United Kingdom,_T,Total,2022,10.938,
GBR,United Kingdom,_T,Total,2023,10.792,
GBR,United Kingdom,_T,Total,2024,11.081,
CYP,Cyprus,_T,Total,2016,6.653,
CYP,Cyprus,_T,Total,2017,6.622,
CYP,Cyprus,_T,Total,2018,6.784,
CYP,Cyprus,_T,Total,2019,6.998,
CYP,Cyprus,_T,Total,2020,8.648,
CYP,Cyprus,_T,Total,2021,8.874,
CYP,Cyprus,_T,Total,2022,8.075,
USA,United States,_T,Total,2015,16.465,
USA,United States,_T,Total,2016,16.778,
ROU,Romania,_T,Total,2015,4.943,
ROU,Romania,_T,Total,2016,5.08,
ROU,Romania,_T,Total,2017,5.189,
ROU,Romania,_T,Total,2018,5.553,
ROU,Romania,_T,Total,2019,5.736,
ROU,Romania,_T,Total,2020,6.245,
ROU,Romania,_T,Total,2021,6.487,
ROU,Romania,_T,Total,2022,5.819,
NLD,Netherlands,_T,Total,2015,10.189,
NLD,Netherlands,_T,Total,2024,10.1,
NLD,Netherlands,_T,Total,2023,10.037,
NLD,Netherlands,_T,Total,2022,10.076,
NLD,Netherlands,_T,Total,2016,10.125,
NLD,Netherlands,_T,Total,2019,9.936,
NLD,Netherlands,_T,Total,2018,9.851,
NLD,Netherlands,_T,Total,2017,9.937,
NLD,Netherlands,_T,Total,2020,10.95,
NLD,Netherlands,_T,Total,2025,10.191,P
NLD,Netherlands,_T,Total,2021,11.159,B
NLD,Netherlands,HP32,Dental practices,2025,0.313,P
NLD,Netherlands,HP11,General hospitals,2025,2.762,P
NLD,Netherlands,HP51,Pharmacies,2025,0.455,P
NLD,Netherlands,HP34,Ambulatory healthcare centres,2025,0.545,P
NLD,Netherlands,HP5,Retailers and other providers of medical goods,2025,0.768,P
NLD,Netherlands,HP21,Long-term nursing care facilities,2025,2.047,P
NLD,Netherlands,HP35,Providers of home healthcare services,2025,0.123,P
NLD,Netherlands,HP2,Residential long-term care facilities,2025,2.892,P
NLD,Netherlands,HP1,Hospitals,2025,3.459,P
NLD,Netherlands,HP42,Medical and diagnostic laboratories,2025,0.028,P
NLD,Netherlands,HP82,All other industries as secondary providers of healthcare,2025,0.244,P
NLD,Netherlands,HP7,Providers of healthcare system administration and financing,2025,0.301,P
NLD,Netherlands,HP13,Specialised hospitals (other than mental health hospitals),2025,0.151,P
NLD,Netherlands,HP9,Rest of the world,2025,0.051,P
NLD,Netherlands,HP6,Providers of preventive care,2025,0.28,P
NLD,Netherlands,HP52,Retail sellers and other suppliers of durable medical goods and medical appliances,2025,0.313,P
NLD,Netherlands,HP22,Mental health and substance abuse facilities,2025,0.845,P
NLD,Netherlands,HP33,Other healthcare practitioners,2025,0.694,P
NLD,Netherlands,HP31,Medical practices,2025,0.423,P
NLD,Netherlands,HP4,Providers of ancillary services,2025,0.087,P
NLD,Netherlands,HP71,Government health administration agencies,2025,0.073,P
NLD,Netherlands,HP41,Providers of patient transportation and emergency rescue,2025,0.059,P
NLD,Netherlands,HP72,Social health insurance agencies,2025,0.185,P
NLD,Netherlands,HP81,Households as providers of home healthcare,2025,0.01,P
NLD,Netherlands,HP12,Mental health hospitals,2025,0.546,P
NLD,Netherlands,HP73,Private health insurance administration agencies,2025,0.043,P
NLD,Netherlands,HP3,Providers of ambulatory healthcare,2025,2.098,P
NLD,Netherlands,HP8,Rest of the economy,2025,0.254,P
NLD,Netherlands,HP32,Dental practices,2021,0.345,B
NLD,Netherlands,HP11,General hospitals,2021,2.954,B
NLD,Netherlands,HP51,Pharmacies,2021,0.503,B
NLD,Netherlands,HP34,Ambulatory healthcare centres,2021,0.478,B
NLD,Netherlands,HP5,Retailers and other providers of medical goods,2021,0.897,B
NLD,Netherlands,HP21,Long-term nursing care facilities,2021,2.154,B
NLD,Netherlands,HP35,Providers of home healthcare services,2021,0.11,B
NLD,Netherlands,HP2,Residential long-term care facilities,2021,2.995,B
NLD,Netherlands,HP1,Hospitals,2021,3.634,B
NLD,Netherlands,HP42,Medical and diagnostic laboratories,2021,0.07,B
NLD,Netherlands,HP82,All other industries as secondary providers of healthcare,2021,0.293,B
NLD,Netherlands,HP7,Providers of healthcare system administration and financing,2021,0.353,B
NLD,Netherlands,HP13,Specialised hospitals (other than mental health hospitals),2021,0.159,B
NLD,Netherlands,HP9,Rest of the world,2021,0.067,B
NLD,Netherlands,HP6,Providers of preventive care,2021,0.733,B
NLD,Netherlands,HP52,Retail sellers and other suppliers of durable medical goods and medical appliances,2021,0.394,B
NLD,Netherlands,HP22,Mental health and substance abuse facilities,2021,0.841,B
NLD,Netherlands,HP33,Other healthcare practitioners,2021,0.672,B
NLD,Netherlands,HP31,Medical practices,2021,0.439,B
NLD,Netherlands,HP4,Providers of ancillary services,2021,0.126,B
NLD,Netherlands,HP71,Government health administration agencies,2021,0.099,B
NLD,Netherlands,HP41,Providers of patient transportation and emergency rescue,2021,0.056,B
NLD,Netherlands,HP72,Social health insurance agencies,2021,0.202,B
NLD,Netherlands,HP81,Households as providers of home healthcare,2021,0.018,B
NLD,Netherlands,HP12,Mental health hospitals,2021,0.522,B
NLD,Netherlands,HP73,Private health insurance administration agencies,2021,0.052,B
NLD,Netherlands,HP3,Providers of ambulatory healthcare,2021,2.045,B
NLD,Netherlands,HP8,Rest of the economy,2021,0.31,B
NLD,Netherlands,HP32,Dental practices,2015,0.433,
NLD,Netherlands,HP11,General hospitals,2015,2.777,
NLD,Netherlands,HP51,Pharmacies,2015,0.728,
NLD,Netherlands,HP34,Ambulatory healthcare centres,2015,0.124,
NLD,Netherlands,HP5,Retailers and other providers of medical goods,2015,1.174,
NLD,Netherlands,HP21,Long-term nursing care facilities,2015,1.991,
NLD,Netherlands,HP35,Providers of home healthcare services,2015,0.05,
NLD,Netherlands,HP2,Residential long-term care facilities,2015,2.696,
NLD,Netherlands,HP29,Other residential long-term care facilities,2015,0.705,
NLD,Netherlands,HP1,Hospitals,2015,3.442,
NLD,Netherlands,HP42,Medical and diagnostic laboratories,2015,0.109,
NLD,Netherlands,HP82,All other industries as secondary providers of healthcare,2015,0.115,
NLD,Netherlands,HP7,Providers of healthcare system administration and financing,2015,0.469,
NLD,Netherlands,HP13,Specialised hospitals (other than mental health hospitals),2015,0.143,
NLD,Netherlands,HP9,Rest of the world,2015,0.083,
NLD,Netherlands,HP6,Providers of preventive care,2015,0.236,
NLD,Netherlands,HP52,Retail sellers and other suppliers of durable medical goods and medical appliances,2015,0.446,
NLD,Netherlands,HP79,Other administration agencies,2015,0.049,
NLD,Netherlands,HP33,Other healthcare practitioners,2015,0.426,
NLD,Netherlands,HP31,Medical practices,2015,0.782,
NLD,Netherlands,HP4,Providers of ancillary services,2015,0.159,
NLD,Netherlands,HP71,Government health administration agencies,2015,0.101,
NLD,Netherlands,HP41,Providers of patient transportation and emergency rescue,2015,0.05,
NLD,Netherlands,HP72,Social health insurance agencies,2015,0.242,
NLD,Netherlands,HP12,Mental health hospitals,2015,0.522,
NLD,Netherlands,HP73,Private health insurance administration agencies,2015,0.077,
NLD,Netherlands,HP3,Providers of ambulatory healthcare,2015,1.813,
NLD,Netherlands,HP8,Rest of the economy,2015,0.115,
NLD,Netherlands,HP8,Rest of the economy,2016,0.11,
NLD,Netherlands,HP3,Providers of ambulatory healthcare,2016,1.858,
NLD,Netherlands,HP73,Private health insurance administration agencies,2016,0.072,
NLD,Netherlands,HP12,Mental health hospitals,2016,0.534,
NLD,Netherlands,HP72,Social health insurance agencies,2016,0.224,
NLD,Netherlands,HP41,Providers of patient transportation and emergency rescue,2016,0.051,
NLD,Netherlands,HP71,Government health administration agencies,2016,0.103,
NLD,Netherlands,HP4,Providers of ancillary services,2016,0.154,
NLD,Netherlands,HP31,Medical practices,2016,0.798,
NLD,Netherlands,HP33,Other healthcare practitioners,2016,0.438,
NLD,Netherlands,HP79,Other administration agencies,2016,0.049,
NLD,Netherlands,HP52,Retail sellers and other suppliers of durable medical goods and medical appliances,2016,0.415,
NLD,Netherlands,HP6,Providers of preventive care,2016,0.236,
NLD,Netherlands,HP9,Rest of the world,2016,0.079,
NLD,Netherlands,HP13,Specialised hospitals (other than mental health hospitals),2016,0.144,
NLD,Netherlands,HP7,Providers of healthcare system administration and financing,2016,0.447,
NLD,Netherlands,HP82,All other industries as secondary providers of healthcare,2016,0.11,
NLD,Netherlands,HP42,Medical and diagnostic laboratories,2016,0.103,
NLD,Netherlands,HP1,Hospitals,2016,3.436,
NLD,Netherlands,HP29,Other residential long-term care facilities,2016,0.702,
NLD,Netherlands,HP2,Residential long-term care facilities,2016,2.666,
NLD,Netherlands,HP35,Providers of home healthcare services,2016,0.049,
NLD,Netherlands,HP21,Long-term nursing care facilities,2016,1.964,
NLD,Netherlands,HP5,Retailers and other providers of medical goods,2016,1.139,
NLD,Netherlands,HP34,Ambulatory healthcare centres,2016,0.135,
NLD,Netherlands,HP51,Pharmacies,2016,0.724,
NLD,Netherlands,HP11,General hospitals,2016,2.758,
NLD,Netherlands,HP32,Dental practices,2016,0.438,
NLD,Netherlands,HP32,Dental practices,2017,0.418,
NLD,Netherlands,HP11,General hospitals,2017,2.689,
NLD,Netherlands,HP51,Pharmacies,2017,0.715,
NLD,Netherlands,HP34,Ambulatory healthcare centres,2017,0.137,
NLD,Netherlands,HP5,Retailers and other providers of medical goods,2017,1.11,
NLD,Netherlands,HP21,Long-term nursing care facilities,2017,1.939,
NLD,Netherlands,HP35,Providers of home healthcare services,2017,0.062,
NLD,Netherlands,HP2,Residential long-term care facilities,2017,2.667,
NLD,Netherlands,HP29,Other residential long-term care facilities,2017,0.728,
NLD,Netherlands,HP1,Hospitals,2017,3.349,
NLD,Netherlands,HP42,Medical and diagnostic laboratories,2017,0.099,
NLD,Netherlands,HP82,All other industries as secondary providers of healthcare,2017,0.106,
NLD,Netherlands,HP7,Providers of healthcare system administration and financing,2017,0.428,
NLD,Netherlands,HP13,Specialised hospitals (other than mental health hospitals),2017,0.14,
NLD,Netherlands,HP9,Rest of the world,2017,0.076,
NLD,Netherlands,HP6,Providers of preventive care,2017,0.231,
NLD,Netherlands,HP52,Retail sellers and other suppliers of durable medical goods and medical appliances,2017,0.394,
NLD,Netherlands,HP79,Other administration agencies,2017,0.047,
NLD,Netherlands,HP33,Other healthcare practitioners,2017,0.425,
NLD,Netherlands,HP31,Medical practices,2017,0.779,
NLD,Netherlands,HP4,Providers of ancillary services,2017,0.15,
NLD,Netherlands,HP71,Government health administration agencies,2017,0.1,
NLD,Netherlands,HP41,Providers of patient transportation and emergency rescue,2017,0.05,
NLD,Netherlands,HP72,Social health insurance agencies,2017,0.214,
NLD,Netherlands,HP12,Mental health hospitals,2017,0.521,
NLD,Netherlands,HP73,Private health insurance administration agencies,2017,0.067,
NLD,Netherlands,HP3,Providers of ambulatory healthcare,2017,1.82,
NLD,Netherlands,HP8,Rest of the economy,2017,0.106,
NLD,Netherlands,HP8,Rest of the economy,2018,0.108,
NLD,Netherlands,HP3,Providers of ambulatory healthcare,2018,1.802,
NLD,Netherlands,HP73,Private health insurance administration agencies,2018,0.064,
NLD,Netherlands,HP12,Mental health hospitals,2018,0.518,
NLD,Netherlands,HP72,Social health insurance agencies,2018,0.203,
NLD,Netherlands,HP41,Providers of patient transportation and emergency rescue,2018,0.051,
NLD,Netherlands,HP71,Government health administration agencies,2018,0.101,
NLD,Netherlands,HP4,Providers of ancillary services,2018,0.153,
NLD,Netherlands,HP31,Medical practices,2018,0.779,
NLD,Netherlands,HP33,Other healthcare practitioners,2018,0.412,
NLD,Netherlands,HP79,Other administration agencies,2018,0.05,
NLD,Netherlands,HP52,Retail sellers and other suppliers of durable medical goods and medical appliances,2018,0.388,
NLD,Netherlands,HP6,Providers of preventive care,2018,0.221,
NLD,Netherlands,HP9,Rest of the world,2018,0.072,
NLD,Netherlands,HP13,Specialised hospitals (other than mental health hospitals),2018,0.151,
NLD,Netherlands,HP7,Providers of healthcare system administration and financing,2018,0.417,
NLD,Netherlands,HP82,All other industries as secondary providers of healthcare,2018,0.108,
NLD,Netherlands,HP42,Medical and diagnostic laboratories,2018,0.102,
NLD,Netherlands,HP1,Hospitals,2018,3.336,
NLD,Netherlands,HP29,Other residential long-term care facilities,2018,0.712,
NLD,Netherlands,HP2,Residential long-term care facilities,2018,2.674,
NLD,Netherlands,HP35,Providers of home healthcare services,2018,0.066,
NLD,Netherlands,HP21,Long-term nursing care facilities,2018,1.962,
NLD,Netherlands,HP5,Retailers and other providers of medical goods,2018,1.068,
NLD,Netherlands,HP34,Ambulatory healthcare centres,2018,0.137,
NLD,Netherlands,HP51,Pharmacies,2018,0.68,
NLD,Netherlands,HP11,General hospitals,2018,2.667,
NLD,Netherlands,HP32,Dental practices,2018,0.408,
NLD,Netherlands,HP32,Dental practices,2019,0.396,
NLD,Netherlands,HP11,General hospitals,2019,2.652,
NLD,Netherlands,HP51,Pharmacies,2019,0.679,
NLD,Netherlands,HP34,Ambulatory healthcare centres,2019,0.144,
NLD,Netherlands,HP5,Retailers and other providers of medical goods,2019,1.061,
NLD,Netherlands,HP21,Long-term nursing care facilities,2019,2.029,
NLD,Netherlands,HP35,Providers of home healthcare services,2019,0.063,
NLD,Netherlands,HP2,Residential long-term care facilities,2019,2.768,
NLD,Netherlands,HP29,Other residential long-term care facilities,2019,0.738,
NLD,Netherlands,HP1,Hospitals,2019,3.335,
NLD,Netherlands,HP42,Medical and diagnostic laboratories,2019,0.097,
NLD,Netherlands,HP82,All other industries as secondary providers of healthcare,2019,0.106,
NLD,Netherlands,HP7,Providers of healthcare system administration and financing,2019,0.415,
NLD,Netherlands,HP13,Specialised hospitals (other than mental health hospitals),2019,0.152,
NLD,Netherlands,HP9,Rest of the world,2019,0.071,
NLD,Netherlands,HP6,Providers of preventive care,2019,0.227,
NLD,Netherlands,HP52,Retail sellers and other suppliers of durable medical goods and medical appliances,2019,0.382,
NLD,Netherlands,HP79,Other administration agencies,2019,0.051,
NLD,Netherlands,HP33,Other healthcare practitioners,2019,0.395,
NLD,Netherlands,HP31,Medical practices,2019,0.805,
NLD,Netherlands,HP4,Providers of ancillary services,2019,0.15,
NLD,Netherlands,HP71,Government health administration agencies,2019,0.101,
NLD,Netherlands,HP41,Providers of patient transportation and emergency rescue,2019,0.052,
NLD,Netherlands,HP72,Social health insurance agencies,2019,0.202,
NLD,Netherlands,HP12,Mental health hospitals,2019,0.531,
NLD,Netherlands,HP73,Private health insurance administration agencies,2019,0.06,
NLD,Netherlands,HP3,Providers of ambulatory healthcare,2019,1.803,
NLD,Netherlands,HP8,Rest of the economy,2019,0.106,
NLD,Netherlands,HP8,Rest of the economy,2020,0.123,
NLD,Netherlands,HP3,Providers of ambulatory healthcare,2020,1.815,
NLD,Netherlands,HP73,Private health insurance administration agencies,2020,0.059,
NLD,Netherlands,HP12,Mental health hospitals,2020,0.577,
NLD,Netherlands,HP72,Social health insurance agencies,2020,0.205,
NLD,Netherlands,HP41,Providers of patient transportation and emergency rescue,2020,0.062,
NLD,Netherlands,HP71,Government health administration agencies,2020,0.154,
NLD,Netherlands,HP4,Providers of ancillary services,2020,0.181,
NLD,Netherlands,HP31,Medical practices,2020,0.864,
NLD,Netherlands,HP33,Other healthcare practitioners,2020,0.366,
NLD,Netherlands,HP79,Other administration agencies,2020,0.056,
NLD,Netherlands,HP52,Retail sellers and other suppliers of durable medical goods and medical appliances,2020,0.396,
NLD,Netherlands,HP6,Providers of preventive care,2020,0.36,
NLD,Netherlands,HP9,Rest of the world,2020,0.069,
NLD,Netherlands,HP13,Specialised hospitals (other than mental health hospitals),2020,0.162,
NLD,Netherlands,HP7,Providers of healthcare system administration and financing,2020,0.473,
NLD,Netherlands,HP82,All other industries as secondary providers of healthcare,2020,0.123,
NLD,Netherlands,HP42,Medical and diagnostic laboratories,2020,0.12,
NLD,Netherlands,HP1,Hospitals,2020,3.641,
NLD,Netherlands,HP29,Other residential long-term care facilities,2020,0.861,
NLD,Netherlands,HP2,Residential long-term care facilities,2020,3.184,
NLD,Netherlands,HP35,Providers of home healthcare services,2020,0.068,
NLD,Netherlands,HP21,Long-term nursing care facilities,2020,2.324,
NLD,Netherlands,HP5,Retailers and other providers of medical goods,2020,1.102,
NLD,Netherlands,HP34,Ambulatory healthcare centres,2020,0.159,
NLD,Netherlands,HP51,Pharmacies,2020,0.706,
NLD,Netherlands,HP11,General hospitals,2020,2.902,
NLD,Netherlands,HP32,Dental practices,2020,0.358,
NLD,Netherlands,HP8,Rest of the economy,2022,0.275,
NLD,Netherlands,HP3,Providers of ambulatory healthcare,2022,1.967,
NLD,Netherlands,HP73,Private health insurance administration agencies,2022,0.049,
NLD,Netherlands,HP12,Mental health hospitals,2022,0.513,
NLD,Netherlands,HP81,Households as providers of home healthcare,2022,0.014,
NLD,Netherlands,HP72,Social health insurance agencies,2022,0.186,
NLD,Netherlands,HP41,Providers of patient transportation and emergency rescue,2022,0.049,
NLD,Netherlands,HP71,Government health administration agencies,2022,0.082,
NLD,Netherlands,HP4,Providers of ancillary services,2022,0.094,
NLD,Netherlands,HP31,Medical practices,2022,0.389,
NLD,Netherlands,HP33,Other healthcare practitioners,2022,0.654,
NLD,Netherlands,HP22,Mental health and substance abuse facilities,2022,0.789,
NLD,Netherlands,HP52,Retail sellers and other suppliers of durable medical goods and medical appliances,2022,0.338,
NLD,Netherlands,HP6,Providers of preventive care,2022,0.425,
NLD,Netherlands,HP9,Rest of the world,2022,0.065,
NLD,Netherlands,HP13,Specialised hospitals (other than mental health hospitals),2022,0.146,
NLD,Netherlands,HP7,Providers of healthcare system administration and financing,2022,0.317,
NLD,Netherlands,HP82,All other industries as secondary providers of healthcare,2022,0.261,
NLD,Netherlands,HP42,Medical and diagnostic laboratories,2022,0.045,
NLD,Netherlands,HP1,Hospitals,2022,3.37,
NLD,Netherlands,HP2,Residential long-term care facilities,2022,2.76,
NLD,Netherlands,HP35,Providers of home healthcare services,2022,0.106,
NLD,Netherlands,HP21,Long-term nursing care facilities,2022,1.971,
NLD,Netherlands,HP5,Retailers and other providers of medical goods,2022,0.802,
NLD,Netherlands,HP34,Ambulatory healthcare centres,2022,0.505,
NLD,Netherlands,HP51,Pharmacies,2022,0.465,
NLD,Netherlands,HP11,General hospitals,2022,2.71,
NLD,Netherlands,HP32,Dental practices,2022,0.313,
NLD,Netherlands,HP32,Dental practices,2023,0.321,
NLD,Netherlands,HP11,General hospitals,2023,2.766,
NLD,Netherlands,HP51,Pharmacies,2023,0.449,
NLD,Netherlands,HP34,Ambulatory healthcare centres,2023,0.516,
NLD,Netherlands,HP5,Retailers and other providers of medical goods,2023,0.77,
NLD,Netherlands,HP21,Long-term nursing care facilities,2023,1.99,
NLD,Netherlands,HP35,Providers of home healthcare services,2023,0.117,
NLD,Netherlands,HP2,Residential long-term care facilities,2023,2.783,
NLD,Netherlands,HP1,Hospitals,2023,3.436,
NLD,Netherlands,HP42,Medical and diagnostic laboratories,2023,0.028,
NLD,Netherlands,HP82,All other industries as secondary providers of healthcare,2023,0.242,
NLD,Netherlands,HP7,Providers of healthcare system administration and financing,2023,0.304,
NLD,Netherlands,HP13,Specialised hospitals (other than mental health hospitals),2023,0.148,
NLD,Netherlands,HP9,Rest of the world,2023,0.058,
NLD,Netherlands,HP6,Providers of preventive care,2023,0.309,
NLD,Netherlands,HP52,Retail sellers and other suppliers of durable medical goods and medical appliances,2023,0.321,
NLD,Netherlands,HP22,Mental health and substance abuse facilities,2023,0.793,
NLD,Netherlands,HP33,Other healthcare practitioners,2023,0.68,
NLD,Netherlands,HP31,Medical practices,2023,0.406,
NLD,Netherlands,HP4,Providers of ancillary services,2023,0.084,
NLD,Netherlands,HP71,Government health administration agencies,2023,0.073,
NLD,Netherlands,HP41,Providers of patient transportation and emergency rescue,2023,0.056,
NLD,Netherlands,HP72,Social health insurance agencies,2023,0.185,
NLD,Netherlands,HP81,Households as providers of home healthcare,2023,0.012,
NLD,Netherlands,HP12,Mental health hospitals,2023,0.522,
NLD,Netherlands,HP73,Private health insurance administration agencies,2023,0.047,
NLD,Netherlands,HP3,Providers of ambulatory healthcare,2023,2.04,
NLD,Netherlands,HP8,Rest of the economy,2023,0.254,
NLD,Netherlands,HP8,Rest of the economy,2024,0.257,
NLD,Netherlands,HP3,Providers of ambulatory healthcare,2024,2.072,
NLD,Netherlands,HP73,Private health insurance administration agencies,2024,0.043,
NLD,Netherlands,HP12,Mental health hospitals,2024,0.532,
NLD,Netherlands,HP81,Households as providers of home healthcare,2024,0.011,
NLD,Netherlands,HP72,Social health insurance agencies,2024,0.185,
NLD,Netherlands,HP41,Providers of patient transportation and emergency rescue,2024,0.056,
NLD,Netherlands,HP71,Government health administration agencies,2024,0.078,
NLD,Netherlands,HP4,Providers of ancillary services,2024,0.083,
NLD,Netherlands,HP31,Medical practices,2024,0.42,
NLD,Netherlands,HP33,Other healthcare practitioners,2024,0.686,
NLD,Netherlands,HP22,Mental health and substance abuse facilities,2024,0.818,
NLD,Netherlands,HP52,Retail sellers and other suppliers of durable medical goods and medical appliances,2024,0.316,
NLD,Netherlands,HP6,Providers of preventive care,2024,0.274,
NLD,Netherlands,HP9,Rest of the world,2024,0.054,
NLD,Netherlands,HP13,Specialised hospitals (other than mental health hospitals),2024,0.151,
NLD,Netherlands,HP7,Providers of healthcare system administration and financing,2024,0.307,
NLD,Netherlands,HP82,All other industries as secondary providers of healthcare,2024,0.246,
NLD,Netherlands,HP42,Medical and diagnostic laboratories,2024,0.028,
NLD,Netherlands,HP1,Hospitals,2024,3.451,
NLD,Netherlands,HP2,Residential long-term care facilities,2024,2.837,
NLD,Netherlands,HP35,Providers of home healthcare services,2024,0.121,
NLD,Netherlands,HP21,Long-term nursing care facilities,2024,2.02,
NLD,Netherlands,HP5,Retailers and other providers of medical goods,2024,0.765,
NLD,Netherlands,HP34,Ambulatory healthcare centres,2024,0.529,
NLD,Netherlands,HP51,Pharmacies,2024,0.449,
NLD,Netherlands,HP11,General hospitals,2024,2.768,
NLD,Netherlands,HP32,Dental practices,2024,0.315,
HRV,Croatia,HP12,Mental health hospitals,2015,0.113,
HRV,Croatia,HP33,Other healthcare practitioners,2015,0.028,
HRV,Croatia,HP13,Specialised hospitals (other than mental health hospitals),2015,0.218,
HRV,Croatia,HP9,Rest of the world,2015,0.037,
HRV,Croatia,HP71,Government health administration agencies,2015,0.053,
HRV,Croatia,HP31,Medical practices,2015,0.405,
HRV,Croatia,HP7,Providers of healthcare system administration and financing,2015,0.188,
HRV,Croatia,HP32,Dental practices,2015,0.383,
HRV,Croatia,HP81,Households as providers of home healthcare,2015,0.021,
HRV,Croatia,HP41,Providers of patient transportation and emergency rescue,2015,0.186,
HRV,Croatia,_U,Unknown,2015,0.009,
HRV,Croatia,HP6,Providers of preventive care,2015,0.123,
HRV,Croatia,HP11,General hospitals,2015,2.688,
HRV,Croatia,HP3,Providers of ambulatory healthcare,2015,1.383,
HRV,Croatia,HP1,Hospitals,2015,3.019,
HRV,Croatia,HP22,Mental health and substance abuse facilities,2015,0.015,
HRV,Croatia,HP82,All other industries as secondary providers of healthcare,2015,0.007,
HRV,Croatia,HP51,Pharmacies,2015,1.32,
HRV,Croatia,HP34,Ambulatory healthcare centres,2015,0.512,
HRV,Croatia,HP8,Rest of the economy,2015,0.028,
HRV,Croatia,HP42,Medical and diagnostic laboratories,2015,0.08,
HRV,Croatia,HP72,Social health insurance agencies,2015,0.114,
HRV,Croatia,HP52,Retail sellers and other suppliers of durable medical goods and medical appliances,2015,0.236,
HRV,Croatia,HP5,Retailers and other providers of medical goods,2015,1.557,
HRV,Croatia,HP35,Providers of home healthcare services,2015,0.055,
HRV,Croatia,HP2,Residential long-term care facilities,2015,0.046,
HRV,Croatia,HP73,Private health insurance administration agencies,2015,0.02,
HRV,Croatia,HP4,Providers of ancillary services,2015,0.266,
HRV,Croatia,HP29,Other residential long-term care facilities,2015,0.031,
HRV,Croatia,HP29,Other residential long-term care facilities,2016,0.028,
HRV,Croatia,HP4,Providers of ancillary services,2016,0.262,
HRV,Croatia,HP73,Private health insurance administration agencies,2016,0.022,
HRV,Croatia,HP2,Residential long-term care facilities,2016,0.042,
HRV,Croatia,HP35,Providers of home healthcare services,2016,0.053,
HRV,Croatia,HP5,Retailers and other providers of medical goods,2016,1.606,
HRV,Croatia,HP52,Retail sellers and other suppliers of durable medical goods and medical appliances,2016,0.239,
HRV,Croatia,HP72,Social health insurance agencies,2016,0.109,
HRV,Croatia,HP42,Medical and diagnostic laboratories,2016,0.081,
HRV,Croatia,HP8,Rest of the economy,2016,0.028,
HRV,Croatia,HP34,Ambulatory healthcare centres,2016,0.535,
HRV,Croatia,HP51,Pharmacies,2016,1.366,
HRV,Croatia,HP82,All other industries as secondary providers of healthcare,2016,0.007,
HRV,Croatia,HP22,Mental health and substance abuse facilities,2016,0.015,
HRV,Croatia,HP1,Hospitals,2016,3.008,
HRV,Croatia,HP3,Providers of ambulatory healthcare,2016,1.368,
HRV,Croatia,HP11,General hospitals,2016,2.683,
HRV,Croatia,HP6,Providers of preventive care,2016,0.127,
HRV,Croatia,_U,Unknown,2016,0.011,
HRV,Croatia,HP41,Providers of patient transportation and emergency rescue,2016,0.181,
HRV,Croatia,HP81,Households as providers of home healthcare,2016,0.021,
HRV,Croatia,HP32,Dental practices,2016,0.361,
HRV,Croatia,HP7,Providers of healthcare system administration and financing,2016,0.178,
HRV,Croatia,HP31,Medical practices,2016,0.389,
HRV,Croatia,HP71,Government health administration agencies,2016,0.047,
HRV,Croatia,HP9,Rest of the world,2016,0.061,
HRV,Croatia,HP13,Specialised hospitals (other than mental health hospitals),2016,0.221,
HRV,Croatia,HP33,Other healthcare practitioners,2016,0.03,
HRV,Croatia,HP12,Mental health hospitals,2016,0.104,
HRV,Croatia,HP12,Mental health hospitals,2017,0.1,
HRV,Croatia,HP33,Other healthcare practitioners,2017,0.032,
HRV,Croatia,HP13,Specialised hospitals (other than mental health hospitals),2017,0.234,
HRV,Croatia,HP9,Rest of the world,2017,0.057,
HRV,Croatia,HP71,Government health administration agencies,2017,0.045,
HRV,Croatia,HP31,Medical practices,2017,0.361,
HRV,Croatia,HP7,Providers of healthcare system administration and financing,2017,0.167,
HRV,Croatia,HP32,Dental practices,2017,0.332,
HRV,Croatia,HP81,Households as providers of home healthcare,2017,0.022,
HRV,Croatia,HP41,Providers of patient transportation and emergency rescue,2017,0.182,
HRV,Croatia,_U,Unknown,2017,0.009,
HRV,Croatia,HP6,Providers of preventive care,2017,0.119,
HRV,Croatia,HP11,General hospitals,2017,2.731,
HRV,Croatia,HP3,Providers of ambulatory healthcare,2017,1.304,
HRV,Croatia,HP1,Hospitals,2017,3.065,
HRV,Croatia,HP22,Mental health and substance abuse facilities,2017,0.017,
HRV,Croatia,HP82,All other industries as secondary providers of healthcare,2017,0.007,
HRV,Croatia,HP51,Pharmacies,2017,1.346,
HRV,Croatia,HP34,Ambulatory healthcare centres,2017,0.528,
HRV,Croatia,HP8,Rest of the economy,2017,0.029,
HRV,Croatia,HP42,Medical and diagnostic laboratories,2017,0.074,
HRV,Croatia,HP72,Social health insurance agencies,2017,0.096,
HRV,Croatia,HP52,Retail sellers and other suppliers of durable medical goods and medical appliances,2017,0.231,
HRV,Croatia,HP5,Retailers and other providers of medical goods,2017,1.579,
HRV,Croatia,HP35,Providers of home healthcare services,2017,0.05,
HRV,Croatia,HP2,Residential long-term care facilities,2017,0.044,
HRV,Croatia,HP73,Private health insurance administration agencies,2017,0.026,
HRV,Croatia,HP4,Providers of ancillary services,2017,0.256,
HRV,Croatia,HP29,Other residential long-term care facilities,2017,0.027,
HRV,Croatia,HP29,Other residential long-term care facilities,2018,0.029,
HRV,Croatia,HP4,Providers of ancillary services,2018,0.254,
HRV,Croatia,HP73,Private health insurance administration agencies,2018,0.041,
HRV,Croatia,HP2,Residential long-term care facilities,2018,0.046,
HRV,Croatia,HP35,Providers of home healthcare services,2018,0.051,
HRV,Croatia,HP5,Retailers and other providers of medical goods,2018,1.521,
HRV,Croatia,HP52,Retail sellers and other suppliers of durable medical goods and medical appliances,2018,0.228,
HRV,Croatia,HP72,Social health insurance agencies,2018,0.094,
HRV,Croatia,HP42,Medical and diagnostic laboratories,2018,0.075,
HRV,Croatia,HP8,Rest of the economy,2018,0.03,
HRV,Croatia,HP34,Ambulatory healthcare centres,2018,0.527,
HRV,Croatia,HP51,Pharmacies,2018,1.292,
HRV,Croatia,HP82,All other industries as secondary providers of healthcare,2018,0.007,
HRV,Croatia,HP22,Mental health and substance abuse facilities,2018,0.017,
HRV,Croatia,HP1,Hospitals,2018,3.155,
HRV,Croatia,HP3,Providers of ambulatory healthcare,2018,1.316,
HRV,Croatia,HP11,General hospitals,2018,2.838,
HRV,Croatia,HP6,Providers of preventive care,2018,0.116,
HRV,Croatia,_U,Unknown,2018,0.01,
HRV,Croatia,HP41,Providers of patient transportation and emergency rescue,2018,0.179,
HRV,Croatia,HP81,Households as providers of home healthcare,2018,0.023,
HRV,Croatia,HP32,Dental practices,2018,0.371,
HRV,Croatia,HP7,Providers of healthcare system administration and financing,2018,0.176,
HRV,Croatia,HP31,Medical practices,2018,0.337,
HRV,Croatia,HP71,Government health administration agencies,2018,0.041,
HRV,Croatia,HP9,Rest of the world,2018,0.088,
HRV,Croatia,HP13,Specialised hospitals (other than mental health hospitals),2018,0.22,
HRV,Croatia,HP33,Other healthcare practitioners,2018,0.03,
HRV,Croatia,HP12,Mental health hospitals,2018,0.098,
HRV,Croatia,HP12,Mental health hospitals,2019,0.102,
HRV,Croatia,HP33,Other healthcare practitioners,2019,0.028,
HRV,Croatia,HP13,Specialised hospitals (other than mental health hospitals),2019,0.22,
HRV,Croatia,HP9,Rest of the world,2019,0.068,
HRV,Croatia,HP71,Government health administration agencies,2019,0.037,
HRV,Croatia,HP31,Medical practices,2019,0.328,
HRV,Croatia,HP7,Providers of healthcare system administration and financing,2019,0.167,
HRV,Croatia,HP32,Dental practices,2019,0.395,
HRV,Croatia,HP81,Households as providers of home healthcare,2019,0.023,
HRV,Croatia,HP41,Providers of patient transportation and emergency rescue,2019,0.172,
HRV,Croatia,_U,Unknown,2019,0.012,
HRV,Croatia,HP6,Providers of preventive care,2019,0.116,
HRV,Croatia,HP11,General hospitals,2019,2.909,
HRV,Croatia,HP3,Providers of ambulatory healthcare,2019,1.344,
HRV,Croatia,HP1,Hospitals,2019,3.23,
HRV,Croatia,HP22,Mental health and substance abuse facilities,2019,0.017,
HRV,Croatia,HP82,All other industries as secondary providers of healthcare,2019,0.008,
HRV,Croatia,HP51,Pharmacies,2019,1.285,
HRV,Croatia,HP34,Ambulatory healthcare centres,2019,0.542,
HRV,Croatia,HP8,Rest of the economy,2019,0.031,
HRV,Croatia,HP42,Medical and diagnostic laboratories,2019,0.078,
HRV,Croatia,HP72,Social health insurance agencies,2019,0.092,
HRV,Croatia,HP52,Retail sellers and other suppliers of durable medical goods and medical appliances,2019,0.232,
HRV,Croatia,HP5,Retailers and other providers of medical goods,2019,1.518,
HRV,Croatia,HP35,Providers of home healthcare services,2019,0.051,
HRV,Croatia,HP2,Residential long-term care facilities,2019,0.051,
HRV,Croatia,HP73,Private health insurance administration agencies,2019,0.038,
HRV,Croatia,HP4,Providers of ancillary services,2019,0.251,
HRV,Croatia,HP29,Other residential long-term care facilities,2019,0.034,
HRV,Croatia,HP29,Other residential long-term care facilities,2020,0.038,
HRV,Croatia,HP4,Providers of ancillary services,2020,0.286,
HRV,Croatia,HP73,Private health insurance administration agencies,2020,0.04,
HRV,Croatia,HP2,Residential long-term care facilities,2020,0.058,
HRV,Croatia,HP35,Providers of home healthcare services,2020,0.057,
HRV,Croatia,HP5,Retailers and other providers of medical goods,2020,1.745,
HRV,Croatia,HP52,Retail sellers and other suppliers of durable medical goods and medical appliances,2020,0.247,
HRV,Croatia,HP72,Social health insurance agencies,2020,0.104,
HRV,Croatia,HP42,Medical and diagnostic laboratories,2020,0.077,
HRV,Croatia,HP8,Rest of the economy,2020,0.032,
HRV,Croatia,HP34,Ambulatory healthcare centres,2020,0.611,
HRV,Croatia,HP51,Pharmacies,2020,1.497,
HRV,Croatia,HP82,All other industries as secondary providers of healthcare,2020,0.009,
HRV,Croatia,HP22,Mental health and substance abuse facilities,2020,0.019,
HRV,Croatia,HP1,Hospitals,2020,3.593,
HRV,Croatia,HP3,Providers of ambulatory healthcare,2020,1.46,
HRV,Croatia,HP11,General hospitals,2020,3.273,
HRV,Croatia,HP6,Providers of preventive care,2020,0.252,
HRV,Croatia,_U,Unknown,2020,0.013,
HRV,Croatia,HP41,Providers of patient transportation and emergency rescue,2020,0.209,
HRV,Croatia,HP81,Households as providers of home healthcare,2020,0.023,
HRV,Croatia,HP32,Dental practices,2020,0.417,
HRV,Croatia,HP7,Providers of healthcare system administration and financing,2020,0.18,
HRV,Croatia,HP31,Medical practices,2020,0.346,
HRV,Croatia,HP71,Government health administration agencies,2020,0.035,
HRV,Croatia,HP9,Rest of the world,2020,0.066,
HRV,Croatia,HP13,Specialised hospitals (other than mental health hospitals),2020,0.221,
HRV,Croatia,HP33,Other healthcare practitioners,2020,0.028,
HRV,Croatia,HP12,Mental health hospitals,2020,0.099,
HRV,Croatia,HP12,Mental health hospitals,2021,0.099,
HRV,Croatia,HP33,Other healthcare practitioners,2021,0.028,
HRV,Croatia,HP13,Specialised hospitals (other than mental health hospitals),2021,0.216,
HRV,Croatia,HP9,Rest of the world,2021,0.075,
HRV,Croatia,HP71,Government health administration agencies,2021,0.034,
HRV,Croatia,HP31,Medical practices,2021,0.314,
HRV,Croatia,HP7,Providers of healthcare system administration and financing,2021,0.166,
HRV,Croatia,HP32,Dental practices,2021,0.396,
HRV,Croatia,HP81,Households as providers of home healthcare,2021,0.025,
HRV,Croatia,HP41,Providers of patient transportation and emergency rescue,2021,0.201,
HRV,Croatia,_U,Unknown,2021,0.012,
HRV,Croatia,HP6,Providers of preventive care,2021,0.389,
HRV,Croatia,HP11,General hospitals,2021,3.79,
HRV,Croatia,HP3,Providers of ambulatory healthcare,2021,1.372,
HRV,Croatia,HP1,Hospitals,2021,4.104,
HRV,Croatia,HP22,Mental health and substance abuse facilities,2021,0.017,
HRV,Croatia,HP82,All other industries as secondary providers of healthcare,2021,0.009,
HRV,Croatia,HP51,Pharmacies,2021,1.356,
HRV,Croatia,HP34,Ambulatory healthcare centres,2021,0.581,
HRV,Croatia,HP8,Rest of the economy,2021,0.033,
HRV,Croatia,HP42,Medical and diagnostic laboratories,2021,0.076,
HRV,Croatia,HP72,Social health insurance agencies,2021,0.091,
HRV,Croatia,HP52,Retail sellers and other suppliers of durable medical goods and medical appliances,2021,0.24,
HRV,Croatia,HP5,Retailers and other providers of medical goods,2021,1.596,
HRV,Croatia,HP35,Providers of home healthcare services,2021,0.053,
HRV,Croatia,HP2,Residential long-term care facilities,2021,0.058,
HRV,Croatia,HP73,Private health insurance administration agencies,2021,0.042,
HRV,Croatia,HP4,Providers of ancillary services,2021,0.277,
HRV,Croatia,HP29,Other residential long-term care facilities,2021,0.041,
HRV,Croatia,HP29,Other residential long-term care facilities,2022,0.022,
HRV,Croatia,HP4,Providers of ancillary services,2022,0.262,
HRV,Croatia,HP73,Private health insurance administration agencies,2022,0.04,
HRV,Croatia,HP2,Residential long-term care facilities,2022,0.038,
HRV,Croatia,HP35,Providers of home healthcare services,2022,0.05,
HRV,Croatia,HP5,Retailers and other providers of medical goods,2022,1.546,
HRV,Croatia,HP52,Retail sellers and other suppliers of durable medical goods and medical appliances,2022,0.222,
HRV,Croatia,HP72,Social health insurance agencies,2022,0.084,
HRV,Croatia,HP42,Medical and diagnostic laboratories,2022,0.063,
HRV,Croatia,HP8,Rest of the economy,2022,0.036,
HRV,Croatia,HP34,Ambulatory healthcare centres,2022,0.564,
HRV,Croatia,HP51,Pharmacies,2022,1.323,
HRV,Croatia,HP82,All other industries as secondary providers of healthcare,2022,0.007,
HRV,Croatia,HP22,Mental health and substance abuse facilities,2022,0.016,
HRV,Croatia,HP1,Hospitals,2022,3.654,
HRV,Croatia,HP3,Providers of ambulatory healthcare,2022,1.166,
HRV,Croatia,HP11,General hospitals,2022,3.331,
HRV,Croatia,HP6,Providers of preventive care,2022,0.332,
HRV,Croatia,_U,Unknown,2022,0.009,
HRV,Croatia,HP41,Providers of patient transportation and emergency rescue,2022,0.199,
HRV,Croatia,HP81,Households as providers of home healthcare,2022,0.029,
HRV,Croatia,HP32,Dental practices,2022,0.292,
HRV,Croatia,HP7,Providers of healthcare system administration and financing,2022,0.187,
HRV,Croatia,HP31,Medical practices,2022,0.248,
HRV,Croatia,HP71,Government health administration agencies,2022,0.063,
HRV,Croatia,HP9,Rest of the world,2022,0.068,
HRV,Croatia,HP13,Specialised hospitals (other than mental health hospitals),2022,0.226,
HRV,Croatia,HP33,Other healthcare practitioners,2022,0.012,
HRV,Croatia,HP12,Mental health hospitals,2022,0.097,
HRV,Croatia,HP12,Mental health hospitals,2023,0.098,
HRV,Croatia,HP33,Other healthcare practitioners,2023,0.012,
HRV,Croatia,HP13,Specialised hospitals (other than mental health hospitals),2023,0.199,
HRV,Croatia,HP9,Rest of the world,2023,0.059,
HRV,Croatia,HP71,Government health administration agencies,2023,0.074,
HRV,Croatia,HP31,Medical practices,2023,0.237,
HRV,Croatia,HP7,Providers of healthcare system administration and financing,2023,0.189,
HRV,Croatia,HP32,Dental practices,2023,0.282,
HRV,Croatia,HP81,Households as providers of home healthcare,2023,0.022,
HRV,Croatia,HP41,Providers of patient transportation and emergency rescue,2023,0.182,
HRV,Croatia,_U,Unknown,2023,0.011,
HRV,Croatia,HP6,Providers of preventive care,2023,0.228,
HRV,Croatia,HP11,General hospitals,2023,3.258,
HRV,Croatia,HP3,Providers of ambulatory healthcare,2023,1.128,
HRV,Croatia,HP1,Hospitals,2023,3.555,
HRV,Croatia,HP22,Mental health and substance abuse facilities,2023,0.017,
HRV,Croatia,HP82,All other industries as secondary providers of healthcare,2023,0.006,
HRV,Croatia,HP51,Pharmacies,2023,1.26,
HRV,Croatia,HP34,Ambulatory healthcare centres,2023,0.547,
HRV,Croatia,HP8,Rest of the economy,2023,0.028,
HRV,Croatia,HP42,Medical and diagnostic laboratories,2023,0.061,
HRV,Croatia,HP72,Social health insurance agencies,2023,0.084,
HRV,Croatia,HP52,Retail sellers and other suppliers of durable medical goods and medical appliances,2023,0.222,
HRV,Croatia,HP5,Retailers and other providers of medical goods,2023,1.483,
HRV,Croatia,HP35,Providers of home healthcare services,2023,0.05,
HRV,Croatia,HP2,Residential long-term care facilities,2023,0.041,
HRV,Croatia,HP73,Private health insurance administration agencies,2023,0.03,
HRV,Croatia,HP4,Providers of ancillary services,2023,0.243,
HRV,Croatia,HP29,Other residential long-term care facilities,2023,0.023,
HRV,Croatia,HP29,Other residential long-term care facilities,2024,0.028,
HRV,Croatia,HP4,Providers of ancillary services,2024,0.302,
HRV,Croatia,HP73,Private health insurance administration agencies,2024,0.032,
HRV,Croatia,HP2,Residential long-term care facilities,2024,0.048,
HRV,Croatia,HP35,Providers of home healthcare services,2024,0.064,
HRV,Croatia,HP5,Retailers and other providers of medical goods,2024,1.499,
HRV,Croatia,HP52,Retail sellers and other suppliers of durable medical goods and medical appliances,2024,0.238,
HRV,Croatia,HP72,Social health insurance agencies,2024,0.093,
HRV,Croatia,HP42,Medical and diagnostic laboratories,2024,0.059,
HRV,Croatia,HP8,Rest of the economy,2024,0.028,
HRV,Croatia,HP34,Ambulatory healthcare centres,2024,0.603,
HRV,Croatia,HP51,Pharmacies,2024,1.261,
HRV,Croatia,HP82,All other industries as secondary providers of healthcare,2024,0.006,
HRV,Croatia,HP22,Mental health and substance abuse facilities,2024,0.02,
HRV,Croatia,HP1,Hospitals,2024,3.858,
HRV,Croatia,HP3,Providers of ambulatory healthcare,2024,1.237,
HRV,Croatia,HP11,General hospitals,2024,3.529,
HRV,Croatia,HP6,Providers of preventive care,2024,0.152,
HRV,Croatia,_U,Unknown,2024,0.011,
HRV,Croatia,HP41,Providers of patient transportation and emergency rescue,2024,0.243,
HRV,Croatia,HP81,Households as providers of home healthcare,2024,0.021,
HRV,Croatia,HP32,Dental practices,2024,0.298,
HRV,Croatia,HP7,Providers of healthcare system administration and financing,2024,0.362,
HRV,Croatia,HP31,Medical practices,2024,0.26,
HRV,Croatia,HP71,Government health administration agencies,2024,0.237,
HRV,Croatia,HP9,Rest of the world,2024,0.055,
HRV,Croatia,HP13,Specialised hospitals (other than mental health hospitals),2024,0.225,
HRV,Croatia,HP33,Other healthcare practitioners,2024,0.012,
HRV,Croatia,HP12,Mental health hospitals,2024,0.104,
HRV,Croatia,HP59,All other miscellaneous sellers and other suppliers of pharmaceuticals and medical goods,2017,0.002,
HRV,Croatia,HP59,All other miscellaneous sellers and other suppliers of pharmaceuticals and medical goods,2016,0.001,
HRV,Croatia,HP79,Other administration agencies,2016,0.001,
HRV,Croatia,HP59,All other miscellaneous sellers and other suppliers of pharmaceuticals and medical goods,2022,0.001,
HRV,Croatia,HP21,Long-term nursing care facilities,2019,0,
HRV,Croatia,HP79,Other administration agencies,2019,0,
HRV,Croatia,HP59,All other miscellaneous sellers and other suppliers of pharmaceuticals and medical goods,2019,0,
HRV,Croatia,HP21,Long-term nursing care facilities,2017,0,
HRV,Croatia,HP79,Other administration agencies,2017,0,
HRV,Croatia,HP21,Long-term nursing care facilities,2022,0,
HRV,Croatia,HP59,All other miscellaneous sellers and other suppliers of pharmaceuticals and medical goods,2018,0,
HRV,Croatia,HP79,Other administration agencies,2018,0,
HRV,Croatia,HP21,Long-term nursing care facilities,2023,0,
HRV,Croatia,HP59,All other miscellaneous sellers and other suppliers of pharmaceuticals and medical goods,2023,0,
HRV,Croatia,HP79,Other administration agencies,2015,0,
HRV,Croatia,HP59,All other miscellaneous sellers and other suppliers of pharmaceuticals and medical goods,2015,0,
HRV,Croatia,HP59,All other miscellaneous sellers and other suppliers of pharmaceuticals and medical goods,2024,0,
HRV,Croatia,HP21,Long-term nursing care facilities,2024,0,
HRV,Croatia,HP21,Long-term nursing care facilities,2021,0,
HRV,Croatia,HP59,All other miscellaneous sellers and other suppliers of pharmaceuticals and medical goods,2021,0,
HRV,Croatia,HP59,All other miscellaneous sellers and other suppliers of pharmaceuticals and medical goods,2020,0,
HRV,Croatia,HP79,Other administration agencies,2020,0,
HRV,Croatia,HP21,Long-term nursing care facilities,2020,0,
HRV,Croatia,_T,Total,2015,6.656,
HRV,Croatia,_T,Total,2016,6.692,
HRV,Croatia,_T,Total,2017,6.628,
HRV,Croatia,_T,Total,2018,6.714,
HRV,Croatia,_T,Total,2019,6.787,
HRV,Croatia,_T,Total,2020,7.684,
HRV,Croatia,_T,Total,2021,8.083,
HRV,Croatia,_T,Total,2022,7.298,
HRV,Croatia,_T,Total,2023,6.963,
HRV,Croatia,_T,Total,2024,7.553,
BGR,Bulgaria,_T,Total,2015,7.394,
BGR,Bulgaria,_T,Total,2016,7.46,
BGR,Bulgaria,_T,Total,2017,7.496,
BGR,Bulgaria,_T,Total,2018,7.358,
BGR,Bulgaria,_T,Total,2019,7.131,
BGR,Bulgaria,_T,Total,2020,8.448,
BGR,Bulgaria,_T,Total,2021,8.585,
BGR,Bulgaria,_T,Total,2022,7.639,
BGR,Bulgaria,_T,Total,2023,7.934,
BGR,Bulgaria,_T,Total,2024,8.538,
USA,United States,_T,Total,2017,16.729,
USA,United States,_T,Total,2018,16.677,
USA,United States,_T,Total,2019,16.745,
USA,United States,_T,Total,2020,18.734,
USA,United States,_T,Total,2021,17.53,
USA,United States,_T,Total,2022,16.744,
USA,United States,_T,Total,2023,16.87,
USA,United States,_T,Total,2024,17.202,
BRA,Brazil,_T,Total,2015,8.909,
BRA,Brazil,_T,Total,2016,9.169,
BRA,Brazil,_T,Total,2017,9.474,
BRA,Brazil,_T,Total,2018,9.465,
BRA,Brazil,_T,Total,2019,9.614,
ZAF,South Africa,_T,Total,2015,8.053,
ZAF,South Africa,_T,Total,2016,8.08,
ZAF,South Africa,_T,Total,2017,7.977,
ZAF,South Africa,_T,Total,2018,8.082,
ZAF,South Africa,_T,Total,2019,8.247,
ZAF,South Africa,_T,Total,2020,9.022,
ZAF,South Africa,_T,Total,2021,8.683,
ZAF,South Africa,_T,Total,2022,8.731,
ZAF,South Africa,_T,Total,2023,8.892,
UKR,Ukraine,_T,Total,2015,7.784,
UKR,Ukraine,_T,Total,2016,7.552,
UKR,Ukraine,_T,Total,2017,7.446,
UKR,Ukraine,_T,Total,2018,7.521,
UKR,Ukraine,_T,Total,2019,7.094,
UKR,Ukraine,_T,Total,2020,7.562,
UKR,Ukraine,_T,Total,2021,8.203,
ALB,Albania,_T,Total,2015,6.417,
ALB,Albania,_T,Total,2016,6.658,
ALB,Albania,_T,Total,2017,6.46,
ALB,Albania,_T,Total,2018,6.572,
ALB,Albania,_T,Total,2019,6.781,
ALB,Albania,_T,Total,2020,7.465,
ALB,Albania,_T,Total,2021,7.358,
ALB,Albania,_T,Total,2023,7.069,
ARG,Argentina,_T,Total,2015,10.274,
ARG,Argentina,_T,Total,2016,10.054,
ARG,Argentina,_T,Total,2017,10.272,
ARG,Argentina,_T,Total,2018,10.315,
ARG,Argentina,_T,Total,2019,10.123,
ARG,Argentina,_T,Total,2020,10.739,
ARG,Argentina,_T,Total,2021,11.061,
ARG,Argentina,_T,Total,2022,10.476,
ARG,Argentina,_T,Total,2023,10.337,
SRB,Serbia,_T,Total,2015,8.463,
SRB,Serbia,_T,Total,2016,8.152,
SRB,Serbia,_T,Total,2017,7.9,
SRB,Serbia,_T,Total,2018,8.185,
SRB,Serbia,_T,Total,2019,8.288,
SRB,Serbia,_T,Total,2020,8.306,
SRB,Serbia,_T,Total,2022,8.582,
SRB,Serbia,_T,Total,2023,8.031,
BIH,Bosnia and Herzegovina,_T,Total,2015,9.241,
BIH,Bosnia and Herzegovina,_T,Total,2016,9.139,
BIH,Bosnia and Herzegovina,_T,Total,2017,8.818,
BIH,Bosnia and Herzegovina,_T,Total,2018,8.761,
BIH,Bosnia and Herzegovina,_T,Total,2019,8.925,
BIH,Bosnia and Herzegovina,_T,Total,2020,9.703,
BIH,Bosnia and Herzegovina,_T,Total,2021,9.555,
BIH,Bosnia and Herzegovina,_T,Total,2022,8.716,
BIH,Bosnia and Herzegovina,_T,Total,2023,8.922,
BIH,Bosnia and Herzegovina,_T,Total,2024,8.985,
CHN,China (People’s Republic of),_T,Total,2015,4.865,
CHN,China (People’s Republic of),_T,Total,2016,4.88,
CHN,China (People’s Republic of),_T,Total,2017,4.956,
CHN,China (People’s Republic of),_T,Total,2018,5.056,
CHN,China (People’s Republic of),_T,Total,2019,5.27,
CHN,China (People’s Republic of),_T,Total,2020,5.544,
CHN,China (People’s Republic of),_T,Total,2021,5.253,
CHN,China (People’s Republic of),_T,Total,2022,5.878,
CHN,China (People’s Republic of),_T,Total,2023,5.944,
THA,Thailand,_T,Total,2015,3.852,
THA,Thailand,_T,Total,2016,3.939,
THA,Thailand,_T,Total,2017,3.853,
THA,Thailand,_T,Total,2018,3.869,
THA,Thailand,_T,Total,2019,3.791,
THA,Thailand,_T,Total,2020,4.359,
THA,Thailand,_T,Total,2021,5.155,
THA,Thailand,_T,Total,2022,5.354,
THA,Thailand,_T,Total,2023,4.349,
THA,Thailand,_T,Total,2024,4.305,
ALB,Albania,_T,Total,2022,7.536,
BRA,Brazil,_T,Total,2022,9.387,B
BRA,Brazil,_T,Total,2021,9.636,P
BRA,Brazil,_T,Total,2020,9.623,P
SRB,Serbia,_T,Total,2021,9.234,B
SRB,Serbia,_T,Total,2024,7.834,P
USA,United States,_T,Total,2025,17.598,E
SRB,Serbia,HP7,Providers of healthcare system administration and financing,2024,0.12,P
SRB,Serbia,HP8,Rest of the economy,2024,0.016,P
SRB,Serbia,HP72,Social health insurance agencies,2024,0.09,P
SRB,Serbia,HP51,Pharmacies,2024,1.713,P
SRB,Serbia,HP22,Mental health and substance abuse facilities,2024,0.007,P
SRB,Serbia,HP35,Providers of home healthcare services,2024,0.006,P
SRB,Serbia,HP21,Long-term nursing care facilities,2024,0.13,P
SRB,Serbia,HP82,All other industries as secondary providers of healthcare,2024,0.016,P
SRB,Serbia,HP3,Providers of ambulatory healthcare,2024,1.628,P
SRB,Serbia,HP49,Other providers of ancillary services,2024,0.028,P
SRB,Serbia,HP9,Rest of the world,2024,0.082,P
SRB,Serbia,HP32,Dental practices,2024,0.186,P
SRB,Serbia,HP13,Specialised hospitals (other than mental health hospitals),2024,0.91,P
SRB,Serbia,HP71,Government health administration agencies,2024,0.024,P
SRB,Serbia,HP41,Providers of patient transportation and emergency rescue,2024,0.042,P
SRB,Serbia,HP6,Providers of preventive care,2024,0.131,P
SRB,Serbia,HP42,Medical and diagnostic laboratories,2024,0.154,P
SRB,Serbia,HP52,Retail sellers and other suppliers of durable medical goods and medical appliances,2024,0.175,P
SRB,Serbia,HP34,Ambulatory healthcare centres,2024,1.241,P
SRB,Serbia,HP11,General hospitals,2024,2.603,P
SRB,Serbia,HP12,Mental health hospitals,2024,0.093,P
SRB,Serbia,HP31,Medical practices,2024,0.174,P
SRB,Serbia,HP5,Retailers and other providers of medical goods,2024,1.889,P
SRB,Serbia,HP33,Other healthcare practitioners,2024,0.021,P
SRB,Serbia,HP1,Hospitals,2024,3.607,P
SRB,Serbia,HP4,Providers of ancillary services,2024,0.224,P
SRB,Serbia,HP2,Residential long-term care facilities,2024,0.137,P
SRB,Serbia,HP79,Other administration agencies,2024,0.006,P
SRB,Serbia,HP79,Other administration agencies,2021,0.007,B
SRB,Serbia,HP2,Residential long-term care facilities,2021,0.144,B
SRB,Serbia,HP4,Providers of ancillary services,2021,0.348,B
SRB,Serbia,HP1,Hospitals,2021,3.886,B
SRB,Serbia,HP33,Other healthcare practitioners,2021,0.017,B
SRB,Serbia,HP5,Retailers and other providers of medical goods,2021,2.391,B
SRB,Serbia,HP31,Medical practices,2021,0.138,B
SRB,Serbia,HP12,Mental health hospitals,2021,0.096,B
SRB,Serbia,HP11,General hospitals,2021,2.797,B
SRB,Serbia,HP34,Ambulatory healthcare centres,2021,1.487,B
SRB,Serbia,HP52,Retail sellers and other suppliers of durable medical goods and medical appliances,2021,0.182,B
SRB,Serbia,HP42,Medical and diagnostic laboratories,2021,0.266,B
SRB,Serbia,HP6,Providers of preventive care,2021,0.202,B
SRB,Serbia,HP41,Providers of patient transportation and emergency rescue,2021,0.047,B
SRB,Serbia,HP71,Government health administration agencies,2021,0.12,B
SRB,Serbia,HP13,Specialised hospitals (other than mental health hospitals),2021,0.993,B
SRB,Serbia,HP32,Dental practices,2021,0.171,B
SRB,Serbia,HP9,Rest of the world,2021,0.107,B
SRB,Serbia,HP49,Other providers of ancillary services,2021,0.034,B
SRB,Serbia,HP3,Providers of ambulatory healthcare,2021,1.82,B
SRB,Serbia,HP82,All other industries as secondary providers of healthcare,2021,0.018,B
SRB,Serbia,HP21,Long-term nursing care facilities,2021,0.135,B
SRB,Serbia,HP35,Providers of home healthcare services,2021,0.007,B
SRB,Serbia,HP22,Mental health and substance abuse facilities,2021,0.009,B
SRB,Serbia,HP51,Pharmacies,2021,2.21,B
SRB,Serbia,HP72,Social health insurance agencies,2021,0.191,B
SRB,Serbia,HP8,Rest of the economy,2021,0.018,B
SRB,Serbia,HP7,Providers of healthcare system administration and financing,2021,0.318,B
USA,United States,HP35,Providers of home healthcare services,2016,0.501,
USA,United States,HP8,Rest of the economy,2016,0.062,
USA,United States,HP51,Pharmacies,2016,1.669,
USA,United States,_U,Unknown,2016,0.922,
USA,United States,HP7,Providers of healthcare system administration and financing,2016,1.374,
USA,United States,HP1,Hospitals,2016,5.506,
USA,United States,HP59,All other miscellaneous sellers and other suppliers of pharmaceuticals and medical goods,2016,0.39,
USA,United States,HP33,Other healthcare practitioners,2016,0.49,
USA,United States,HP73,Private health insurance administration agencies,2016,0.659,
USA,United States,HP21,Long-term nursing care facilities,2016,0.861,
USA,United States,HP21,Long-term nursing care facilities,2017,0.833,
USA,United States,HP73,Private health insurance administration agencies,2017,0.688,
USA,United States,HP33,Other healthcare practitioners,2017,0.494,
USA,United States,HP59,All other miscellaneous sellers and other suppliers of pharmaceuticals and medical goods,2017,0.389,
USA,United States,HP1,Hospitals,2017,5.494,
USA,United States,HP7,Providers of healthcare system administration and financing,2017,1.36,
USA,United States,_U,Unknown,2017,0.944,
USA,United States,HP51,Pharmacies,2017,1.612,
USA,United States,HP8,Rest of the economy,2017,0.062,
USA,United States,HP35,Providers of home healthcare services,2017,0.509,
USA,United States,HP52,Retail sellers and other suppliers of durable medical goods and medical appliances,2017,0.268,
USA,United States,HP3,Providers of ambulatory healthcare,2017,5.272,
USA,United States,HP34,Ambulatory healthcare centres,2017,0.939,
USA,United States,HP32,Dental practices,2017,0.669,
USA,United States,HP6,Providers of preventive care,2017,0.494,
USA,United States,HP72,Social health insurance agencies,2017,0.327,
USA,United States,HP82,All other industries as secondary providers of healthcare,2017,0.062,
USA,United States,HP71,Government health administration agencies,2017,0.346,
USA,United States,HP5,Retailers and other providers of medical goods,2017,2.269,
USA,United States,HP31,Medical practices,2017,2.661,
USA,United States,HP2,Residential long-term care facilities,2017,0.833,
USA,United States,HP2,Residential long-term care facilities,2018,0.808,
USA,United States,HP31,Medical practices,2018,2.645,
USA,United States,HP5,Retailers and other providers of medical goods,2018,2.218,
USA,United States,HP71,Government health administration agencies,2018,0.349,
USA,United States,HP82,All other industries as secondary providers of healthcare,2018,0.062,
USA,United States,HP72,Social health insurance agencies,2018,0.343,
USA,United States,HP6,Providers of preventive care,2018,0.487,
USA,United States,HP32,Dental practices,2018,0.667,
USA,United States,HP34,Ambulatory healthcare centres,2018,0.944,
USA,United States,HP3,Providers of ambulatory healthcare,2018,5.28,
USA,United States,HP52,Retail sellers and other suppliers of durable medical goods and medical appliances,2018,0.272,
USA,United States,HP35,Providers of home healthcare services,2018,0.516,
USA,United States,HP8,Rest of the economy,2018,0.062,
USA,United States,HP51,Pharmacies,2018,1.556,
USA,United States,_U,Unknown,2018,0.931,
USA,United States,HP7,Providers of healthcare system administration and financing,2018,1.467,
USA,United States,HP1,Hospitals,2018,5.425,
USA,United States,HP59,All other miscellaneous sellers and other suppliers of pharmaceuticals and medical goods,2018,0.391,
USA,United States,HP33,Other healthcare practitioners,2018,0.508,
USA,United States,HP73,Private health insurance administration agencies,2018,0.774,
USA,United States,HP21,Long-term nursing care facilities,2018,0.808,
USA,United States,HP21,Long-term nursing care facilities,2019,0.801,
USA,United States,HP73,Private health insurance administration agencies,2019,0.693,
USA,United States,HP33,Other healthcare practitioners,2019,0.519,
USA,United States,HP59,All other miscellaneous sellers and other suppliers of pharmaceuticals and medical goods,2019,0.395,
USA,United States,HP1,Hospitals,2019,5.521,
USA,United States,HP7,Providers of healthcare system administration and financing,2019,1.36,
USA,United States,_U,Unknown,2019,0.92,
USA,United States,HP51,Pharmacies,2019,1.55,
USA,United States,HP8,Rest of the economy,2019,0.063,
USA,United States,HP35,Providers of home healthcare services,2019,0.529,
USA,United States,HP52,Retail sellers and other suppliers of durable medical goods and medical appliances,2019,0.279,
USA,United States,HP3,Providers of ambulatory healthcare,2019,5.348,
USA,United States,HP34,Ambulatory healthcare centres,2019,0.958,
USA,United States,HP32,Dental practices,2019,0.671,
USA,United States,HP6,Providers of preventive care,2019,0.508,
USA,United States,HP72,Social health insurance agencies,2019,0.34,
USA,United States,HP82,All other industries as secondary providers of healthcare,2019,0.063,
USA,United States,HP71,Government health administration agencies,2019,0.328,
USA,United States,HP5,Retailers and other providers of medical goods,2019,2.223,
USA,United States,HP31,Medical practices,2019,2.671,
USA,United States,HP2,Residential long-term care facilities,2019,0.801,
USA,United States,HP2,Residential long-term care facilities,2020,0.9,
USA,United States,HP31,Medical practices,2020,2.892,
USA,United States,HP5,Retailers and other providers of medical goods,2020,2.342,
USA,United States,HP71,Government health administration agencies,2020,0.422,
USA,United States,HP82,All other industries as secondary providers of healthcare,2020,0.065,
USA,United States,HP72,Social health insurance agencies,2020,0.402,
USA,United States,HP6,Providers of preventive care,2020,1.143,
USA,United States,HP32,Dental practices,2020,0.657,
USA,United States,HP34,Ambulatory healthcare centres,2020,1.025,
USA,United States,HP3,Providers of ambulatory healthcare,2020,5.723,
USA,United States,HP52,Retail sellers and other suppliers of durable medical goods and medical appliances,2020,0.282,
USA,United States,HP35,Providers of home healthcare services,2020,0.59,
USA,United States,HP8,Rest of the economy,2020,0.065,
USA,United States,HP51,Pharmacies,2020,1.616,
USA,United States,_U,Unknown,2020,1.007,
USA,United States,HP7,Providers of healthcare system administration and financing,2020,1.662,
USA,United States,HP1,Hospitals,2020,5.892,
USA,United States,HP59,All other miscellaneous sellers and other suppliers of pharmaceuticals and medical goods,2020,0.444,
USA,United States,HP33,Other healthcare practitioners,2020,0.559,
USA,United States,HP73,Private health insurance administration agencies,2020,0.838,
USA,United States,HP21,Long-term nursing care facilities,2020,0.9,
USA,United States,HP21,Long-term nursing care facilities,2021,0.755,
USA,United States,HP73,Private health insurance administration agencies,2021,0.648,
USA,United States,HP33,Other healthcare practitioners,2021,0.576,
USA,United States,HP59,All other miscellaneous sellers and other suppliers of pharmaceuticals and medical goods,2021,0.448,
USA,United States,HP1,Hospitals,2021,5.56,
USA,United States,HP7,Providers of healthcare system administration and financing,2021,1.364,
USA,United States,_U,Unknown,2021,0.962,
USA,United States,HP51,Pharmacies,2021,1.542,
USA,United States,HP8,Rest of the economy,2021,0.063,
USA,United States,HP35,Providers of home healthcare services,2021,0.537,
USA,United States,HP52,Retail sellers and other suppliers of durable medical goods and medical appliances,2021,0.303,
USA,United States,HP3,Providers of ambulatory healthcare,2021,5.628,
USA,United States,HP34,Ambulatory healthcare centres,2021,0.984,
USA,United States,HP32,Dental practices,2021,0.701,
USA,United States,HP6,Providers of preventive care,2021,0.906,
USA,United States,HP72,Social health insurance agencies,2021,0.316,
USA,United States,HP82,All other industries as secondary providers of healthcare,2021,0.063,
USA,United States,HP71,Government health administration agencies,2021,0.399,
USA,United States,HP5,Retailers and other providers of medical goods,2021,2.293,
USA,United States,HP31,Medical practices,2021,2.83,
USA,United States,HP2,Residential long-term care facilities,2021,0.755,
USA,United States,HP2,Residential long-term care facilities,2024,0.751,
USA,United States,HP31,Medical practices,2024,2.829,
USA,United States,HP5,Retailers and other providers of medical goods,2024,2.328,
USA,United States,HP71,Government health administration agencies,2024,0.331,
USA,United States,HP82,All other industries as secondary providers of healthcare,2024,0.062,
USA,United States,HP72,Social health insurance agencies,2024,0.307,
USA,United States,HP6,Providers of preventive care,2024,0.541,
USA,United States,HP32,Dental practices,2024,0.646,
USA,United States,HP34,Ambulatory healthcare centres,2024,0.958,
USA,United States,HP3,Providers of ambulatory healthcare,2024,5.642,
USA,United States,HP52,Retail sellers and other suppliers of durable medical goods and medical appliances,2024,0.295,
USA,United States,HP35,Providers of home healthcare services,2024,0.578,
USA,United States,HP8,Rest of the economy,2024,0.062,
USA,United States,HP51,Pharmacies,2024,1.594,
USA,United States,_U,Unknown,2024,1.029,
USA,United States,HP7,Providers of healthcare system administration and financing,2024,1.27,
USA,United States,HP1,Hospitals,2024,5.58,
USA,United States,HP59,All other miscellaneous sellers and other suppliers of pharmaceuticals and medical goods,2024,0.439,
USA,United States,HP33,Other healthcare practitioners,2024,0.631,
USA,United States,HP73,Private health insurance administration agencies,2024,0.632,
USA,United States,HP21,Long-term nursing care facilities,2024,0.751,
ROU,Romania,HP7,Providers of healthcare system administration and financing,2024,0.164,
BIH,Bosnia and Herzegovina,HP3,Providers of ambulatory healthcare,2024,2.306,
BIH,Bosnia and Herzegovina,HP59,All other miscellaneous sellers and other suppliers of pharmaceuticals and medical goods,2024,0,
BIH,Bosnia and Herzegovina,HP8,Rest of the economy,2024,0.125,
BIH,Bosnia and Herzegovina,HP81,Households as providers of home healthcare,2024,0.122,
BIH,Bosnia and Herzegovina,HP4,Providers of ancillary services,2024,0.121,
BIH,Bosnia and Herzegovina,HP52,Retail sellers and other suppliers of durable medical goods and medical appliances,2024,0.282,
BIH,Bosnia and Herzegovina,HP73,Private health insurance administration agencies,2024,0.024,
BIH,Bosnia and Herzegovina,HP22,Mental health and substance abuse facilities,2024,0.001,
BIH,Bosnia and Herzegovina,HP51,Pharmacies,2024,2.239,
BIH,Bosnia and Herzegovina,HP41,Providers of patient transportation and emergency rescue,2024,0.005,
BIH,Bosnia and Herzegovina,HP1,Hospitals,2024,3.474,
BIH,Bosnia and Herzegovina,HP12,Mental health hospitals,2024,0.033,
BIH,Bosnia and Herzegovina,HP42,Medical and diagnostic laboratories,2024,0.116,
BIH,Bosnia and Herzegovina,HP21,Long-term nursing care facilities,2024,0.011,
BIH,Bosnia and Herzegovina,HP13,Specialised hospitals (other than mental health hospitals),2024,0.207,
BIH,Bosnia and Herzegovina,HP32,Dental practices,2024,0.24,
BIH,Bosnia and Herzegovina,HP2,Residential long-term care facilities,2024,0.011,
BIH,Bosnia and Herzegovina,HP72,Social health insurance agencies,2024,0.183,
BIH,Bosnia and Herzegovina,HP6,Providers of preventive care,2024,0.045,
BIH,Bosnia and Herzegovina,HP5,Retailers and other providers of medical goods,2024,2.521,
BIH,Bosnia and Herzegovina,HP71,Government health administration agencies,2024,0.01,
BIH,Bosnia and Herzegovina,HP11,General hospitals,2024,3.234,
BIH,Bosnia and Herzegovina,HP82,All other industries as secondary providers of healthcare,2024,0.003,
BIH,Bosnia and Herzegovina,HP34,Ambulatory healthcare centres,2024,1.815,
BIH,Bosnia and Herzegovina,HP31,Medical practices,2024,0.206,
BIH,Bosnia and Herzegovina,HP7,Providers of healthcare system administration and financing,2024,0.217,
BIH,Bosnia and Herzegovina,HP33,Other healthcare practitioners,2024,0.046,
BIH,Bosnia and Herzegovina,HP9,Rest of the world,2024,0.165,
USA,United States,HP21,Long-term nursing care facilities,2023,0.737,
USA,United States,HP73,Private health insurance administration agencies,2023,0.639,
USA,United States,HP33,Other healthcare practitioners,2023,0.6,
USA,United States,HP59,All other miscellaneous sellers and other suppliers of pharmaceuticals and medical goods,2023,0.443,
USA,United States,HP1,Hospitals,2023,5.398,
USA,United States,HP7,Providers of healthcare system administration and financing,2023,1.334,
USA,United States,_U,Unknown,2023,0.991,
USA,United States,HP51,Pharmacies,2023,1.557,
USA,United States,HP8,Rest of the economy,2023,0.061,
USA,United States,HP35,Providers of home healthcare services,2023,0.552,
USA,United States,HP52,Retail sellers and other suppliers of durable medical goods and medical appliances,2023,0.295,
USA,United States,HP3,Providers of ambulatory healthcare,2023,5.483,
USA,United States,HP34,Ambulatory healthcare centres,2023,0.936,
USA,United States,HP32,Dental practices,2023,0.638,
USA,United States,HP6,Providers of preventive care,2023,0.572,
USA,United States,HP72,Social health insurance agencies,2023,0.335,
USA,United States,HP82,All other industries as secondary providers of healthcare,2023,0.061,
USA,United States,HP71,Government health administration agencies,2023,0.36,
USA,United States,HP5,Retailers and other providers of medical goods,2023,2.295,
USA,United States,HP31,Medical practices,2023,2.757,
USA,United States,HP2,Residential long-term care facilities,2023,0.737,
BIH,Bosnia and Herzegovina,HP9,Rest of the world,2023,0.162,
BIH,Bosnia and Herzegovina,HP33,Other healthcare practitioners,2023,0.048,
BIH,Bosnia and Herzegovina,HP7,Providers of healthcare system administration and financing,2023,0.214,
BIH,Bosnia and Herzegovina,HP31,Medical practices,2023,0.214,
BIH,Bosnia and Herzegovina,HP34,Ambulatory healthcare centres,2023,1.856,
BIH,Bosnia and Herzegovina,HP82,All other industries as secondary providers of healthcare,2023,0.001,
BIH,Bosnia and Herzegovina,HP11,General hospitals,2023,3.247,
BIH,Bosnia and Herzegovina,HP71,Government health administration agencies,2023,0.01,
BIH,Bosnia and Herzegovina,HP5,Retailers and other providers of medical goods,2023,2.433,
BIH,Bosnia and Herzegovina,HP6,Providers of preventive care,2023,0.038,
BIH,Bosnia and Herzegovina,HP72,Social health insurance agencies,2023,0.18,
BIH,Bosnia and Herzegovina,HP2,Residential long-term care facilities,2023,0.011,
BIH,Bosnia and Herzegovina,HP32,Dental practices,2023,0.25,
BIH,Bosnia and Herzegovina,HP13,Specialised hospitals (other than mental health hospitals),2023,0.196,
BIH,Bosnia and Herzegovina,HP21,Long-term nursing care facilities,2023,0.01,
BIH,Bosnia and Herzegovina,HP42,Medical and diagnostic laboratories,2023,0.12,
BIH,Bosnia and Herzegovina,HP12,Mental health hospitals,2023,0.032,
BIH,Bosnia and Herzegovina,HP1,Hospitals,2023,3.475,
BIH,Bosnia and Herzegovina,HP41,Providers of patient transportation and emergency rescue,2023,0.005,
BIH,Bosnia and Herzegovina,HP51,Pharmacies,2023,2.147,
BIH,Bosnia and Herzegovina,HP22,Mental health and substance abuse facilities,2023,0,
BIH,Bosnia and Herzegovina,HP73,Private health insurance administration agencies,2023,0.023,
BIH,Bosnia and Herzegovina,HP52,Retail sellers and other suppliers of durable medical goods and medical appliances,2023,0.285,
BIH,Bosnia and Herzegovina,HP4,Providers of ancillary services,2023,0.125,
BIH,Bosnia and Herzegovina,HP81,Households as providers of home healthcare,2023,0.095,
BIH,Bosnia and Herzegovina,HP8,Rest of the economy,2023,0.096,
BIH,Bosnia and Herzegovina,HP59,All other miscellaneous sellers and other suppliers of pharmaceuticals and medical goods,2023,0.001,
BIH,Bosnia and Herzegovina,HP3,Providers of ambulatory healthcare,2023,2.368,
SRB,Serbia,HP79,Other administration agencies,2023,0.005,
SRB,Serbia,HP2,Residential long-term care facilities,2023,0.148,
SRB,Serbia,HP4,Providers of ancillary services,2023,0.253,
SRB,Serbia,HP1,Hospitals,2023,3.636,
SRB,Serbia,HP33,Other healthcare practitioners,2023,0.019,
SRB,Serbia,HP5,Retailers and other providers of medical goods,2023,1.997,
SRB,Serbia,HP31,Medical practices,2023,0.157,
SRB,Serbia,HP12,Mental health hospitals,2023,0.091,
SRB,Serbia,HP11,General hospitals,2023,2.645,
SRB,Serbia,HP34,Ambulatory healthcare centres,2023,1.243,
SRB,Serbia,HP52,Retail sellers and other suppliers of durable medical goods and medical appliances,2023,0.169,
SRB,Serbia,HP42,Medical and diagnostic laboratories,2023,0.179,
SRB,Serbia,HP6,Providers of preventive care,2023,0.149,
SRB,Serbia,HP41,Providers of patient transportation and emergency rescue,2023,0.044,
SRB,Serbia,HP71,Government health administration agencies,2023,0.038,
SRB,Serbia,HP13,Specialised hospitals (other than mental health hospitals),2023,0.9,
SRB,Serbia,HP32,Dental practices,2023,0.175,
SRB,Serbia,HP9,Rest of the world,2023,0.085,
SRB,Serbia,HP49,Other providers of ancillary services,2023,0.031,
SRB,Serbia,HP3,Providers of ambulatory healthcare,2023,1.6,
SRB,Serbia,HP82,All other industries as secondary providers of healthcare,2023,0.02,
SRB,Serbia,HP21,Long-term nursing care facilities,2023,0.141,
SRB,Serbia,HP35,Providers of home healthcare services,2023,0.007,
SRB,Serbia,HP22,Mental health and substance abuse facilities,2023,0.007,
SRB,Serbia,HP51,Pharmacies,2023,1.828,
SRB,Serbia,HP72,Social health insurance agencies,2023,0.099,
SRB,Serbia,HP8,Rest of the economy,2023,0.02,
SRB,Serbia,HP7,Providers of healthcare system administration and financing,2023,0.143,
THA,Thailand,HP41,Providers of patient transportation and emergency rescue,2023,0.006,
THA,Thailand,HP1,Hospitals,2023,2.867,
THA,Thailand,HP7,Providers of healthcare system administration and financing,2023,0.59,
THA,Thailand,HP31,Medical practices,2023,0.098,
THA,Thailand,HP13,Specialised hospitals (other than mental health hospitals),2023,0.049,
THA,Thailand,HP12,Mental health hospitals,2023,0.017,
THA,Thailand,HP11,General hospitals,2023,2.801,
THA,Thailand,_U,Unknown,2023,0.096,
THA,Thailand,HP72,Social health insurance agencies,2023,0.019,
THA,Thailand,HP51,Pharmacies,2023,0.189,
THA,Thailand,HP52,Retail sellers and other suppliers of durable medical goods and medical appliances,2023,0.016,
THA,Thailand,HP5,Retailers and other providers of medical goods,2023,0.226,
THA,Thailand,HP33,Other healthcare practitioners,2023,0.002,
THA,Thailand,HP3,Providers of ambulatory healthcare,2023,0.416,
THA,Thailand,HP71,Government health administration agencies,2023,0.282,
THA,Thailand,HP6,Providers of preventive care,2023,0.148,
THA,Thailand,HP32,Dental practices,2023,0.076,
THA,Thailand,HP59,All other miscellaneous sellers and other suppliers of pharmaceuticals and medical goods,2023,0.02,
THA,Thailand,HP73,Private health insurance administration agencies,2023,0.275,
THA,Thailand,HP79,Other administration agencies,2023,0.013,
THA,Thailand,HP34,Ambulatory healthcare centres,2023,0.24,
THA,Thailand,HP4,Providers of ancillary services,2023,0.006,
THA,Thailand,HP2,Residential long-term care facilities,2023,0.001,
THA,Thailand,HP22,Mental health and substance abuse facilities,2023,0.001,
THA,Thailand,HP29,Other residential long-term care facilities,2023,0,
THA,Thailand,HP21,Long-term nursing care facilities,2023,0,
THA,Thailand,HP35,Providers of home healthcare services,2023,0,
SRB,Serbia,HP7,Providers of healthcare system administration and financing,2022,0.254,
SRB,Serbia,HP8,Rest of the economy,2022,0.024,
SRB,Serbia,HP72,Social health insurance agencies,2022,0.147,
SRB,Serbia,HP51,Pharmacies,2022,1.942,
SRB,Serbia,HP22,Mental health and substance abuse facilities,2022,0.007,
SRB,Serbia,HP35,Providers of home healthcare services,2022,0.007,
SRB,Serbia,HP21,Long-term nursing care facilities,2022,0.138,
SRB,Serbia,HP82,All other industries as secondary providers of healthcare,2022,0.024,
SRB,Serbia,HP3,Providers of ambulatory healthcare,2022,1.761,
SRB,Serbia,HP49,Other providers of ancillary services,2022,0.034,
SRB,Serbia,HP9,Rest of the world,2022,0.075,
SRB,Serbia,HP32,Dental practices,2022,0.172,
SRB,Serbia,HP13,Specialised hospitals (other than mental health hospitals),2022,0.933,
SRB,Serbia,HP71,Government health administration agencies,2022,0.1,
SRB,Serbia,HP41,Providers of patient transportation and emergency rescue,2022,0.048,
SRB,Serbia,HP6,Providers of preventive care,2022,0.195,
SRB,Serbia,HP42,Medical and diagnostic laboratories,2022,0.179,
SRB,Serbia,HP52,Retail sellers and other suppliers of durable medical goods and medical appliances,2022,0.164,
SRB,Serbia,HP34,Ambulatory healthcare centres,2022,1.419,
SRB,Serbia,HP11,General hospitals,2022,2.736,
SRB,Serbia,HP12,Mental health hospitals,2022,0.093,
SRB,Serbia,HP31,Medical practices,2022,0.147,
SRB,Serbia,HP5,Retailers and other providers of medical goods,2022,2.105,
SRB,Serbia,HP33,Other healthcare practitioners,2022,0.016,
SRB,Serbia,HP1,Hospitals,2022,3.762,
SRB,Serbia,HP4,Providers of ancillary services,2022,0.261,
SRB,Serbia,HP2,Residential long-term care facilities,2022,0.145,
SRB,Serbia,HP79,Other administration agencies,2022,0.007,
BIH,Bosnia and Herzegovina,HP3,Providers of ambulatory healthcare,2022,2.413,
BIH,Bosnia and Herzegovina,HP59,All other miscellaneous sellers and other suppliers of pharmaceuticals and medical goods,2022,0.001,
BIH,Bosnia and Herzegovina,HP8,Rest of the economy,2022,0.089,
BIH,Bosnia and Herzegovina,HP81,Households as providers of home healthcare,2022,0.084,
BIH,Bosnia and Herzegovina,HP4,Providers of ancillary services,2022,0.128,
BIH,Bosnia and Herzegovina,HP52,Retail sellers and other suppliers of durable medical goods and medical appliances,2022,0.282,
BIH,Bosnia and Herzegovina,HP73,Private health insurance administration agencies,2022,0.02,
BIH,Bosnia and Herzegovina,HP22,Mental health and substance abuse facilities,2022,0,
BIH,Bosnia and Herzegovina,HP51,Pharmacies,2022,2.066,
BIH,Bosnia and Herzegovina,HP41,Providers of patient transportation and emergency rescue,2022,0.004,
BIH,Bosnia and Herzegovina,HP1,Hospitals,2022,3.308,
BIH,Bosnia and Herzegovina,HP12,Mental health hospitals,2022,0.03,
BIH,Bosnia and Herzegovina,HP42,Medical and diagnostic laboratories,2022,0.124,
BIH,Bosnia and Herzegovina,HP21,Long-term nursing care facilities,2022,0.01,
BIH,Bosnia and Herzegovina,HP13,Specialised hospitals (other than mental health hospitals),2022,0.184,
BIH,Bosnia and Herzegovina,HP32,Dental practices,2022,0.255,
BIH,Bosnia and Herzegovina,HP2,Residential long-term care facilities,2022,0.01,
BIH,Bosnia and Herzegovina,HP72,Social health insurance agencies,2022,0.193,
BIH,Bosnia and Herzegovina,HP6,Providers of preventive care,2022,0.038,
BIH,Bosnia and Herzegovina,HP5,Retailers and other providers of medical goods,2022,2.349,
BIH,Bosnia and Herzegovina,HP71,Government health administration agencies,2022,0.012,
BIH,Bosnia and Herzegovina,HP11,General hospitals,2022,3.095,
BIH,Bosnia and Herzegovina,HP82,All other industries as secondary providers of healthcare,2022,0.005,
BIH,Bosnia and Herzegovina,HP34,Ambulatory healthcare centres,2022,1.892,
BIH,Bosnia and Herzegovina,HP31,Medical practices,2022,0.217,
BIH,Bosnia and Herzegovina,HP7,Providers of healthcare system administration and financing,2022,0.225,
BIH,Bosnia and Herzegovina,HP33,Other healthcare practitioners,2022,0.049,
BIH,Bosnia and Herzegovina,HP9,Rest of the world,2022,0.157,
USA,United States,HP2,Residential long-term care facilities,2022,0.724,
USA,United States,HP31,Medical practices,2022,2.738,
USA,United States,HP5,Retailers and other providers of medical goods,2022,2.239,
USA,United States,HP71,Government health administration agencies,2022,0.378,
USA,United States,HP82,All other industries as secondary providers of healthcare,2022,0.061,
USA,United States,HP72,Social health insurance agencies,2022,0.342,
USA,United States,HP6,Providers of preventive care,2022,0.805,
USA,United States,HP32,Dental practices,2022,0.64,
USA,United States,HP34,Ambulatory healthcare centres,2022,0.934,
USA,United States,HP3,Providers of ambulatory healthcare,2022,5.408,
USA,United States,HP52,Retail sellers and other suppliers of durable medical goods and medical appliances,2022,0.297,
USA,United States,HP35,Providers of home healthcare services,2022,0.531,
USA,United States,HP8,Rest of the economy,2022,0.061,
USA,United States,HP51,Pharmacies,2022,1.499,
USA,United States,_U,Unknown,2022,0.963,
USA,United States,HP7,Providers of healthcare system administration and financing,2022,1.334,
USA,United States,HP1,Hospitals,2022,5.21,
USA,United States,HP59,All other miscellaneous sellers and other suppliers of pharmaceuticals and medical goods,2022,0.443,
USA,United States,HP33,Other healthcare practitioners,2022,0.566,
USA,United States,HP73,Private health insurance administration agencies,2022,0.614,
USA,United States,HP21,Long-term nursing care facilities,2022,0.724,
THA,Thailand,HP8,Rest of the economy,2022,0.002,
THA,Thailand,HP4,Providers of ancillary services,2022,0.012,
THA,Thailand,HP34,Ambulatory healthcare centres,2022,0.218,
THA,Thailand,HP35,Providers of home healthcare services,2022,0.002,
THA,Thailand,HP79,Other administration agencies,2022,0.01,
THA,Thailand,HP73,Private health insurance administration agencies,2022,0.275,
THA,Thailand,HP59,All other miscellaneous sellers and other suppliers of pharmaceuticals and medical goods,2022,0.1,
THA,Thailand,HP32,Dental practices,2022,0.045,
THA,Thailand,HP6,Providers of preventive care,2022,0.332,
THA,Thailand,HP71,Government health administration agencies,2022,0.272,
THA,Thailand,HP3,Providers of ambulatory healthcare,2022,0.366,
THA,Thailand,HP33,Other healthcare practitioners,2022,0.003,
THA,Thailand,HP5,Retailers and other providers of medical goods,2022,0.33,
THA,Thailand,HP52,Retail sellers and other suppliers of durable medical goods and medical appliances,2022,0.01,
THA,Thailand,HP51,Pharmacies,2022,0.22,
THA,Thailand,HP72,Social health insurance agencies,2022,0.026,
THA,Thailand,_U,Unknown,2022,0.022,
THA,Thailand,HP11,General hospitals,2022,3.627,
THA,Thailand,HP12,Mental health hospitals,2022,0.019,
THA,Thailand,HP13,Specialised hospitals (other than mental health hospitals),2022,0.06,
THA,Thailand,HP31,Medical practices,2022,0.098,
THA,Thailand,HP7,Providers of healthcare system administration and financing,2022,0.584,
THA,Thailand,HP1,Hospitals,2022,3.705,
THA,Thailand,HP42,Medical and diagnostic laboratories,2022,0.005,
THA,Thailand,HP41,Providers of patient transportation and emergency rescue,2022,0.007,
THA,Thailand,HP22,Mental health and substance abuse facilities,2022,0.001,
THA,Thailand,HP2,Residential long-term care facilities,2022,0.001,
THA,Thailand,HP21,Long-term nursing care facilities,2022,0,
THA,Thailand,HP29,Other residential long-term care facilities,2022,0,
BGR,Bulgaria,HP9,Rest of the world,2015,0.034,
BGR,Bulgaria,HP49,Other providers of ancillary services,2015,0.028,
BGR,Bulgaria,HP3,Providers of ambulatory healthcare,2015,1.206,
BGR,Bulgaria,HP12,Mental health hospitals,2015,0.05,
BGR,Bulgaria,HP72,Social health insurance agencies,2015,0.043,
BGR,Bulgaria,HP42,Medical and diagnostic laboratories,2015,0.142,
BGR,Bulgaria,HP31,Medical practices,2015,0.432,
BGR,Bulgaria,HP81,Households as providers of home healthcare,2015,0.049,
BGR,Bulgaria,HP32,Dental practices,2015,0.283,
BGR,Bulgaria,_U,Unknown,2015,0.006,
BGR,Bulgaria,HP52,Retail sellers and other suppliers of durable medical goods and medical appliances,2015,0.151,
BGR,Bulgaria,HP59,All other miscellaneous sellers and other suppliers of pharmaceuticals and medical goods,2015,0.001,
BGR,Bulgaria,HP5,Retailers and other providers of medical goods,2015,2.784,
BGR,Bulgaria,HP7,Providers of healthcare system administration and financing,2015,0.107,
BGR,Bulgaria,HP13,Specialised hospitals (other than mental health hospitals),2015,0.566,
BGR,Bulgaria,HP8,Rest of the economy,2015,0.145,
BGR,Bulgaria,HP6,Providers of preventive care,2015,0.05,
BGR,Bulgaria,HP82,All other industries as secondary providers of healthcare,2015,0.095,
BGR,Bulgaria,HP21,Long-term nursing care facilities,2015,0.009,
BGR,Bulgaria,HP51,Pharmacies,2015,2.632,
BGR,Bulgaria,HP71,Government health administration agencies,2015,0.064,
BGR,Bulgaria,HP11,General hospitals,2015,2.11,
BGR,Bulgaria,HP41,Providers of patient transportation and emergency rescue,2015,0.13,
BGR,Bulgaria,HP4,Providers of ancillary services,2015,0.3,
BGR,Bulgaria,HP29,Other residential long-term care facilities,2015,0.027,
BGR,Bulgaria,HP1,Hospitals,2015,2.725,
BGR,Bulgaria,HP2,Residential long-term care facilities,2015,0.036,
BGR,Bulgaria,HP34,Ambulatory healthcare centres,2015,0.491,
BGR,Bulgaria,HP34,Ambulatory healthcare centres,2016,0.479,
BGR,Bulgaria,HP2,Residential long-term care facilities,2016,0.027,
BGR,Bulgaria,HP1,Hospitals,2016,2.752,
BGR,Bulgaria,HP29,Other residential long-term care facilities,2016,0.021,
BGR,Bulgaria,HP4,Providers of ancillary services,2016,0.292,
BGR,Bulgaria,HP41,Providers of patient transportation and emergency rescue,2016,0.132,
BGR,Bulgaria,HP11,General hospitals,2016,2.126,
BGR,Bulgaria,HP71,Government health administration agencies,2016,0.062,
BGR,Bulgaria,HP51,Pharmacies,2016,2.716,
BGR,Bulgaria,HP21,Long-term nursing care facilities,2016,0.006,
BGR,Bulgaria,HP82,All other industries as secondary providers of healthcare,2016,0.094,
BGR,Bulgaria,HP6,Providers of preventive care,2016,0.059,
BGR,Bulgaria,HP8,Rest of the economy,2016,0.144,
BGR,Bulgaria,HP13,Specialised hospitals (other than mental health hospitals),2016,0.579,
BGR,Bulgaria,HP7,Providers of healthcare system administration and financing,2016,0.106,
BGR,Bulgaria,HP5,Retailers and other providers of medical goods,2016,2.874,
BGR,Bulgaria,HP59,All other miscellaneous sellers and other suppliers of pharmaceuticals and medical goods,2016,0.001,
BGR,Bulgaria,HP52,Retail sellers and other suppliers of durable medical goods and medical appliances,2016,0.158,
BGR,Bulgaria,_U,Unknown,2016,0.005,
BGR,Bulgaria,HP32,Dental practices,2016,0.27,
BGR,Bulgaria,HP81,Households as providers of home healthcare,2016,0.051,
BGR,Bulgaria,HP31,Medical practices,2016,0.411,
BGR,Bulgaria,HP42,Medical and diagnostic laboratories,2016,0.134,
BGR,Bulgaria,HP72,Social health insurance agencies,2016,0.044,
BGR,Bulgaria,HP12,Mental health hospitals,2016,0.048,
BGR,Bulgaria,HP3,Providers of ambulatory healthcare,2016,1.16,
BGR,Bulgaria,HP49,Other providers of ancillary services,2016,0.025,
BGR,Bulgaria,HP9,Rest of the world,2016,0.039,
BGR,Bulgaria,HP9,Rest of the world,2017,0.056,
BGR,Bulgaria,HP49,Other providers of ancillary services,2017,0.023,
BGR,Bulgaria,HP3,Providers of ambulatory healthcare,2017,1.175,
BGR,Bulgaria,HP12,Mental health hospitals,2017,0.048,
BGR,Bulgaria,HP72,Social health insurance agencies,2017,0.043,
BGR,Bulgaria,HP42,Medical and diagnostic laboratories,2017,0.137,
BGR,Bulgaria,HP31,Medical practices,2017,0.421,
BGR,Bulgaria,HP81,Households as providers of home healthcare,2017,0.045,
BGR,Bulgaria,HP32,Dental practices,2017,0.274,
BGR,Bulgaria,_U,Unknown,2017,0.008,
BGR,Bulgaria,HP52,Retail sellers and other suppliers of durable medical goods and medical appliances,2017,0.131,
BGR,Bulgaria,HP59,All other miscellaneous sellers and other suppliers of pharmaceuticals and medical goods,2017,0.003,
BGR,Bulgaria,HP5,Retailers and other providers of medical goods,2017,2.878,
BGR,Bulgaria,HP7,Providers of healthcare system administration and financing,2017,0.107,
BGR,Bulgaria,HP13,Specialised hospitals (other than mental health hospitals),2017,0.583,
BGR,Bulgaria,HP8,Rest of the economy,2017,0.141,
BGR,Bulgaria,HP6,Providers of preventive care,2017,0.058,
BGR,Bulgaria,HP82,All other industries as secondary providers of healthcare,2017,0.096,
BGR,Bulgaria,HP21,Long-term nursing care facilities,2017,0.006,
BGR,Bulgaria,HP51,Pharmacies,2017,2.744,
BGR,Bulgaria,HP71,Government health administration agencies,2017,0.064,
BGR,Bulgaria,HP11,General hospitals,2017,2.127,
BGR,Bulgaria,HP41,Providers of patient transportation and emergency rescue,2017,0.131,
BGR,Bulgaria,HP4,Providers of ancillary services,2017,0.291,
BGR,Bulgaria,HP29,Other residential long-term care facilities,2017,0.02,
BGR,Bulgaria,HP1,Hospitals,2017,2.757,
BGR,Bulgaria,HP2,Residential long-term care facilities,2017,0.026,
BGR,Bulgaria,HP34,Ambulatory healthcare centres,2017,0.48,
BGR,Bulgaria,HP34,Ambulatory healthcare centres,2018,0.419,
BGR,Bulgaria,HP2,Residential long-term care facilities,2018,0.026,
BGR,Bulgaria,HP1,Hospitals,2018,2.84,
BGR,Bulgaria,HP29,Other residential long-term care facilities,2018,0.02,
BGR,Bulgaria,HP4,Providers of ancillary services,2018,0.274,
BGR,Bulgaria,HP41,Providers of patient transportation and emergency rescue,2018,0.132,
BGR,Bulgaria,HP11,General hospitals,2018,2.211,
BGR,Bulgaria,HP71,Government health administration agencies,2018,0.071,
BGR,Bulgaria,HP51,Pharmacies,2018,2.573,
BGR,Bulgaria,HP21,Long-term nursing care facilities,2018,0.007,
BGR,Bulgaria,HP82,All other industries as secondary providers of healthcare,2018,0.105,
BGR,Bulgaria,HP6,Providers of preventive care,2018,0.053,
BGR,Bulgaria,HP8,Rest of the economy,2018,0.151,
BGR,Bulgaria,HP13,Specialised hospitals (other than mental health hospitals),2018,0.583,
BGR,Bulgaria,HP7,Providers of healthcare system administration and financing,2018,0.115,
BGR,Bulgaria,HP5,Retailers and other providers of medical goods,2018,2.701,
BGR,Bulgaria,HP59,All other miscellaneous sellers and other suppliers of pharmaceuticals and medical goods,2018,0.006,
BGR,Bulgaria,HP52,Retail sellers and other suppliers of durable medical goods and medical appliances,2018,0.122,
BGR,Bulgaria,_U,Unknown,2018,0.01,
BGR,Bulgaria,HP32,Dental practices,2018,0.294,
BGR,Bulgaria,HP81,Households as providers of home healthcare,2018,0.046,
BGR,Bulgaria,HP31,Medical practices,2018,0.409,
BGR,Bulgaria,HP42,Medical and diagnostic laboratories,2018,0.118,
BGR,Bulgaria,HP72,Social health insurance agencies,2018,0.044,
BGR,Bulgaria,HP12,Mental health hospitals,2018,0.047,
BGR,Bulgaria,HP3,Providers of ambulatory healthcare,2018,1.121,
BGR,Bulgaria,HP49,Other providers of ancillary services,2018,0.025,
BGR,Bulgaria,HP9,Rest of the world,2018,0.065,
BGR,Bulgaria,HP9,Rest of the world,2019,0.241,
BGR,Bulgaria,HP49,Other providers of ancillary services,2019,0.016,
BGR,Bulgaria,HP3,Providers of ambulatory healthcare,2019,1.07,
BGR,Bulgaria,HP12,Mental health hospitals,2019,0.048,
BGR,Bulgaria,HP72,Social health insurance agencies,2019,0.044,
BGR,Bulgaria,HP42,Medical and diagnostic laboratories,2019,0.122,
BGR,Bulgaria,HP31,Medical practices,2019,0.399,
BGR,Bulgaria,HP81,Households as providers of home healthcare,2019,0.043,
BGR,Bulgaria,HP32,Dental practices,2019,0.282,
BGR,Bulgaria,_U,Unknown,2019,0.008,
BGR,Bulgaria,HP52,Retail sellers and other suppliers of durable medical goods and medical appliances,2019,0.118,
BGR,Bulgaria,HP59,All other miscellaneous sellers and other suppliers of pharmaceuticals and medical goods,2019,0.009,
BGR,Bulgaria,HP5,Retailers and other providers of medical goods,2019,2.546,
BGR,Bulgaria,HP7,Providers of healthcare system administration and financing,2019,0.113,
BGR,Bulgaria,HP13,Specialised hospitals (other than mental health hospitals),2019,0.504,
BGR,Bulgaria,HP8,Rest of the economy,2019,0.128,
BGR,Bulgaria,HP6,Providers of preventive care,2019,0.053,
BGR,Bulgaria,HP82,All other industries as secondary providers of healthcare,2019,0.086,
BGR,Bulgaria,HP21,Long-term nursing care facilities,2019,0.007,
BGR,Bulgaria,HP51,Pharmacies,2019,2.418,
BGR,Bulgaria,HP71,Government health administration agencies,2019,0.069,
BGR,Bulgaria,HP11,General hospitals,2019,2.119,
BGR,Bulgaria,HP41,Providers of patient transportation and emergency rescue,2019,0.138,
BGR,Bulgaria,HP4,Providers of ancillary services,2019,0.276,
BGR,Bulgaria,HP29,Other residential long-term care facilities,2019,0.019,
BGR,Bulgaria,HP1,Hospitals,2019,2.67,
BGR,Bulgaria,HP2,Residential long-term care facilities,2019,0.026,
BGR,Bulgaria,HP34,Ambulatory healthcare centres,2019,0.389,
BGR,Bulgaria,HP34,Ambulatory healthcare centres,2020,0.402,
BGR,Bulgaria,HP2,Residential long-term care facilities,2020,0.027,
BGR,Bulgaria,HP1,Hospitals,2020,3.365,
BGR,Bulgaria,HP29,Other residential long-term care facilities,2020,0.02,
BGR,Bulgaria,HP4,Providers of ancillary services,2020,0.337,
BGR,Bulgaria,HP41,Providers of patient transportation and emergency rescue,2020,0.15,
BGR,Bulgaria,HP11,General hospitals,2020,2.604,
BGR,Bulgaria,HP71,Government health administration agencies,2020,0.14,
BGR,Bulgaria,HP51,Pharmacies,2020,2.72,
BGR,Bulgaria,HP21,Long-term nursing care facilities,2020,0.008,
BGR,Bulgaria,HP82,All other industries as secondary providers of healthcare,2020,0.114,
BGR,Bulgaria,HP6,Providers of preventive care,2020,0.073,
BGR,Bulgaria,HP8,Rest of the economy,2020,0.328,
BGR,Bulgaria,HP13,Specialised hospitals (other than mental health hospitals),2020,0.675,
BGR,Bulgaria,HP7,Providers of healthcare system administration and financing,2020,0.19,
BGR,Bulgaria,HP5,Retailers and other providers of medical goods,2020,2.842,
BGR,Bulgaria,HP59,All other miscellaneous sellers and other suppliers of pharmaceuticals and medical goods,2020,0.009,
BGR,Bulgaria,HP52,Retail sellers and other suppliers of durable medical goods and medical appliances,2020,0.114,
BGR,Bulgaria,_U,Unknown,2020,0.003,
BGR,Bulgaria,HP32,Dental practices,2020,0.319,
BGR,Bulgaria,HP81,Households as providers of home healthcare,2020,0.213,
BGR,Bulgaria,HP31,Medical practices,2020,0.438,
BGR,Bulgaria,HP42,Medical and diagnostic laboratories,2020,0.171,
BGR,Bulgaria,HP72,Social health insurance agencies,2020,0.049,
BGR,Bulgaria,HP12,Mental health hospitals,2020,0.086,
BGR,Bulgaria,HP3,Providers of ambulatory healthcare,2020,1.159,
BGR,Bulgaria,HP49,Other providers of ancillary services,2020,0.017,
BGR,Bulgaria,HP9,Rest of the world,2020,0.123,
BGR,Bulgaria,HP9,Rest of the world,2021,0.145,
BGR,Bulgaria,HP49,Other providers of ancillary services,2021,0.014,
BGR,Bulgaria,HP3,Providers of ambulatory healthcare,2021,1.199,
BGR,Bulgaria,HP12,Mental health hospitals,2021,0.072,
BGR,Bulgaria,HP72,Social health insurance agencies,2021,0.064,
BGR,Bulgaria,HP42,Medical and diagnostic laboratories,2021,0.26,
BGR,Bulgaria,HP31,Medical practices,2021,0.465,
BGR,Bulgaria,HP81,Households as providers of home healthcare,2021,0.301,
BGR,Bulgaria,HP32,Dental practices,2021,0.31,
BGR,Bulgaria,_U,Unknown,2021,0.002,
BGR,Bulgaria,HP52,Retail sellers and other suppliers of durable medical goods and medical appliances,2021,0.115,
BGR,Bulgaria,HP59,All other miscellaneous sellers and other suppliers of pharmaceuticals and medical goods,2021,0.009,
BGR,Bulgaria,HP5,Retailers and other providers of medical goods,2021,2.683,
BGR,Bulgaria,HP7,Providers of healthcare system administration and financing,2021,0.262,
BGR,Bulgaria,HP13,Specialised hospitals (other than mental health hospitals),2021,0.565,
BGR,Bulgaria,HP8,Rest of the economy,2021,0.464,
BGR,Bulgaria,HP6,Providers of preventive care,2021,0.056,
BGR,Bulgaria,HP82,All other industries as secondary providers of healthcare,2021,0.163,
BGR,Bulgaria,HP21,Long-term nursing care facilities,2021,0.009,
BGR,Bulgaria,HP51,Pharmacies,2021,2.559,
BGR,Bulgaria,HP71,Government health administration agencies,2021,0.199,
BGR,Bulgaria,HP11,General hospitals,2021,2.648,
BGR,Bulgaria,HP41,Providers of patient transportation and emergency rescue,2021,0.186,
BGR,Bulgaria,HP4,Providers of ancillary services,2021,0.46,
BGR,Bulgaria,HP29,Other residential long-term care facilities,2021,0.017,
BGR,Bulgaria,HP1,Hospitals,2021,3.286,
BGR,Bulgaria,HP2,Residential long-term care facilities,2021,0.026,
BGR,Bulgaria,HP34,Ambulatory healthcare centres,2021,0.424,
BGR,Bulgaria,HP34,Ambulatory healthcare centres,2022,0.412,
BGR,Bulgaria,HP2,Residential long-term care facilities,2022,0.028,
BGR,Bulgaria,HP1,Hospitals,2022,2.802,
BGR,Bulgaria,HP29,Other residential long-term care facilities,2022,0.017,
BGR,Bulgaria,HP4,Providers of ancillary services,2022,0.355,
BGR,Bulgaria,HP41,Providers of patient transportation and emergency rescue,2022,0.161,
BGR,Bulgaria,HP11,General hospitals,2022,2.33,
BGR,Bulgaria,HP71,Government health administration agencies,2022,0.101,
BGR,Bulgaria,HP51,Pharmacies,2022,2.378,
BGR,Bulgaria,HP21,Long-term nursing care facilities,2022,0.011,
BGR,Bulgaria,HP82,All other industries as secondary providers of healthcare,2022,0.103,
BGR,Bulgaria,HP6,Providers of preventive care,2022,0.061,
BGR,Bulgaria,HP8,Rest of the economy,2022,0.459,
BGR,Bulgaria,HP13,Specialised hospitals (other than mental health hospitals),2022,0.407,
BGR,Bulgaria,HP7,Providers of healthcare system administration and financing,2022,0.151,
BGR,Bulgaria,HP5,Retailers and other providers of medical goods,2022,2.498,
BGR,Bulgaria,HP59,All other miscellaneous sellers and other suppliers of pharmaceuticals and medical goods,2022,0.007,
BGR,Bulgaria,HP52,Retail sellers and other suppliers of durable medical goods and medical appliances,2022,0.113,
BGR,Bulgaria,_U,Unknown,2022,0.002,
BGR,Bulgaria,HP32,Dental practices,2022,0.307,
BGR,Bulgaria,HP81,Households as providers of home healthcare,2022,0.356,
BGR,Bulgaria,HP31,Medical practices,2022,0.429,
BGR,Bulgaria,HP42,Medical and diagnostic laboratories,2022,0.183,
BGR,Bulgaria,HP72,Social health insurance agencies,2022,0.05,
BGR,Bulgaria,HP12,Mental health hospitals,2022,0.065,
BGR,Bulgaria,HP3,Providers of ambulatory healthcare,2022,1.148,
BGR,Bulgaria,HP49,Other providers of ancillary services,2022,0.012,
BGR,Bulgaria,HP9,Rest of the world,2022,0.135,
BGR,Bulgaria,HP9,Rest of the world,2023,0.13,
BGR,Bulgaria,HP49,Other providers of ancillary services,2023,0.011,
BGR,Bulgaria,HP3,Providers of ambulatory healthcare,2023,1.263,
BGR,Bulgaria,HP12,Mental health hospitals,2023,0.06,
BGR,Bulgaria,HP72,Social health insurance agencies,2023,0.05,
BGR,Bulgaria,HP42,Medical and diagnostic laboratories,2023,0.168,
BGR,Bulgaria,HP31,Medical practices,2023,0.452,
BGR,Bulgaria,HP81,Households as providers of home healthcare,2023,0.425,
BGR,Bulgaria,HP32,Dental practices,2023,0.338,
BGR,Bulgaria,_U,Unknown,2023,0.003,
BGR,Bulgaria,HP52,Retail sellers and other suppliers of durable medical goods and medical appliances,2023,0.124,
BGR,Bulgaria,HP59,All other miscellaneous sellers and other suppliers of pharmaceuticals and medical goods,2023,0.007,
BGR,Bulgaria,HP5,Retailers and other providers of medical goods,2023,2.565,
BGR,Bulgaria,HP7,Providers of healthcare system administration and financing,2023,0.12,
BGR,Bulgaria,HP13,Specialised hospitals (other than mental health hospitals),2023,0.383,
BGR,Bulgaria,HP8,Rest of the economy,2023,0.523,
BGR,Bulgaria,HP6,Providers of preventive care,2023,0.061,
BGR,Bulgaria,HP82,All other industries as secondary providers of healthcare,2023,0.098,
BGR,Bulgaria,HP21,Long-term nursing care facilities,2023,0.012,
BGR,Bulgaria,HP51,Pharmacies,2023,2.434,
BGR,Bulgaria,HP71,Government health administration agencies,2023,0.07,
BGR,Bulgaria,HP11,General hospitals,2023,2.466,
BGR,Bulgaria,HP41,Providers of patient transportation and emergency rescue,2023,0.151,
BGR,Bulgaria,HP4,Providers of ancillary services,2023,0.33,
BGR,Bulgaria,HP29,Other residential long-term care facilities,2023,0.018,
BGR,Bulgaria,HP1,Hospitals,2023,2.909,
BGR,Bulgaria,HP2,Residential long-term care facilities,2023,0.03,
BGR,Bulgaria,HP35,Providers of home healthcare services,2023,0.001,
BGR,Bulgaria,HP34,Ambulatory healthcare centres,2023,0.471,
BGR,Bulgaria,HP34,Ambulatory healthcare centres,2024,0.491,
BGR,Bulgaria,HP35,Providers of home healthcare services,2024,0.001,
BGR,Bulgaria,HP2,Residential long-term care facilities,2024,0.03,
BGR,Bulgaria,HP1,Hospitals,2024,3.229,
BGR,Bulgaria,HP29,Other residential long-term care facilities,2024,0.017,
BGR,Bulgaria,HP4,Providers of ancillary services,2024,0.364,
BGR,Bulgaria,HP41,Providers of patient transportation and emergency rescue,2024,0.146,
BGR,Bulgaria,HP11,General hospitals,2024,2.533,
BGR,Bulgaria,HP71,Government health administration agencies,2024,0.055,
BGR,Bulgaria,HP51,Pharmacies,2024,2.443,
BGR,Bulgaria,HP21,Long-term nursing care facilities,2024,0.013,
BGR,Bulgaria,HP82,All other industries as secondary providers of healthcare,2024,0.098,
BGR,Bulgaria,HP6,Providers of preventive care,2024,0.055,
BGR,Bulgaria,HP8,Rest of the economy,2024,0.645,
BGR,Bulgaria,HP13,Specialised hospitals (other than mental health hospitals),2024,0.643,
BGR,Bulgaria,HP7,Providers of healthcare system administration and financing,2024,0.108,
BGR,Bulgaria,HP5,Retailers and other providers of medical goods,2024,2.565,
BGR,Bulgaria,HP59,All other miscellaneous sellers and other suppliers of pharmaceuticals and medical goods,2024,0.009,
BGR,Bulgaria,HP52,Retail sellers and other suppliers of durable medical goods and medical appliances,2024,0.112,
BGR,Bulgaria,_U,Unknown,2024,0.002,
BGR,Bulgaria,HP32,Dental practices,2024,0.425,
BGR,Bulgaria,HP81,Households as providers of home healthcare,2024,0.547,
BGR,Bulgaria,HP31,Medical practices,2024,0.518,
BGR,Bulgaria,HP42,Medical and diagnostic laboratories,2024,0.209,
BGR,Bulgaria,HP72,Social health insurance agencies,2024,0.053,
BGR,Bulgaria,HP12,Mental health hospitals,2024,0.054,
BGR,Bulgaria,HP3,Providers of ambulatory healthcare,2024,1.435,
BGR,Bulgaria,HP49,Other providers of ancillary services,2024,0.01,
BGR,Bulgaria,HP9,Rest of the world,2024,0.105,
BGR,Bulgaria,HP35,Providers of home healthcare services,2021,0,
BGR,Bulgaria,HP35,Providers of home healthcare services,2022,0,
CHE,Switzerland,_T,Total,2021,11.597,
CHE,Switzerland,_T,Total,2016,11.031,
CHE,Switzerland,_T,Total,2018,10.93,
CHE,Switzerland,_T,Total,2017,11.19,
CHE,Switzerland,_T,Total,2015,10.792,
CHE,Switzerland,_T,Total,2019,11.162,
CHE,Switzerland,_T,Total,2020,11.766,
CHE,Switzerland,HP4,Providers of ancillary services,2015,0.266,
CHE,Switzerland,HP72,Social health insurance agencies,2015,0.052,
CHE,Switzerland,HP8,Rest of the economy,2015,0.087,
CHE,Switzerland,HP21,Long-term nursing care facilities,2015,1.449,
CHE,Switzerland,HP6,Providers of preventive care,2015,0.195,
CHE,Switzerland,HP9,Rest of the world,2015,0.066,
CHE,Switzerland,HP73,Private health insurance administration agencies,2015,0.286,
CHE,Switzerland,HP59,All other miscellaneous sellers and other suppliers of pharmaceuticals and medical goods,2015,0.031,
CHE,Switzerland,HP29,Other residential long-term care facilities,2015,0.367,
CHE,Switzerland,HP3,Providers of ambulatory healthcare,2015,2.82,
CHE,Switzerland,HP81,Households as providers of home healthcare,2015,0.087,
CHE,Switzerland,HP35,Providers of home healthcare services,2015,0.312,
CHE,Switzerland,HP32,Dental practices,2015,0.568,
CHE,Switzerland,HP33,Other healthcare practitioners,2015,0.355,
CHE,Switzerland,HP71,Government health administration agencies,2015,0.104,
CHE,Switzerland,HP13,Specialised hospitals (other than mental health hospitals),2015,0.482,
CHE,Switzerland,HP42,Medical and diagnostic laboratories,2015,0.19,
CHE,Switzerland,HP52,Retail sellers and other suppliers of durable medical goods and medical appliances,2015,0.243,
CHE,Switzerland,HP5,Retailers and other providers of medical goods,2015,1.041,
CHE,Switzerland,HP51,Pharmacies,2015,0.767,
CHE,Switzerland,HP22,Mental health and substance abuse facilities,2015,0.05,
CHE,Switzerland,HP2,Residential long-term care facilities,2015,1.865,
CHE,Switzerland,HP41,Providers of patient transportation and emergency rescue,2015,0.076,
CHE,Switzerland,HP12,Mental health hospitals,2015,0.309,
CHE,Switzerland,HP11,General hospitals,2015,3.219,
CHE,Switzerland,HP31,Medical practices,2015,1.585,
CHE,Switzerland,HP7,Providers of healthcare system administration and financing,2015,0.441,
CHE,Switzerland,HP7,Providers of healthcare system administration and financing,2016,0.463,
CHE,Switzerland,HP31,Medical practices,2016,1.63,
CHE,Switzerland,HP11,General hospitals,2016,3.286,
CHE,Switzerland,HP12,Mental health hospitals,2016,0.318,
CHE,Switzerland,HP41,Providers of patient transportation and emergency rescue,2016,0.077,
CHE,Switzerland,HP2,Residential long-term care facilities,2016,1.867,
CHE,Switzerland,HP22,Mental health and substance abuse facilities,2016,0.054,
CHE,Switzerland,HP51,Pharmacies,2016,0.779,
CHE,Switzerland,HP5,Retailers and other providers of medical goods,2016,1.045,
CHE,Switzerland,HP52,Retail sellers and other suppliers of durable medical goods and medical appliances,2016,0.236,
CHE,Switzerland,HP42,Medical and diagnostic laboratories,2016,0.207,
CHE,Switzerland,HP13,Specialised hospitals (other than mental health hospitals),2016,0.53,
CHE,Switzerland,HP71,Government health administration agencies,2016,0.106,
CHE,Switzerland,HP33,Other healthcare practitioners,2016,0.37,
CHE,Switzerland,HP32,Dental practices,2016,0.549,
CHE,Switzerland,HP35,Providers of home healthcare services,2016,0.331,
CHE,Switzerland,HP81,Households as providers of home healthcare,2016,0.087,
CHE,Switzerland,HP3,Providers of ambulatory healthcare,2016,2.881,
CHE,Switzerland,HP29,Other residential long-term care facilities,2016,0.357,
CHE,Switzerland,HP59,All other miscellaneous sellers and other suppliers of pharmaceuticals and medical goods,2016,0.031,
CHE,Switzerland,HP73,Private health insurance administration agencies,2016,0.295,
CHE,Switzerland,HP9,Rest of the world,2016,0.077,
CHE,Switzerland,HP6,Providers of preventive care,2016,0.193,
CHE,Switzerland,HP21,Long-term nursing care facilities,2016,1.455,
CHE,Switzerland,HP8,Rest of the economy,2016,0.087,
CHE,Switzerland,HP72,Social health insurance agencies,2016,0.061,
CHE,Switzerland,HP4,Providers of ancillary services,2016,0.283,
CHE,Switzerland,HP4,Providers of ancillary services,2017,0.308,
CHE,Switzerland,HP72,Social health insurance agencies,2017,0.051,
CHE,Switzerland,HP8,Rest of the economy,2017,0.091,
CHE,Switzerland,HP21,Long-term nursing care facilities,2017,1.477,
CHE,Switzerland,HP6,Providers of preventive care,2017,0.2,
CHE,Switzerland,HP9,Rest of the world,2017,0.088,
CHE,Switzerland,HP73,Private health insurance administration agencies,2017,0.304,
CHE,Switzerland,HP59,All other miscellaneous sellers and other suppliers of pharmaceuticals and medical goods,2017,0.031,
CHE,Switzerland,HP29,Other residential long-term care facilities,2017,0.361,
CHE,Switzerland,HP3,Providers of ambulatory healthcare,2017,2.951,
CHE,Switzerland,HP81,Households as providers of home healthcare,2017,0.091,
CHE,Switzerland,HP35,Providers of home healthcare services,2017,0.348,
CHE,Switzerland,HP32,Dental practices,2017,0.545,
CHE,Switzerland,HP33,Other healthcare practitioners,2017,0.372,
CHE,Switzerland,HP71,Government health administration agencies,2017,0.105,
CHE,Switzerland,HP13,Specialised hospitals (other than mental health hospitals),2017,0.53,
CHE,Switzerland,HP42,Medical and diagnostic laboratories,2017,0.234,
CHE,Switzerland,HP52,Retail sellers and other suppliers of durable medical goods and medical appliances,2017,0.233,
CHE,Switzerland,HP5,Retailers and other providers of medical goods,2017,1.041,
CHE,Switzerland,HP51,Pharmacies,2017,0.776,
CHE,Switzerland,HP22,Mental health and substance abuse facilities,2017,0.056,
CHE,Switzerland,HP2,Residential long-term care facilities,2017,1.895,
CHE,Switzerland,HP41,Providers of patient transportation and emergency rescue,2017,0.074,
CHE,Switzerland,HP12,Mental health hospitals,2017,0.325,
CHE,Switzerland,HP11,General hospitals,2017,3.301,
CHE,Switzerland,HP31,Medical practices,2017,1.685,
CHE,Switzerland,HP7,Providers of healthcare system administration and financing,2017,0.46,
CHE,Switzerland,HP7,Providers of healthcare system administration and financing,2018,0.447,
CHE,Switzerland,HP31,Medical practices,2018,1.667,
CHE,Switzerland,HP11,General hospitals,2018,3.196,
CHE,Switzerland,HP12,Mental health hospitals,2018,0.318,
CHE,Switzerland,HP41,Providers of patient transportation and emergency rescue,2018,0.073,
CHE,Switzerland,HP2,Residential long-term care facilities,2018,1.862,
CHE,Switzerland,HP22,Mental health and substance abuse facilities,2018,0.057,
CHE,Switzerland,HP51,Pharmacies,2018,0.75,
CHE,Switzerland,HP5,Retailers and other providers of medical goods,2018,1.009,
CHE,Switzerland,HP52,Retail sellers and other suppliers of durable medical goods and medical appliances,2018,0.23,
CHE,Switzerland,HP42,Medical and diagnostic laboratories,2018,0.231,
CHE,Switzerland,HP13,Specialised hospitals (other than mental health hospitals),2018,0.513,
CHE,Switzerland,HP71,Government health administration agencies,2018,0.098,
CHE,Switzerland,HP33,Other healthcare practitioners,2018,0.371,
CHE,Switzerland,HP32,Dental practices,2018,0.533,
CHE,Switzerland,HP35,Providers of home healthcare services,2018,0.344,
CHE,Switzerland,HP81,Households as providers of home healthcare,2018,0.092,
CHE,Switzerland,HP3,Providers of ambulatory healthcare,2018,2.915,
CHE,Switzerland,HP29,Other residential long-term care facilities,2018,0.354,
CHE,Switzerland,HP59,All other miscellaneous sellers and other suppliers of pharmaceuticals and medical goods,2018,0.029,
CHE,Switzerland,HP73,Private health insurance administration agencies,2018,0.299,
CHE,Switzerland,HP9,Rest of the world,2018,0.09,
CHE,Switzerland,HP6,Providers of preventive care,2018,0.184,
CHE,Switzerland,HP21,Long-term nursing care facilities,2018,1.45,
CHE,Switzerland,HP8,Rest of the economy,2018,0.092,
CHE,Switzerland,HP72,Social health insurance agencies,2018,0.05,
CHE,Switzerland,HP4,Providers of ancillary services,2018,0.304,
CHE,Switzerland,HP4,Providers of ancillary services,2019,0.293,
CHE,Switzerland,HP72,Social health insurance agencies,2019,0.052,
CHE,Switzerland,HP8,Rest of the economy,2019,0.096,
CHE,Switzerland,HP21,Long-term nursing care facilities,2019,1.467,
CHE,Switzerland,HP6,Providers of preventive care,2019,0.185,
CHE,Switzerland,HP9,Rest of the world,2019,0.092,
CHE,Switzerland,HP73,Private health insurance administration agencies,2019,0.307,
CHE,Switzerland,HP59,All other miscellaneous sellers and other suppliers of pharmaceuticals and medical goods,2019,0.031,
CHE,Switzerland,HP29,Other residential long-term care facilities,2019,0.36,
CHE,Switzerland,HP3,Providers of ambulatory healthcare,2019,3.023,
CHE,Switzerland,HP81,Households as providers of home healthcare,2019,0.096,
CHE,Switzerland,HP35,Providers of home healthcare services,2019,0.36,
CHE,Switzerland,HP32,Dental practices,2019,0.546,
CHE,Switzerland,HP33,Other healthcare practitioners,2019,0.375,
CHE,Switzerland,HP71,Government health administration agencies,2019,0.101,
CHE,Switzerland,HP13,Specialised hospitals (other than mental health hospitals),2019,0.5,
CHE,Switzerland,HP42,Medical and diagnostic laboratories,2019,0.216,
CHE,Switzerland,HP52,Retail sellers and other suppliers of durable medical goods and medical appliances,2019,0.226,
CHE,Switzerland,HP5,Retailers and other providers of medical goods,2019,1.02,
CHE,Switzerland,HP51,Pharmacies,2019,0.762,
CHE,Switzerland,HP22,Mental health and substance abuse facilities,2019,0.056,
CHE,Switzerland,HP2,Residential long-term care facilities,2019,1.882,
CHE,Switzerland,HP41,Providers of patient transportation and emergency rescue,2019,0.077,
CHE,Switzerland,HP12,Mental health hospitals,2019,0.315,
CHE,Switzerland,HP11,General hospitals,2019,3.296,
CHE,Switzerland,HP31,Medical practices,2019,1.742,
CHE,Switzerland,HP7,Providers of healthcare system administration and financing,2019,0.46,
CHE,Switzerland,HP7,Providers of healthcare system administration and financing,2020,0.486,
CHE,Switzerland,HP31,Medical practices,2020,1.712,
CHE,Switzerland,HP11,General hospitals,2020,3.455,
CHE,Switzerland,HP12,Mental health hospitals,2020,0.332,
CHE,Switzerland,HP41,Providers of patient transportation and emergency rescue,2020,0.081,
CHE,Switzerland,HP2,Residential long-term care facilities,2020,1.984,
CHE,Switzerland,HP22,Mental health and substance abuse facilities,2020,0.061,
CHE,Switzerland,HP51,Pharmacies,2020,0.815,
CHE,Switzerland,HP5,Retailers and other providers of medical goods,2020,1.083,
CHE,Switzerland,HP52,Retail sellers and other suppliers of durable medical goods and medical appliances,2020,0.231,
CHE,Switzerland,HP42,Medical and diagnostic laboratories,2020,0.255,
CHE,Switzerland,HP13,Specialised hospitals (other than mental health hospitals),2020,0.515,
CHE,Switzerland,HP71,Government health administration agencies,2020,0.095,
CHE,Switzerland,HP33,Other healthcare practitioners,2020,0.377,
CHE,Switzerland,HP32,Dental practices,2020,0.54,
CHE,Switzerland,HP35,Providers of home healthcare services,2020,0.393,
CHE,Switzerland,HP81,Households as providers of home healthcare,2020,0.104,
CHE,Switzerland,HP3,Providers of ambulatory healthcare,2020,3.021,
CHE,Switzerland,HP29,Other residential long-term care facilities,2020,0.376,
CHE,Switzerland,HP59,All other miscellaneous sellers and other suppliers of pharmaceuticals and medical goods,2020,0.037,
CHE,Switzerland,HP73,Private health insurance administration agencies,2020,0.337,
CHE,Switzerland,HP9,Rest of the world,2020,0.085,
CHE,Switzerland,HP6,Providers of preventive care,2020,0.364,
CHE,Switzerland,HP21,Long-term nursing care facilities,2020,1.547,
CHE,Switzerland,HP8,Rest of the economy,2020,0.104,
CHE,Switzerland,HP72,Social health insurance agencies,2020,0.054,
CHE,Switzerland,HP4,Providers of ancillary services,2020,0.336,
CHE,Switzerland,HP4,Providers of ancillary services,2021,0.4,
CHE,Switzerland,HP72,Social health insurance agencies,2021,0.05,
CHE,Switzerland,HP8,Rest of the economy,2021,0.098,
CHE,Switzerland,HP21,Long-term nursing care facilities,2021,1.417,
CHE,Switzerland,HP6,Providers of preventive care,2021,0.527,
CHE,Switzerland,HP9,Rest of the world,2021,0.067,
CHE,Switzerland,HP73,Private health insurance administration agencies,2021,0.324,
CHE,Switzerland,HP59,All other miscellaneous sellers and other suppliers of pharmaceuticals and medical goods,2021,0.034,
CHE,Switzerland,HP29,Other residential long-term care facilities,2021,0.35,
CHE,Switzerland,HP3,Providers of ambulatory healthcare,2021,3.029,
CHE,Switzerland,HP81,Households as providers of home healthcare,2021,0.098,
CHE,Switzerland,HP35,Providers of home healthcare services,2021,0.384,
CHE,Switzerland,HP32,Dental practices,2021,0.531,
CHE,Switzerland,HP33,Other healthcare practitioners,2021,0.392,
CHE,Switzerland,HP71,Government health administration agencies,2021,0.092,
CHE,Switzerland,HP13,Specialised hospitals (other than mental health hospitals),2021,0.505,
CHE,Switzerland,HP42,Medical and diagnostic laboratories,2021,0.321,
CHE,Switzerland,HP1,Hospitals,2015,4.01,
CHE,Switzerland,HP1,Hospitals,2016,4.135,
CHE,Switzerland,HP1,Hospitals,2017,4.156,
CHE,Switzerland,HP1,Hospitals,2018,4.027,
CHE,Switzerland,HP1,Hospitals,2019,4.111,
CHE,Switzerland,HP1,Hospitals,2020,4.302,
CHE,Switzerland,HP1,Hospitals,2021,4.143,
ESP,Spain,_T,Total,2015,9.176,
ESP,Spain,_T,Total,2016,9.013,
ESP,Spain,_T,Total,2017,9.022,
ESP,Spain,_T,Total,2018,9.071,
ESP,Spain,_T,Total,2019,9.215,
ESP,Spain,_T,Total,2020,10.795,
ESP,Spain,_T,Total,2021,10.344,
ESP,Spain,_T,Total,2022,9.664,
ESP,Spain,_T,Total,2023,9.224,
ESP,Spain,_T,Total,2024,9.004,
ESP,Spain,HP42,Medical and diagnostic laboratories,2015,0.069,
ESP,Spain,HP7,Providers of healthcare system administration and financing,2015,0.258,
ESP,Spain,HP12,Mental health hospitals,2015,0.128,
ESP,Spain,HP82,All other industries as secondary providers of healthcare,2015,0.019,
ESP,Spain,HP72,Social health insurance agencies,2015,0.01,
ESP,Spain,HP8,Rest of the economy,2015,0.098,
ESP,Spain,HP4,Providers of ancillary services,2015,0.155,
ESP,Spain,HP11,General hospitals,2015,3.558,
ESP,Spain,HP1,Hospitals,2015,3.933,
ESP,Spain,HP21,Long-term nursing care facilities,2015,0.514,
ESP,Spain,HP51,Pharmacies,2015,1.458,
ESP,Spain,HP41,Providers of patient transportation and emergency rescue,2015,0.086,
ESP,Spain,HP71,Government health administration agencies,2015,0.107,
ESP,Spain,HP73,Private health insurance administration agencies,2015,0.141,
ESP,Spain,HP34,Ambulatory healthcare centres,2015,0.735,
ESP,Spain,HP32,Dental practices,2015,0.795,
ESP,Spain,HP5,Retailers and other providers of medical goods,2015,1.988,
ESP,Spain,HP52,Retail sellers and other suppliers of durable medical goods and medical appliances,2015,0.53,
ESP,Spain,HP22,Mental health and substance abuse facilities,2015,0.006,
ESP,Spain,HP6,Providers of preventive care,2015,0.127,
ESP,Spain,HP35,Providers of home healthcare services,2015,0.105,
ESP,Spain,HP81,Households as providers of home healthcare,2015,0.079,
ESP,Spain,HP3,Providers of ambulatory healthcare,2015,2.096,
ESP,Spain,HP2,Residential long-term care facilities,2015,0.52,
ESP,Spain,HP33,Other healthcare practitioners,2015,0.077,
ESP,Spain,HP13,Specialised hospitals (other than mental health hospitals),2015,0.246,
ESP,Spain,HP31,Medical practices,2015,0.384,
ESP,Spain,HP31,Medical practices,2016,0.352,
ESP,Spain,HP13,Specialised hospitals (other than mental health hospitals),2016,0.227,
ESP,Spain,HP33,Other healthcare practitioners,2016,0.103,
ESP,Spain,HP2,Residential long-term care facilities,2016,0.511,
ESP,Spain,HP3,Providers of ambulatory healthcare,2016,1.996,
ESP,Spain,HP81,Households as providers of home healthcare,2016,0.078,
ESP,Spain,HP35,Providers of home healthcare services,2016,0.112,
ESP,Spain,HP6,Providers of preventive care,2016,0.129,
ESP,Spain,HP22,Mental health and substance abuse facilities,2016,0.007,
ESP,Spain,HP52,Retail sellers and other suppliers of durable medical goods and medical appliances,2016,0.538,
ESP,Spain,HP5,Retailers and other providers of medical goods,2016,2.021,
ESP,Spain,HP32,Dental practices,2016,0.705,
ESP,Spain,HP34,Ambulatory healthcare centres,2016,0.724,
ESP,Spain,HP73,Private health insurance administration agencies,2016,0.145,
ESP,Spain,HP71,Government health administration agencies,2016,0.099,
ESP,Spain,HP41,Providers of patient transportation and emergency rescue,2016,0.084,
ESP,Spain,HP51,Pharmacies,2016,1.484,
ESP,Spain,HP21,Long-term nursing care facilities,2016,0.504,
ESP,Spain,HP1,Hospitals,2016,3.852,
ESP,Spain,HP11,General hospitals,2016,3.492,
ESP,Spain,HP4,Providers of ancillary services,2016,0.156,
ESP,Spain,HP8,Rest of the economy,2016,0.095,
ESP,Spain,HP82,All other industries as secondary providers of healthcare,2016,0.017,
ESP,Spain,HP12,Mental health hospitals,2016,0.133,
ESP,Spain,HP7,Providers of healthcare system administration and financing,2016,0.254,
ESP,Spain,HP42,Medical and diagnostic laboratories,2016,0.072,
ESP,Spain,HP42,Medical and diagnostic laboratories,2017,0.072,
ESP,Spain,HP7,Providers of healthcare system administration and financing,2017,0.245,
ESP,Spain,HP12,Mental health hospitals,2017,0.135,
ESP,Spain,HP82,All other industries as secondary providers of healthcare,2017,0.017,
ESP,Spain,HP8,Rest of the economy,2017,0.094,
ESP,Spain,HP4,Providers of ancillary services,2017,0.153,
ESP,Spain,HP11,General hospitals,2017,3.46,
ESP,Spain,HP1,Hospitals,2017,3.844,
ESP,Spain,HP21,Long-term nursing care facilities,2017,0.488,
ESP,Spain,HP51,Pharmacies,2017,1.441,
ESP,Spain,HP41,Providers of patient transportation and emergency rescue,2017,0.081,
ESP,Spain,HP71,Government health administration agencies,2017,0.098,
ESP,Spain,HP73,Private health insurance administration agencies,2017,0.138,
ESP,Spain,HP34,Ambulatory healthcare centres,2017,0.712,
ESP,Spain,HP32,Dental practices,2017,0.734,
ESP,Spain,HP5,Retailers and other providers of medical goods,2017,1.998,
ESP,Spain,HP52,Retail sellers and other suppliers of durable medical goods and medical appliances,2017,0.557,
ESP,Spain,HP22,Mental health and substance abuse facilities,2017,0.007,
ESP,Spain,HP6,Providers of preventive care,2017,0.137,
ESP,Spain,HP35,Providers of home healthcare services,2017,0.139,
ESP,Spain,HP81,Households as providers of home healthcare,2017,0.077,
ESP,Spain,HP3,Providers of ambulatory healthcare,2017,2.056,
ESP,Spain,HP2,Residential long-term care facilities,2017,0.495,
ESP,Spain,HP33,Other healthcare practitioners,2017,0.103,
ESP,Spain,HP13,Specialised hospitals (other than mental health hospitals),2017,0.249,
ESP,Spain,HP31,Medical practices,2017,0.368,
ESP,Spain,HP31,Medical practices,2018,0.365,
ESP,Spain,HP13,Specialised hospitals (other than mental health hospitals),2018,0.249,
ESP,Spain,HP33,Other healthcare practitioners,2018,0.102,
ESP,Spain,HP2,Residential long-term care facilities,2018,0.494,
ESP,Spain,HP3,Providers of ambulatory healthcare,2018,2.103,
ESP,Spain,HP81,Households as providers of home healthcare,2018,0.077,
ESP,Spain,HP35,Providers of home healthcare services,2018,0.145,
ESP,Spain,HP6,Providers of preventive care,2018,0.139,
ESP,Spain,HP22,Mental health and substance abuse facilities,2018,0.006,
ESP,Spain,HP52,Retail sellers and other suppliers of durable medical goods and medical appliances,2018,0.552,
ESP,Spain,HP5,Retailers and other providers of medical goods,2018,1.99,
ESP,Spain,HP32,Dental practices,2018,0.751,
ESP,Spain,HP34,Ambulatory healthcare centres,2018,0.74,
ESP,Spain,HP73,Private health insurance administration agencies,2018,0.147,
ESP,Spain,HP71,Government health administration agencies,2018,0.095,
ESP,Spain,HP41,Providers of patient transportation and emergency rescue,2018,0.078,
ESP,Spain,HP51,Pharmacies,2018,1.438,
ESP,Spain,HP21,Long-term nursing care facilities,2018,0.488,
ESP,Spain,HP1,Hospitals,2018,3.85,
ESP,Spain,HP11,General hospitals,2018,3.465,
ESP,Spain,HP4,Providers of ancillary services,2018,0.151,
ESP,Spain,HP8,Rest of the economy,2018,0.094,
ESP,Spain,HP82,All other industries as secondary providers of healthcare,2018,0.017,
ESP,Spain,HP12,Mental health hospitals,2018,0.137,
ESP,Spain,HP7,Providers of healthcare system administration and financing,2018,0.251,
ESP,Spain,HP42,Medical and diagnostic laboratories,2018,0.073,
ESP,Spain,HP42,Medical and diagnostic laboratories,2019,0.071,
ESP,Spain,HP7,Providers of healthcare system administration and financing,2019,0.251,
ESP,Spain,HP12,Mental health hospitals,2019,0.153,
ESP,Spain,HP82,All other industries as secondary providers of healthcare,2019,0.016,
ESP,Spain,HP72,Social health insurance agencies,2019,0.008,
ESP,Spain,HP8,Rest of the economy,2019,0.094,
ESP,Spain,HP4,Providers of ancillary services,2019,0.15,
ESP,Spain,HP11,General hospitals,2019,3.576,
ESP,Spain,HP1,Hospitals,2019,3.97,
ESP,Spain,HP21,Long-term nursing care facilities,2019,0.494,
ESP,Spain,HP51,Pharmacies,2019,1.419,
ESP,Spain,HP41,Providers of patient transportation and emergency rescue,2019,0.079,
ESP,Spain,HP71,Government health administration agencies,2019,0.097,
ESP,Spain,HP73,Private health insurance administration agencies,2019,0.147,
ESP,Spain,HP34,Ambulatory healthcare centres,2019,0.769,
ESP,Spain,HP32,Dental practices,2019,0.751,
ESP,Spain,HP5,Retailers and other providers of medical goods,2019,1.992,
ESP,Spain,HP52,Retail sellers and other suppliers of durable medical goods and medical appliances,2019,0.573,
ESP,Spain,HP22,Mental health and substance abuse facilities,2019,0.006,
ESP,Spain,HP6,Providers of preventive care,2019,0.14,
ESP,Spain,HP35,Providers of home healthcare services,2019,0.139,
ESP,Spain,HP81,Households as providers of home healthcare,2019,0.078,
ESP,Spain,HP3,Providers of ambulatory healthcare,2019,2.118,
ESP,Spain,HP2,Residential long-term care facilities,2019,0.5,
ESP,Spain,HP33,Other healthcare practitioners,2019,0.107,
ESP,Spain,HP13,Specialised hospitals (other than mental health hospitals),2019,0.242,
ESP,Spain,HP31,Medical practices,2019,0.352,
ESP,Spain,HP31,Medical practices,2020,0.345,
ESP,Spain,HP13,Specialised hospitals (other than mental health hospitals),2020,0.279,
ESP,Spain,HP33,Other healthcare practitioners,2020,0.106,
ESP,Spain,HP2,Residential long-term care facilities,2020,0.56,
ESP,Spain,HP3,Providers of ambulatory healthcare,2020,2.283,
ESP,Spain,HP81,Households as providers of home healthcare,2020,0.087,
ESP,Spain,HP35,Providers of home healthcare services,2020,0.145,
ESP,Spain,HP6,Providers of preventive care,2020,0.23,
ESP,Spain,HP22,Mental health and substance abuse facilities,2020,0.006,
ESP,Spain,HP52,Retail sellers and other suppliers of durable medical goods and medical appliances,2020,0.538,
ESP,Spain,HP5,Retailers and other providers of medical goods,2020,2.25,
ESP,Spain,HP32,Dental practices,2020,0.759,
ESP,Spain,HP34,Ambulatory healthcare centres,2020,0.928,
ESP,Spain,HP73,Private health insurance administration agencies,2020,0.178,
ESP,Spain,HP71,Government health administration agencies,2020,0.116,
ESP,Spain,HP41,Providers of patient transportation and emergency rescue,2020,0.09,
ESP,Spain,HP51,Pharmacies,2020,1.712,
ESP,Spain,HP21,Long-term nursing care facilities,2020,0.553,
ESP,Spain,HP1,Hospitals,2020,4.896,
ESP,Spain,HP11,General hospitals,2020,4.43,
ESP,Spain,HP4,Providers of ancillary services,2020,0.168,
ESP,Spain,HP8,Rest of the economy,2020,0.106,
ESP,Spain,HP72,Social health insurance agencies,2020,0.007,
ESP,Spain,HP82,All other industries as secondary providers of healthcare,2020,0.019,
ESP,Spain,HP12,Mental health hospitals,2020,0.188,
ESP,Spain,HP7,Providers of healthcare system administration and financing,2020,0.301,
ESP,Spain,HP42,Medical and diagnostic laboratories,2020,0.078,
ESP,Spain,HP42,Medical and diagnostic laboratories,2021,0.074,
ESP,Spain,HP7,Providers of healthcare system administration and financing,2021,0.279,
ESP,Spain,HP12,Mental health hospitals,2021,0.187,
ESP,Spain,HP82,All other industries as secondary providers of healthcare,2021,0.016,
ESP,Spain,HP72,Social health insurance agencies,2021,0.007,
ESP,Spain,HP8,Rest of the economy,2021,0.097,
ESP,Spain,HP4,Providers of ancillary services,2021,0.161,
ESP,Spain,HP11,General hospitals,2021,4.216,
ESP,Spain,HP1,Hospitals,2021,4.653,
ESP,Spain,HP21,Long-term nursing care facilities,2021,0.514,
ESP,Spain,HP51,Pharmacies,2021,1.591,
ESP,Spain,HP41,Providers of patient transportation and emergency rescue,2021,0.087,
ESP,Spain,HP71,Government health administration agencies,2021,0.113,
ESP,Spain,HP73,Private health insurance administration agencies,2021,0.159,
ESP,Spain,HP34,Ambulatory healthcare centres,2021,0.915,
ESP,Spain,HP32,Dental practices,2021,0.71,
ESP,Spain,HP5,Retailers and other providers of medical goods,2021,2.131,
ESP,Spain,HP52,Retail sellers and other suppliers of durable medical goods and medical appliances,2021,0.54,
ESP,Spain,HP22,Mental health and substance abuse facilities,2021,0.007,
ESP,Spain,HP6,Providers of preventive care,2021,0.281,
ESP,Spain,HP35,Providers of home healthcare services,2021,0.163,
ESP,Spain,HP81,Households as providers of home healthcare,2021,0.081,
ESP,Spain,HP3,Providers of ambulatory healthcare,2021,2.222,
ESP,Spain,HP2,Residential long-term care facilities,2021,0.52,
ESP,Spain,HP33,Other healthcare practitioners,2021,0.101,
ESP,Spain,HP13,Specialised hospitals (other than mental health hospitals),2021,0.25,
ESP,Spain,HP31,Medical practices,2021,0.332,
ESP,Spain,HP31,Medical practices,2022,0.274,
ESP,Spain,HP13,Specialised hospitals (other than mental health hospitals),2022,0.215,
ESP,Spain,HP33,Other healthcare practitioners,2022,0.098,
ESP,Spain,HP2,Residential long-term care facilities,2022,0.496,
ESP,Spain,HP3,Providers of ambulatory healthcare,2022,2.036,
ESP,Spain,HP81,Households as providers of home healthcare,2022,0.076,
ESP,Spain,HP35,Providers of home healthcare services,2022,0.156,
ESP,Spain,HP6,Providers of preventive care,2022,0.281,
ESP,Spain,HP22,Mental health and substance abuse facilities,2022,0.006,
ESP,Spain,HP52,Retail sellers and other suppliers of durable medical goods and medical appliances,2022,0.557,
ESP,Spain,HP5,Retailers and other providers of medical goods,2022,2.028,
ESP,Spain,HP32,Dental practices,2022,0.656,
ESP,Spain,HP34,Ambulatory healthcare centres,2022,0.851,
ESP,Spain,HP73,Private health insurance administration agencies,2022,0.152,
ESP,Spain,HP71,Government health administration agencies,2022,0.103,
ESP,Spain,HP41,Providers of patient transportation and emergency rescue,2022,0.086,
ESP,Spain,HP51,Pharmacies,2022,1.471,
ESP,Spain,HP21,Long-term nursing care facilities,2022,0.49,
ESP,Spain,HP1,Hospitals,2022,4.317,
ESP,Spain,HP11,General hospitals,2022,3.913,
ESP,Spain,HP4,Providers of ancillary services,2022,0.154,
ESP,Spain,HP8,Rest of the economy,2022,0.091,
ESP,Spain,HP72,Social health insurance agencies,2022,0.007,
ESP,Spain,HP82,All other industries as secondary providers of healthcare,2022,0.015,
ESP,Spain,HP12,Mental health hospitals,2022,0.189,
ESP,Spain,HP7,Providers of healthcare system administration and financing,2022,0.262,
ESP,Spain,HP42,Medical and diagnostic laboratories,2022,0.068,
ESP,Spain,HP42,Medical and diagnostic laboratories,2023,0.064,
ESP,Spain,HP7,Providers of healthcare system administration and financing,2023,0.259,
ESP,Spain,HP12,Mental health hospitals,2023,0.155,
ESP,Spain,HP82,All other industries as secondary providers of healthcare,2023,0.013,
ESP,Spain,HP72,Social health insurance agencies,2023,0.006,
ESP,Spain,HP8,Rest of the economy,2023,0.089,
ESP,Spain,HP4,Providers of ancillary services,2023,0.151,
ESP,Spain,HP11,General hospitals,2023,3.814,
ESP,Spain,HP1,Hospitals,2023,4.191,
ESP,Spain,HP21,Long-term nursing care facilities,2023,0.454,
ESP,Spain,HP51,Pharmacies,2023,1.386,
ESP,Spain,HP41,Providers of patient transportation and emergency rescue,2023,0.086,
ESP,Spain,HP71,Government health administration agencies,2023,0.1,
ESP,Spain,HP73,Private health insurance administration agencies,2023,0.153,
ESP,Spain,HP34,Ambulatory healthcare centres,2023,0.833,
ESP,Spain,HP32,Dental practices,2023,0.632,
ESP,Spain,HP5,Retailers and other providers of medical goods,2023,1.925,
ESP,Spain,HP52,Retail sellers and other suppliers of durable medical goods and medical appliances,2023,0.538,
ESP,Spain,HP22,Mental health and substance abuse facilities,2023,0.005,
ESP,Spain,HP6,Providers of preventive care,2023,0.172,
ESP,Spain,HP35,Providers of home healthcare services,2023,0.148,
ESP,Spain,HP81,Households as providers of home healthcare,2023,0.076,
ESP,Spain,HP3,Providers of ambulatory healthcare,2023,1.977,
ESP,Spain,HP2,Residential long-term care facilities,2023,0.459,
ESP,Spain,HP33,Other healthcare practitioners,2023,0.091,
ESP,Spain,HP13,Specialised hospitals (other than mental health hospitals),2023,0.222,
ESP,Spain,HP31,Medical practices,2023,0.274,
ESP,Spain,HP31,Medical practices,2024,0.261,
ESP,Spain,HP13,Specialised hospitals (other than mental health hospitals),2024,0.219,
ESP,Spain,HP33,Other healthcare practitioners,2024,0.086,
ESP,Spain,HP2,Residential long-term care facilities,2024,0.427,
ESP,Spain,HP3,Providers of ambulatory healthcare,2024,1.933,
ESP,Spain,HP81,Households as providers of home healthcare,2024,0.074,
ESP,Spain,HP35,Providers of home healthcare services,2024,0.171,
ESP,Spain,HP6,Providers of preventive care,2024,0.14,
ESP,Spain,HP22,Mental health and substance abuse facilities,2024,0.005,
ESP,Spain,HP52,Retail sellers and other suppliers of durable medical goods and medical appliances,2024,0.507,
ESP,Spain,HP5,Retailers and other providers of medical goods,2024,1.853,
ESP,Spain,HP32,Dental practices,2024,0.593,
ESP,Spain,HP34,Ambulatory healthcare centres,2024,0.821,
ESP,Spain,HP73,Private health insurance administration agencies,2024,0.144,
ESP,Spain,HP71,Government health administration agencies,2024,0.102,
ESP,Spain,HP41,Providers of patient transportation and emergency rescue,2024,0.088,
ESP,Spain,HP51,Pharmacies,2024,1.346,
ESP,Spain,HP21,Long-term nursing care facilities,2024,0.421,
ESP,Spain,HP1,Hospitals,2024,4.161,
ESP,Spain,HP11,General hospitals,2024,3.793,
ESP,Spain,HP4,Providers of ancillary services,2024,0.149,
ESP,Spain,HP8,Rest of the economy,2024,0.087,
ESP,Spain,HP72,Social health insurance agencies,2024,0.007,
ESP,Spain,HP82,All other industries as secondary providers of healthcare,2024,0.013,
ESP,Spain,HP12,Mental health hospitals,2024,0.149,
ESP,Spain,HP7,Providers of healthcare system administration and financing,2024,0.253,
ESP,Spain,HP42,Medical and diagnostic laboratories,2024,0.061,
ESP,Spain,HP72,Social health insurance agencies,2016,0.009,
ESP,Spain,HP72,Social health insurance agencies,2017,0.009,
ESP,Spain,HP72,Social health insurance agencies,2018,0.009,
ESP,Spain,HP9,Rest of the world,2022,0.001,
ESP,Spain,HP9,Rest of the world,2015,0,
ESP,Spain,HP9,Rest of the world,2016,0,
ESP,Spain,HP9,Rest of the world,2017,0,
ESP,Spain,HP9,Rest of the world,2018,0,
ESP,Spain,HP9,Rest of the world,2019,0,
ESP,Spain,HP9,Rest of the world,2020,0,
ESP,Spain,HP9,Rest of the world,2021,0,
ESP,Spain,HP9,Rest of the world,2023,0,
ESP,Spain,HP9,Rest of the world,2024,0,
ESP,Spain,_T,Total,2025,8.855,E
SWE,Sweden,HP3,Providers of ambulatory healthcare,2015,2.696,
SWE,Sweden,HP8,Rest of the economy,2015,0.229,
SWE,Sweden,HP52,Retail sellers and other suppliers of durable medical goods and medical appliances,2015,0.285,
SWE,Sweden,HP81,Households as providers of home healthcare,2015,0.004,
SWE,Sweden,HP11,General hospitals,2015,4.142,
SWE,Sweden,HP41,Providers of patient transportation and emergency rescue,2015,0.003,
SWE,Sweden,HP51,Pharmacies,2015,0.916,
SWE,Sweden,HP34,Ambulatory healthcare centres,2015,1.123,
SWE,Sweden,HP21,Long-term nursing care facilities,2015,2.056,
SWE,Sweden,HP32,Dental practices,2015,0.672,
SWE,Sweden,HP35,Providers of home healthcare services,2015,0.889,
SWE,Sweden,HP6,Providers of preventive care,2015,0.176,
SWE,Sweden,HP7,Providers of healthcare system administration and financing,2015,0.164,
SWE,Sweden,_U,Unknown,2015,0.26,
SWE,Sweden,HP1,Hospitals,2015,4.142,
SWE,Sweden,HP4,Providers of ancillary services,2015,0.003,
SWE,Sweden,HP5,Retailers and other providers of medical goods,2015,1.201,
SWE,Sweden,HP2,Residential long-term care facilities,2015,2.056,
SWE,Sweden,HP82,All other industries as secondary providers of healthcare,2015,0.224,
SWE,Sweden,HP73,Private health insurance administration agencies,2015,0.012,
SWE,Sweden,HP9,Rest of the world,2015,0.006,
SWE,Sweden,HP71,Government health administration agencies,2015,0.152,
SWE,Sweden,HP71,Government health administration agencies,2016,0.135,
SWE,Sweden,HP9,Rest of the world,2016,0.007,
SWE,Sweden,HP73,Private health insurance administration agencies,2016,0.013,
SWE,Sweden,HP82,All other industries as secondary providers of healthcare,2016,0.218,
SWE,Sweden,HP2,Residential long-term care facilities,2016,2.079,
SWE,Sweden,HP5,Retailers and other providers of medical goods,2016,1.233,
SWE,Sweden,HP4,Providers of ancillary services,2016,0.003,
SWE,Sweden,HP1,Hospitals,2016,4.15,
SWE,Sweden,_U,Unknown,2016,0.264,
SWE,Sweden,HP7,Providers of healthcare system administration and financing,2016,0.148,
SWE,Sweden,HP6,Providers of preventive care,2016,0.178,
SWE,Sweden,HP35,Providers of home healthcare services,2016,0.901,
SWE,Sweden,HP32,Dental practices,2016,0.669,
SWE,Sweden,HP21,Long-term nursing care facilities,2016,2.079,
SWE,Sweden,HP34,Ambulatory healthcare centres,2016,1.113,
SWE,Sweden,HP51,Pharmacies,2016,0.944,
SWE,Sweden,HP41,Providers of patient transportation and emergency rescue,2016,0.003,
SWE,Sweden,HP11,General hospitals,2016,4.15,
SWE,Sweden,HP81,Households as providers of home healthcare,2016,0.005,
SWE,Sweden,HP52,Retail sellers and other suppliers of durable medical goods and medical appliances,2016,0.289,
SWE,Sweden,HP8,Rest of the economy,2016,0.222,
SWE,Sweden,HP3,Providers of ambulatory healthcare,2016,2.695,
SWE,Sweden,HP3,Providers of ambulatory healthcare,2017,2.708,
SWE,Sweden,HP8,Rest of the economy,2017,0.222,
SWE,Sweden,HP52,Retail sellers and other suppliers of durable medical goods and medical appliances,2017,0.28,
SWE,Sweden,HP81,Households as providers of home healthcare,2017,0.005,
SWE,Sweden,HP11,General hospitals,2017,4.143,
SWE,Sweden,HP41,Providers of patient transportation and emergency rescue,2017,0.004,
SWE,Sweden,HP51,Pharmacies,2017,0.906,
SWE,Sweden,HP34,Ambulatory healthcare centres,2017,1.115,
SWE,Sweden,HP21,Long-term nursing care facilities,2017,2.084,
SWE,Sweden,HP32,Dental practices,2017,0.674,
SWE,Sweden,HP35,Providers of home healthcare services,2017,0.909,
SWE,Sweden,HP6,Providers of preventive care,2017,0.181,
SWE,Sweden,HP7,Providers of healthcare system administration and financing,2017,0.158,
SWE,Sweden,_U,Unknown,2017,0.273,
SWE,Sweden,HP1,Hospitals,2017,4.143,
SWE,Sweden,HP4,Providers of ancillary services,2017,0.004,
SWE,Sweden,HP5,Retailers and other providers of medical goods,2017,1.187,
SWE,Sweden,HP2,Residential long-term care facilities,2017,2.084,
SWE,Sweden,HP82,All other industries as secondary providers of healthcare,2017,0.217,
SWE,Sweden,HP73,Private health insurance administration agencies,2017,0.013,
SWE,Sweden,HP9,Rest of the world,2017,0.005,
SWE,Sweden,HP71,Government health administration agencies,2017,0.145,
SWE,Sweden,_T,Total,2015,10.933,
SWE,Sweden,_T,Total,2016,10.98,
SWE,Sweden,_T,Total,2017,10.964,
SVN,Slovenia,HP73,Private health insurance administration agencies,2024,0.003,
SVN,Slovenia,HP51,Pharmacies,2024,1.6,
SVN,Slovenia,HP72,Social health insurance agencies,2024,0.087,
SVN,Slovenia,HP33,Other healthcare practitioners,2024,0.119,
SVN,Slovenia,HP35,Providers of home healthcare services,2024,0.017,
SVN,Slovenia,HP42,Medical and diagnostic laboratories,2024,0.061,
SVN,Slovenia,HP5,Retailers and other providers of medical goods,2024,1.997,
SVN,Slovenia,HP52,Retail sellers and other suppliers of durable medical goods and medical appliances,2024,0.397,
SVN,Slovenia,HP1,Hospitals,2024,3.512,
SVN,Slovenia,HP11,General hospitals,2024,2.724,
SVN,Slovenia,HP12,Mental health hospitals,2024,0.123,
SVN,Slovenia,HP81,Households as providers of home healthcare,2024,0.493,
SVN,Slovenia,HP41,Providers of patient transportation and emergency rescue,2024,0.04,
SVN,Slovenia,HP7,Providers of healthcare system administration and financing,2024,0.148,
SVN,Slovenia,HP9,Rest of the world,2024,0.053,
SVN,Slovenia,HP2,Residential long-term care facilities,2024,0.56,
SVN,Slovenia,HP34,Ambulatory healthcare centres,2024,1.306,
SVN,Slovenia,HP21,Long-term nursing care facilities,2024,0.364,
SVN,Slovenia,HP31,Medical practices,2024,0.58,
SVN,Slovenia,_T,Total,2024,9.29,
SVN,Slovenia,HP6,Providers of preventive care,2024,0.061,
SVN,Slovenia,HP82,All other industries as secondary providers of healthcare,2024,0.02,
SVN,Slovenia,HP4,Providers of ancillary services,2024,0.1,
SVN,Slovenia,HP71,Government health administration agencies,2024,0.057,
SVN,Slovenia,HP13,Specialised hospitals (other than mental health hospitals),2024,0.664,
SVN,Slovenia,HP3,Providers of ambulatory healthcare,2024,2.348,
SVN,Slovenia,HP8,Rest of the economy,2024,0.512,
SVN,Slovenia,HP29,Other residential long-term care facilities,2024,0.007,
SVN,Slovenia,HP32,Dental practices,2024,0.326,
SVN,Slovenia,HP22,Mental health and substance abuse facilities,2024,0.189,
SVN,Slovenia,HP22,Mental health and substance abuse facilities,2015,0.187,
SVN,Slovenia,HP32,Dental practices,2015,0.26,
SVN,Slovenia,HP8,Rest of the economy,2015,0.179,
SVN,Slovenia,HP3,Providers of ambulatory healthcare,2015,1.937,
SVN,Slovenia,HP13,Specialised hospitals (other than mental health hospitals),2015,0.635,
SVN,Slovenia,HP71,Government health administration agencies,2015,0.055,
SVN,Slovenia,HP4,Providers of ancillary services,2015,0.082,
SVN,Slovenia,HP6,Providers of preventive care,2015,0.05,
SVN,Slovenia,HP31,Medical practices,2015,0.422,
SVN,Slovenia,HP21,Long-term nursing care facilities,2015,0.382,
SVN,Slovenia,HP34,Ambulatory healthcare centres,2015,1.084,
SVN,Slovenia,HP2,Residential long-term care facilities,2015,0.577,
SVN,Slovenia,HP7,Providers of healthcare system administration and financing,2015,0.307,
SVN,Slovenia,HP41,Providers of patient transportation and emergency rescue,2015,0.039,
SVN,Slovenia,HP81,Households as providers of home healthcare,2015,0.172,
SVN,Slovenia,HP12,Mental health hospitals,2015,0.133,
SVN,Slovenia,HP11,General hospitals,2015,2.765,
SVN,Slovenia,HP1,Hospitals,2015,3.533,
SVN,Slovenia,HP52,Retail sellers and other suppliers of durable medical goods and medical appliances,2015,0.35,
SVN,Slovenia,HP5,Retailers and other providers of medical goods,2015,1.875,
SVN,Slovenia,HP42,Medical and diagnostic laboratories,2015,0.043,
SVN,Slovenia,HP35,Providers of home healthcare services,2015,0.02,
SVN,Slovenia,HP33,Other healthcare practitioners,2015,0.151,
SVN,Slovenia,HP73,Private health insurance administration agencies,2015,0.156,
SVN,Slovenia,HP72,Social health insurance agencies,2015,0.097,
SVN,Slovenia,HP51,Pharmacies,2015,1.525,
SVN,Slovenia,HP51,Pharmacies,2016,1.527,
SVN,Slovenia,HP72,Social health insurance agencies,2016,0.093,
SVN,Slovenia,HP73,Private health insurance administration agencies,2016,0.111,
SVN,Slovenia,HP33,Other healthcare practitioners,2016,0.139,
SVN,Slovenia,HP35,Providers of home healthcare services,2016,0.019,
SVN,Slovenia,HP42,Medical and diagnostic laboratories,2016,0.044,
SVN,Slovenia,HP5,Retailers and other providers of medical goods,2016,1.881,
SVN,Slovenia,HP52,Retail sellers and other suppliers of durable medical goods and medical appliances,2016,0.354,
SVN,Slovenia,HP1,Hospitals,2016,3.603,
SVN,Slovenia,HP11,General hospitals,2016,2.826,
SVN,Slovenia,HP12,Mental health hospitals,2016,0.133,
SVN,Slovenia,HP81,Households as providers of home healthcare,2016,0.164,
SVN,Slovenia,HP41,Providers of patient transportation and emergency rescue,2016,0.038,
SVN,Slovenia,HP7,Providers of healthcare system administration and financing,2016,0.251,
SVN,Slovenia,HP9,Rest of the world,2016,0.051,
SVN,Slovenia,HP2,Residential long-term care facilities,2016,0.572,
SVN,Slovenia,HP34,Ambulatory healthcare centres,2016,1.081,
SVN,Slovenia,HP21,Long-term nursing care facilities,2016,0.382,
SVN,Slovenia,HP31,Medical practices,2016,0.413,
SVN,Slovenia,HP6,Providers of preventive care,2016,0.055,
SVN,Slovenia,HP82,All other industries as secondary providers of healthcare,2016,0.005,
SVN,Slovenia,HP4,Providers of ancillary services,2016,0.081,
SVN,Slovenia,HP71,Government health administration agencies,2016,0.047,
SVN,Slovenia,HP13,Specialised hospitals (other than mental health hospitals),2016,0.643,
SVN,Slovenia,HP3,Providers of ambulatory healthcare,2016,1.905,
SVN,Slovenia,HP8,Rest of the economy,2016,0.17,
SVN,Slovenia,HP32,Dental practices,2016,0.254,
SVN,Slovenia,HP22,Mental health and substance abuse facilities,2016,0.182,
SVN,Slovenia,HP22,Mental health and substance abuse facilities,2017,0.183,
SVN,Slovenia,HP32,Dental practices,2017,0.245,
SVN,Slovenia,HP8,Rest of the economy,2017,0.169,
SVN,Slovenia,HP3,Providers of ambulatory healthcare,2017,1.881,
SVN,Slovenia,HP13,Specialised hospitals (other than mental health hospitals),2017,0.62,
SVN,Slovenia,HP71,Government health administration agencies,2017,0.06,
SVN,Slovenia,HP4,Providers of ancillary services,2017,0.073,
SVN,Slovenia,HP6,Providers of preventive care,2017,0.051,
SVN,Slovenia,HP31,Medical practices,2017,0.424,
SVN,Slovenia,HP21,Long-term nursing care facilities,2017,0.358,
SVN,Slovenia,HP34,Ambulatory healthcare centres,2017,1.061,
SVN,Slovenia,HP2,Residential long-term care facilities,2017,0.548,
SVN,Slovenia,HP9,Rest of the world,2017,0.059,
SVN,Slovenia,HP7,Providers of healthcare system administration and financing,2017,0.27,
SVN,Slovenia,HP41,Providers of patient transportation and emergency rescue,2017,0.036,
SVN,Slovenia,HP81,Households as providers of home healthcare,2017,0.162,
SVN,Slovenia,HP12,Mental health hospitals,2017,0.121,
SVN,Slovenia,HP11,General hospitals,2017,2.642,
SVN,Slovenia,HP1,Hospitals,2017,3.384,
SVN,Slovenia,HP52,Retail sellers and other suppliers of durable medical goods and medical appliances,2017,0.337,
SVN,Slovenia,HP5,Retailers and other providers of medical goods,2017,1.823,
SVN,Slovenia,HP42,Medical and diagnostic laboratories,2017,0.037,
SVN,Slovenia,HP35,Providers of home healthcare services,2017,0.018,
SVN,Slovenia,HP33,Other healthcare practitioners,2017,0.133,
SVN,Slovenia,HP73,Private health insurance administration agencies,2017,0.12,
SVN,Slovenia,HP72,Social health insurance agencies,2017,0.091,
SVN,Slovenia,HP51,Pharmacies,2017,1.486,
SVN,Slovenia,HP51,Pharmacies,2018,1.469,
SVN,Slovenia,HP72,Social health insurance agencies,2018,0.087,
SVN,Slovenia,HP73,Private health insurance administration agencies,2018,0.116,
SVN,Slovenia,HP33,Other healthcare practitioners,2018,0.117,
SVN,Slovenia,HP35,Providers of home healthcare services,2018,0.018,
SVN,Slovenia,HP42,Medical and diagnostic laboratories,2018,0.029,
SVN,Slovenia,HP5,Retailers and other providers of medical goods,2018,1.811,
SVN,Slovenia,HP52,Retail sellers and other suppliers of durable medical goods and medical appliances,2018,0.342,
SVN,Slovenia,HP1,Hospitals,2018,3.465,
SVN,Slovenia,HP11,General hospitals,2018,2.687,
SVN,Slovenia,HP12,Mental health hospitals,2018,0.124,
SVN,Slovenia,HP81,Households as providers of home healthcare,2018,0.154,
SVN,Slovenia,HP41,Providers of patient transportation and emergency rescue,2018,0.034,
SVN,Slovenia,HP7,Providers of healthcare system administration and financing,2018,0.268,
SVN,Slovenia,HP9,Rest of the world,2018,0.058,
SVN,Slovenia,HP2,Residential long-term care facilities,2018,0.546,
SVN,Slovenia,HP34,Ambulatory healthcare centres,2018,1.11,
SVN,Slovenia,HP21,Long-term nursing care facilities,2018,0.353,
SVN,Slovenia,HP31,Medical practices,2018,0.418,
SVN,Slovenia,HP6,Providers of preventive care,2018,0.055,
SVN,Slovenia,HP82,All other industries as secondary providers of healthcare,2018,0.01,
SVN,Slovenia,HP4,Providers of ancillary services,2018,0.063,
SVN,Slovenia,HP71,Government health administration agencies,2018,0.065,
SVN,Slovenia,HP13,Specialised hospitals (other than mental health hospitals),2018,0.654,
SVN,Slovenia,HP3,Providers of ambulatory healthcare,2018,1.923,
SVN,Slovenia,HP8,Rest of the economy,2018,0.164,
SVN,Slovenia,HP32,Dental practices,2018,0.26,
SVN,Slovenia,HP22,Mental health and substance abuse facilities,2018,0.185,
SVN,Slovenia,HP22,Mental health and substance abuse facilities,2019,0.191,
SVN,Slovenia,HP32,Dental practices,2019,0.251,
SVN,Slovenia,HP8,Rest of the economy,2019,0.23,
SVN,Slovenia,HP3,Providers of ambulatory healthcare,2019,1.99,
SVN,Slovenia,HP13,Specialised hospitals (other than mental health hospitals),2019,0.645,
SVN,Slovenia,HP71,Government health administration agencies,2019,0.085,
SVN,Slovenia,HP4,Providers of ancillary services,2019,0.065,
SVN,Slovenia,HP6,Providers of preventive care,2019,0.055,
SVN,Slovenia,HP31,Medical practices,2019,0.448,
SVN,Slovenia,HP21,Long-term nursing care facilities,2019,0.36,
SVN,Slovenia,HP34,Ambulatory healthcare centres,2019,1.15,
SVN,Slovenia,HP2,Residential long-term care facilities,2019,0.558,
SVN,Slovenia,HP9,Rest of the world,2019,0.061,
SVN,Slovenia,HP7,Providers of healthcare system administration and financing,2019,0.332,
SVN,Slovenia,HP41,Providers of patient transportation and emergency rescue,2019,0.036,
SVN,Slovenia,HP81,Households as providers of home healthcare,2019,0.223,
SVN,Slovenia,HP12,Mental health hospitals,2019,0.129,
SVN,Slovenia,HP11,General hospitals,2019,2.715,
SVN,Slovenia,HP1,Hospitals,2019,3.489,
SVN,Slovenia,HP52,Retail sellers and other suppliers of durable medical goods and medical appliances,2019,0.326,
SVN,Slovenia,HP5,Retailers and other providers of medical goods,2019,1.785,
SVN,Slovenia,HP42,Medical and diagnostic laboratories,2019,0.029,
SVN,Slovenia,HP35,Providers of home healthcare services,2019,0.019,
SVN,Slovenia,HP33,Other healthcare practitioners,2019,0.123,
SVN,Slovenia,HP73,Private health insurance administration agencies,2019,0.16,
SVN,Slovenia,HP72,Social health insurance agencies,2019,0.087,
SVN,Slovenia,HP51,Pharmacies,2019,1.459,
SVN,Slovenia,HP51,Pharmacies,2020,1.606,
SVN,Slovenia,HP72,Social health insurance agencies,2020,0.094,
SVN,Slovenia,HP73,Private health insurance administration agencies,2020,0.204,
SVN,Slovenia,HP33,Other healthcare practitioners,2020,0.139,
SVN,Slovenia,HP35,Providers of home healthcare services,2020,0.02,
SVN,Slovenia,HP42,Medical and diagnostic laboratories,2020,0.031,
SVN,Slovenia,HP5,Retailers and other providers of medical goods,2020,1.971,
SVN,Slovenia,HP52,Retail sellers and other suppliers of durable medical goods and medical appliances,2020,0.365,
SVN,Slovenia,HP1,Hospitals,2020,3.706,
SVN,Slovenia,HP11,General hospitals,2020,2.882,
SVN,Slovenia,HP12,Mental health hospitals,2020,0.124,
SVN,Slovenia,HP81,Households as providers of home healthcare,2020,0.338,
SVN,Slovenia,HP41,Providers of patient transportation and emergency rescue,2020,0.038,
SVN,Slovenia,HP7,Providers of healthcare system administration and financing,2020,0.413,
SVN,Slovenia,HP9,Rest of the world,2020,0.059,
SVN,Slovenia,HP2,Residential long-term care facilities,2020,0.615,
SVN,Slovenia,HP34,Ambulatory healthcare centres,2020,1.292,
SVN,Slovenia,HP21,Long-term nursing care facilities,2020,0.405,
SVN,Slovenia,HP31,Medical practices,2020,0.5,
SVN,Slovenia,HP6,Providers of preventive care,2020,0.067,
SVN,Slovenia,HP4,Providers of ancillary services,2020,0.069,
SVN,Slovenia,HP71,Government health administration agencies,2020,0.115,
SVN,Slovenia,HP13,Specialised hospitals (other than mental health hospitals),2020,0.701,
SVN,Slovenia,HP3,Providers of ambulatory healthcare,2020,2.243,
SVN,Slovenia,HP8,Rest of the economy,2020,0.346,
SVN,Slovenia,HP32,Dental practices,2020,0.293,
SVN,Slovenia,HP22,Mental health and substance abuse facilities,2020,0.204,
SVN,Slovenia,HP22,Mental health and substance abuse facilities,2021,0.188,
SVN,Slovenia,HP32,Dental practices,2021,0.298,
SVN,Slovenia,HP8,Rest of the economy,2021,0.407,
SVN,Slovenia,HP3,Providers of ambulatory healthcare,2021,2.503,
SVN,Slovenia,HP13,Specialised hospitals (other than mental health hospitals),2021,0.675,
SVN,Slovenia,HP71,Government health administration agencies,2021,0.099,
SVN,Slovenia,HP4,Providers of ancillary services,2021,0.085,
SVN,Slovenia,HP82,All other industries as secondary providers of healthcare,2021,0.01,
SVN,Slovenia,HP6,Providers of preventive care,2021,0.074,
SVN,Slovenia,HP31,Medical practices,2021,0.585,
SVN,Slovenia,HP21,Long-term nursing care facilities,2021,0.36,
SVN,Slovenia,HP34,Ambulatory healthcare centres,2021,1.445,
SVN,Slovenia,HP2,Residential long-term care facilities,2021,0.555,
SVN,Slovenia,HP9,Rest of the world,2021,0.051,
SVN,Slovenia,HP7,Providers of healthcare system administration and financing,2021,0.335,
SVN,Slovenia,HP41,Providers of patient transportation and emergency rescue,2021,0.042,
SVN,Slovenia,HP81,Households as providers of home healthcare,2021,0.397,
SVN,Slovenia,HP12,Mental health hospitals,2021,0.123,
SVN,Slovenia,HP11,General hospitals,2021,2.749,
SVN,Slovenia,HP1,Hospitals,2021,3.547,
SVN,Slovenia,HP52,Retail sellers and other suppliers of durable medical goods and medical appliances,2021,0.377,
SVN,Slovenia,HP5,Retailers and other providers of medical goods,2021,1.968,
SVN,Slovenia,HP42,Medical and diagnostic laboratories,2021,0.043,
SVN,Slovenia,HP35,Providers of home healthcare services,2021,0.02,
SVN,Slovenia,HP33,Other healthcare practitioners,2021,0.154,
SVN,Slovenia,HP73,Private health insurance administration agencies,2021,0.147,
SVN,Slovenia,HP72,Social health insurance agencies,2021,0.088,
SVN,Slovenia,HP51,Pharmacies,2021,1.591,
SVN,Slovenia,HP51,Pharmacies,2022,1.651,
SVN,Slovenia,HP72,Social health insurance agencies,2022,0.089,
SVN,Slovenia,HP73,Private health insurance administration agencies,2022,0.124,
SVN,Slovenia,HP33,Other healthcare practitioners,2022,0.123,
SVN,Slovenia,HP35,Providers of home healthcare services,2022,0.018,
SVN,Slovenia,HP42,Medical and diagnostic laboratories,2022,0.048,
SVN,Slovenia,HP5,Retailers and other providers of medical goods,2022,2.034,
SVN,Slovenia,HP52,Retail sellers and other suppliers of durable medical goods and medical appliances,2022,0.382,
SVN,Slovenia,HP1,Hospitals,2022,3.651,
SVN,Slovenia,HP11,General hospitals,2022,2.832,
SVN,Slovenia,HP12,Mental health hospitals,2022,0.129,
SVN,Slovenia,HP81,Households as providers of home healthcare,2022,0.455,
SVN,Slovenia,HP41,Providers of patient transportation and emergency rescue,2022,0.044,
SVN,Slovenia,HP7,Providers of healthcare system administration and financing,2022,0.294,
SVN,Slovenia,HP9,Rest of the world,2022,0.044,
SVN,Slovenia,HP2,Residential long-term care facilities,2022,0.586,
SVN,Slovenia,HP34,Ambulatory healthcare centres,2022,1.362,
SVN,Slovenia,HP21,Long-term nursing care facilities,2022,0.388,
SVN,Slovenia,HP31,Medical practices,2022,0.55,
SVN,Slovenia,HP6,Providers of preventive care,2022,0.116,
SVN,Slovenia,HP82,All other industries as secondary providers of healthcare,2022,0.009,
SVN,Slovenia,HP4,Providers of ancillary services,2022,0.092,
SVN,Slovenia,HP71,Government health administration agencies,2022,0.08,
SVN,Slovenia,HP13,Specialised hospitals (other than mental health hospitals),2022,0.691,
SVN,Slovenia,HP3,Providers of ambulatory healthcare,2022,2.349,
SVN,Slovenia,HP8,Rest of the economy,2022,0.464,
SVN,Slovenia,HP32,Dental practices,2022,0.296,
SVN,Slovenia,HP22,Mental health and substance abuse facilities,2022,0.19,
SVN,Slovenia,HP22,Mental health and substance abuse facilities,2023,0.194,
SVN,Slovenia,HP32,Dental practices,2023,0.281,
SVN,Slovenia,HP8,Rest of the economy,2023,0.478,
SVN,Slovenia,HP3,Providers of ambulatory healthcare,2023,2.219,
SVN,Slovenia,HP13,Specialised hospitals (other than mental health hospitals),2023,0.672,
SVN,Slovenia,HP71,Government health administration agencies,2023,0.059,
SVN,Slovenia,HP4,Providers of ancillary services,2023,0.091,
SVN,Slovenia,HP82,All other industries as secondary providers of healthcare,2023,0.019,
SVN,Slovenia,HP6,Providers of preventive care,2023,0.059,
SVN,Slovenia,HP31,Medical practices,2023,0.5,
SVN,Slovenia,HP21,Long-term nursing care facilities,2023,0.367,
SVN,Slovenia,HP34,Ambulatory healthcare centres,2023,1.321,
SVN,Slovenia,HP2,Residential long-term care facilities,2023,0.567,
SVN,Slovenia,HP9,Rest of the world,2023,0.051,
SVN,Slovenia,HP7,Providers of healthcare system administration and financing,2023,0.258,
SVN,Slovenia,HP41,Providers of patient transportation and emergency rescue,2023,0.04,
SVN,Slovenia,HP81,Households as providers of home healthcare,2023,0.459,
SVN,Slovenia,HP12,Mental health hospitals,2023,0.131,
SVN,Slovenia,HP11,General hospitals,2023,2.753,
SVN,Slovenia,HP1,Hospitals,2023,3.556,
SVN,Slovenia,HP52,Retail sellers and other suppliers of durable medical goods and medical appliances,2023,0.405,
SVN,Slovenia,HP5,Retailers and other providers of medical goods,2023,2.007,
SVN,Slovenia,HP42,Medical and diagnostic laboratories,2023,0.052,
SVN,Slovenia,HP35,Providers of home healthcare services,2023,0.016,
SVN,Slovenia,HP33,Other healthcare practitioners,2023,0.101,
SVN,Slovenia,HP73,Private health insurance administration agencies,2023,0.115,
SVN,Slovenia,HP72,Social health insurance agencies,2023,0.084,
SVN,Slovenia,HP51,Pharmacies,2023,1.602,
SVN,Slovenia,HP29,Other residential long-term care facilities,2015,0.008,
SVN,Slovenia,HP29,Other residential long-term care facilities,2016,0.008,
SVN,Slovenia,HP29,Other residential long-term care facilities,2017,0.008,
SVN,Slovenia,HP82,All other industries as secondary providers of healthcare,2017,0.008,
SVN,Slovenia,HP82,All other industries as secondary providers of healthcare,2020,0.008,
SVN,Slovenia,HP29,Other residential long-term care facilities,2022,0.008,
SVN,Slovenia,_T,Total,2015,8.597,
SVN,Slovenia,_T,Total,2016,8.569,
SVN,Slovenia,_T,Total,2017,8.259,
SVN,Slovenia,_T,Total,2018,8.352,
SVN,Slovenia,_T,Total,2019,8.566,
SVN,Slovenia,_T,Total,2020,9.49,
SVN,Slovenia,_T,Total,2021,9.525,
SVN,Slovenia,_T,Total,2022,9.631,
SVN,Slovenia,_T,Total,2023,9.286,
SVN,Slovenia,HP82,All other industries as secondary providers of healthcare,2015,0.007,
SVN,Slovenia,HP29,Other residential long-term care facilities,2018,0.007,
SVN,Slovenia,HP29,Other residential long-term care facilities,2019,0.007,
SVN,Slovenia,HP82,All other industries as secondary providers of healthcare,2019,0.007,
SVN,Slovenia,HP29,Other residential long-term care facilities,2020,0.007,
SVN,Slovenia,HP29,Other residential long-term care facilities,2021,0.007,
SVN,Slovenia,HP29,Other residential long-term care facilities,2023,0.007,
SVN,Slovenia,_T,Total,2025,9.675,E
POL,Poland,_T,Total,2015,6.365,
POL,Poland,HP31,Medical practices,2015,0.232,
POL,Poland,HP2,Residential long-term care facilities,2015,0.066,
POL,Poland,HP22,Mental health and substance abuse facilities,2015,0.008,
POL,Poland,HP49,Other providers of ancillary services,2015,0.002,
POL,Poland,HP11,General hospitals,2015,1.807,
POL,Poland,HP13,Specialised hospitals (other than mental health hospitals),2015,0.524,
POL,Poland,HP6,Providers of preventive care,2015,0.009,
POL,Poland,HP82,All other industries as secondary providers of healthcare,2015,0.028,
POL,Poland,HP59,All other miscellaneous sellers and other suppliers of pharmaceuticals and medical goods,2015,0.003,
POL,Poland,HP41,Providers of patient transportation and emergency rescue,2015,0.144,
POL,Poland,HP42,Medical and diagnostic laboratories,2015,0.041,
POL,Poland,HP3,Providers of ambulatory healthcare,2015,1.719,
POL,Poland,HP81,Households as providers of home healthcare,2015,0.258,
POL,Poland,HP21,Long-term nursing care facilities,2015,0.057,
POL,Poland,HP51,Pharmacies,2015,1.32,
POL,Poland,HP34,Ambulatory healthcare centres,2015,1.065,
POL,Poland,HP35,Providers of home healthcare services,2015,0.028,
POL,Poland,HP71,Government health administration agencies,2015,0.124,
POL,Poland,HP8,Rest of the economy,2015,0.285,
POL,Poland,HP9,Rest of the world,2015,0.032,
POL,Poland,HP32,Dental practices,2015,0.325,
POL,Poland,HP7,Providers of healthcare system administration and financing,2015,0.204,
POL,Poland,HP4,Providers of ancillary services,2015,0.187,
POL,Poland,HP1,Hospitals,2015,2.399,
POL,Poland,HP5,Retailers and other providers of medical goods,2015,1.463,
POL,Poland,HP72,Social health insurance agencies,2015,0.044,
POL,Poland,HP79,Other administration agencies,2015,0.037,
POL,Poland,HP33,Other healthcare practitioners,2015,0.07,
POL,Poland,HP12,Mental health hospitals,2015,0.068,
POL,Poland,HP52,Retail sellers and other suppliers of durable medical goods and medical appliances,2015,0.14,
POL,Poland,HP52,Retail sellers and other suppliers of durable medical goods and medical appliances,2016,0.148,
POL,Poland,HP12,Mental health hospitals,2016,0.071,
POL,Poland,HP33,Other healthcare practitioners,2016,0.068,
POL,Poland,HP79,Other administration agencies,2016,0.036,
POL,Poland,HP72,Social health insurance agencies,2016,0.04,
POL,Poland,HP29,Other residential long-term care facilities,2015,0.001,
POL,Poland,HP29,Other residential long-term care facilities,2016,0.001,
NOR,Norway,_T,Total,2023,8.932,E
NOR,Norway,_T,Total,2024,9.249,E
NOR,Norway,_T,Total,2025,9.336,E
NOR,Norway,HP8,Rest of the economy,2022,0.111,
NOR,Norway,HP7,Providers of healthcare system administration and financing,2022,0.135,
NOR,Norway,HP11,General hospitals,2022,2.312,
NOR,Norway,HP4,Providers of ancillary services,2022,0.077,
SVK,Slovak Republic,_T,Total,2015,6.741,
SVK,Slovak Republic,_T,Total,2016,6.942,
SVK,Slovak Republic,_T,Total,2017,6.734,
SVK,Slovak Republic,_T,Total,2018,6.637,
SVK,Slovak Republic,_T,Total,2019,6.911,
SVK,Slovak Republic,_T,Total,2020,7.06,
SVK,Slovak Republic,_T,Total,2021,7.632,
SVK,Slovak Republic,_T,Total,2022,7.709,
SVK,Slovak Republic,_T,Total,2023,7.37,
SVK,Slovak Republic,_T,Total,2024,7.979,
SVK,Slovak Republic,HP9,Rest of the world,2015,0.027,
SVK,Slovak Republic,HP52,Retail sellers and other suppliers of durable medical goods and medical appliances,2015,0.429,
SVK,Slovak Republic,HP5,Retailers and other providers of medical goods,2015,2.381,
SVK,Slovak Republic,HP35,Providers of home healthcare services,2015,0.017,
SVK,Slovak Republic,HP59,All other miscellaneous sellers and other suppliers of pharmaceuticals and medical goods,2015,0.141,
SVK,Slovak Republic,HP13,Specialised hospitals (other than mental health hospitals),2015,0.045,
SVK,Slovak Republic,HP8,Rest of the economy,2015,0.077,
SVK,Slovak Republic,HP42,Medical and diagnostic laboratories,2015,0.295,
SVK,Slovak Republic,HP71,Government health administration agencies,2015,0.067,
SVK,Slovak Republic,HP4,Providers of ancillary services,2015,0.462,
SVK,Slovak Republic,HP72,Social health insurance agencies,2015,0.148,
SVK,Slovak Republic,HP34,Ambulatory healthcare centres,2015,0.451,
SVK,Slovak Republic,HP51,Pharmacies,2015,1.811,
SVK,Slovak Republic,HP82,All other industries as secondary providers of healthcare,2015,0.021,
SVK,Slovak Republic,HP31,Medical practices,2015,0.312,
SVK,Slovak Republic,HP81,Households as providers of home healthcare,2015,0.057,
SVK,Slovak Republic,HP6,Providers of preventive care,2015,0.122,
SVK,Slovak Republic,HP3,Providers of ambulatory healthcare,2015,1.159,
SVK,Slovak Republic,HP41,Providers of patient transportation and emergency rescue,2015,0.168,
SVK,Slovak Republic,HP11,General hospitals,2015,2.214,
SVK,Slovak Republic,HP1,Hospitals,2015,2.297,
SVK,Slovak Republic,HP7,Providers of healthcare system administration and financing,2015,0.215,
SVK,Slovak Republic,HP32,Dental practices,2015,0.327,
SVK,Slovak Republic,HP33,Other healthcare practitioners,2015,0.052,
SVK,Slovak Republic,HP12,Mental health hospitals,2015,0.037,
SVK,Slovak Republic,HP12,Mental health hospitals,2016,0.041,
SVK,Slovak Republic,HP33,Other healthcare practitioners,2016,0.074,
SVK,Slovak Republic,HP32,Dental practices,2016,0.31,
SVK,Slovak Republic,HP7,Providers of healthcare system administration and financing,2016,0.238,
SVK,Slovak Republic,HP1,Hospitals,2016,2.219,
SVK,Slovak Republic,HP11,General hospitals,2016,2.165,
SVK,Slovak Republic,HP41,Providers of patient transportation and emergency rescue,2016,0.157,
SVK,Slovak Republic,HP3,Providers of ambulatory healthcare,2016,1.34,
SVK,Slovak Republic,HP6,Providers of preventive care,2016,0.039,
SVK,Slovak Republic,HP81,Households as providers of home healthcare,2016,0.005,
SVK,Slovak Republic,HP31,Medical practices,2016,0.393,
SVK,Slovak Republic,HP82,All other industries as secondary providers of healthcare,2016,0.043,
SVK,Slovak Republic,HP51,Pharmacies,2016,1.846,
SVK,Slovak Republic,HP34,Ambulatory healthcare centres,2016,0.544,
SVK,Slovak Republic,HP72,Social health insurance agencies,2016,0.167,
SVK,Slovak Republic,HP4,Providers of ancillary services,2016,0.59,
SVK,Slovak Republic,HP71,Government health administration agencies,2016,0.071,
SVK,Slovak Republic,HP42,Medical and diagnostic laboratories,2016,0.434,
SVK,Slovak Republic,HP8,Rest of the economy,2016,0.047,
SVK,Slovak Republic,HP13,Specialised hospitals (other than mental health hospitals),2016,0.014,
SVK,Slovak Republic,HP59,All other miscellaneous sellers and other suppliers of pharmaceuticals and medical goods,2016,0.149,
SVK,Slovak Republic,HP35,Providers of home healthcare services,2016,0.02,
SVK,Slovak Republic,HP5,Retailers and other providers of medical goods,2016,2.425,
SVK,Slovak Republic,HP52,Retail sellers and other suppliers of durable medical goods and medical appliances,2016,0.43,
SVK,Slovak Republic,HP9,Rest of the world,2016,0.042,
SVK,Slovak Republic,HP9,Rest of the world,2017,0.043,
SVK,Slovak Republic,HP52,Retail sellers and other suppliers of durable medical goods and medical appliances,2017,0.427,
SVK,Slovak Republic,HP5,Retailers and other providers of medical goods,2017,2.343,
SVK,Slovak Republic,HP35,Providers of home healthcare services,2017,0.02,
SVK,Slovak Republic,HP59,All other miscellaneous sellers and other suppliers of pharmaceuticals and medical goods,2017,0.139,
SVK,Slovak Republic,HP13,Specialised hospitals (other than mental health hospitals),2017,0.014,
SVK,Slovak Republic,HP8,Rest of the economy,2017,0.032,
SVK,Slovak Republic,HP42,Medical and diagnostic laboratories,2017,0.397,
SVK,Slovak Republic,HP71,Government health administration agencies,2017,0.067,
SVK,Slovak Republic,HP4,Providers of ancillary services,2017,0.549,
SVK,Slovak Republic,HP72,Social health insurance agencies,2017,0.172,
SVK,Slovak Republic,HP34,Ambulatory healthcare centres,2017,0.54,
SVK,Slovak Republic,HP51,Pharmacies,2017,1.777,
SVK,Slovak Republic,HP82,All other industries as secondary providers of healthcare,2017,0.028,
SVK,Slovak Republic,HP31,Medical practices,2017,0.335,
SVK,Slovak Republic,HP81,Households as providers of home healthcare,2017,0.004,
SVK,Slovak Republic,HP6,Providers of preventive care,2017,0.04,
SVK,Slovak Republic,HP3,Providers of ambulatory healthcare,2017,1.284,
SVK,Slovak Republic,HP41,Providers of patient transportation and emergency rescue,2017,0.152,
SVK,Slovak Republic,HP11,General hospitals,2017,2.154,
SVK,Slovak Republic,HP1,Hospitals,2017,2.204,
SVK,Slovak Republic,HP7,Providers of healthcare system administration and financing,2017,0.239,
SVK,Slovak Republic,HP32,Dental practices,2017,0.312,
SVK,Slovak Republic,HP33,Other healthcare practitioners,2017,0.077,
SVK,Slovak Republic,HP12,Mental health hospitals,2017,0.037,
SVK,Slovak Republic,HP12,Mental health hospitals,2018,0.039,
SVK,Slovak Republic,HP33,Other healthcare practitioners,2018,0.084,
SVK,Slovak Republic,HP32,Dental practices,2018,0.313,
SVK,Slovak Republic,HP7,Providers of healthcare system administration and financing,2018,0.245,
SVK,Slovak Republic,HP1,Hospitals,2018,2.248,
SVK,Slovak Republic,HP11,General hospitals,2018,2.196,
SVK,Slovak Republic,HP41,Providers of patient transportation and emergency rescue,2018,0.15,
SVK,Slovak Republic,HP3,Providers of ambulatory healthcare,2018,1.298,
SVK,Slovak Republic,HP6,Providers of preventive care,2018,0.039,
SVK,Slovak Republic,HP81,Households as providers of home healthcare,2018,0.003,
SVK,Slovak Republic,HP31,Medical practices,2018,0.339,
SVK,Slovak Republic,HP82,All other industries as secondary providers of healthcare,2018,0.013,
SVK,Slovak Republic,HP51,Pharmacies,2018,1.693,
SVK,Slovak Republic,HP34,Ambulatory healthcare centres,2018,0.539,
SVK,Slovak Republic,HP72,Social health insurance agencies,2018,0.18,
SVK,Slovak Republic,HP4,Providers of ancillary services,2018,0.523,
SVK,Slovak Republic,HP71,Government health administration agencies,2018,0.065,
SVK,Slovak Republic,HP42,Medical and diagnostic laboratories,2018,0.373,
SVK,Slovak Republic,HP8,Rest of the economy,2018,0.016,
SVK,Slovak Republic,HP13,Specialised hospitals (other than mental health hospitals),2018,0.014,
SVK,Slovak Republic,HP59,All other miscellaneous sellers and other suppliers of pharmaceuticals and medical goods,2018,0.125,
SVK,Slovak Republic,HP35,Providers of home healthcare services,2018,0.023,
SVK,Slovak Republic,HP5,Retailers and other providers of medical goods,2018,2.219,
SVK,Slovak Republic,HP52,Retail sellers and other suppliers of durable medical goods and medical appliances,2018,0.4,
SVK,Slovak Republic,HP9,Rest of the world,2018,0.048,
SVK,Slovak Republic,HP9,Rest of the world,2019,0.047,
SVK,Slovak Republic,HP52,Retail sellers and other suppliers of durable medical goods and medical appliances,2019,0.396,
SVK,Slovak Republic,HP5,Retailers and other providers of medical goods,2019,2.21,
SVK,Slovak Republic,HP35,Providers of home healthcare services,2019,0.023,
SVK,Slovak Republic,HP59,All other miscellaneous sellers and other suppliers of pharmaceuticals and medical goods,2019,0.125,
SVK,Slovak Republic,HP13,Specialised hospitals (other than mental health hospitals),2019,0.015,
SVK,Slovak Republic,HP8,Rest of the economy,2019,0.017,
SVK,Slovak Republic,HP42,Medical and diagnostic laboratories,2019,0.379,
SVK,Slovak Republic,HP71,Government health administration agencies,2019,0.085,
SVK,Slovak Republic,HP4,Providers of ancillary services,2019,0.546,
SVK,Slovak Republic,HP72,Social health insurance agencies,2019,0.17,
SVK,Slovak Republic,HP34,Ambulatory healthcare centres,2019,0.58,
SVK,Slovak Republic,HP51,Pharmacies,2019,1.689,
SVK,Slovak Republic,HP82,All other industries as secondary providers of healthcare,2019,0.014,
SVK,Slovak Republic,HP31,Medical practices,2019,0.367,
SVK,Slovak Republic,HP81,Households as providers of home healthcare,2019,0.003,
SVK,Slovak Republic,HP6,Providers of preventive care,2019,0.043,
SVK,Slovak Republic,HP3,Providers of ambulatory healthcare,2019,1.398,
SVK,Slovak Republic,HP41,Providers of patient transportation and emergency rescue,2019,0.167,
SVK,Slovak Republic,HP11,General hospitals,2019,2.341,
SVK,Slovak Republic,HP1,Hospitals,2019,2.396,
SVK,Slovak Republic,HP7,Providers of healthcare system administration and financing,2019,0.255,
SVK,Slovak Republic,HP32,Dental practices,2019,0.335,
SVK,Slovak Republic,HP33,Other healthcare practitioners,2019,0.092,
SVK,Slovak Republic,HP12,Mental health hospitals,2019,0.039,
SVK,Slovak Republic,HP12,Mental health hospitals,2020,0.016,
SVK,Slovak Republic,HP33,Other healthcare practitioners,2020,0.041,
SVK,Slovak Republic,HP32,Dental practices,2020,0.325,
SVK,Slovak Republic,HP7,Providers of healthcare system administration and financing,2020,0.273,
SVK,Slovak Republic,HP1,Hospitals,2020,2.446,
SVK,Slovak Republic,HP11,General hospitals,2020,2.367,
SVK,Slovak Republic,HP41,Providers of patient transportation and emergency rescue,2020,0.19,
SVK,Slovak Republic,HP3,Providers of ambulatory healthcare,2020,1.326,
SVK,Slovak Republic,HP6,Providers of preventive care,2020,0.059,
SVK,Slovak Republic,HP81,Households as providers of home healthcare,2020,0.003,
SVK,Slovak Republic,HP31,Medical practices,2020,0.407,
SVK,Slovak Republic,HP82,All other industries as secondary providers of healthcare,2020,0.041,
SVK,Slovak Republic,HP51,Pharmacies,2020,1.675,
SVK,Slovak Republic,HP34,Ambulatory healthcare centres,2020,0.526,
SVK,Slovak Republic,HP72,Social health insurance agencies,2020,0.165,
SVK,Slovak Republic,HP4,Providers of ancillary services,2020,0.607,
SVK,Slovak Republic,HP71,Government health administration agencies,2020,0.108,
SVK,Slovak Republic,HP42,Medical and diagnostic laboratories,2020,0.418,
SVK,Slovak Republic,HP8,Rest of the economy,2020,0.044,
SVK,Slovak Republic,HP13,Specialised hospitals (other than mental health hospitals),2020,0.063,
SVK,Slovak Republic,HP59,All other miscellaneous sellers and other suppliers of pharmaceuticals and medical goods,2020,0.124,
SVK,Slovak Republic,HP35,Providers of home healthcare services,2020,0.027,
SVK,Slovak Republic,HP5,Retailers and other providers of medical goods,2020,2.248,
SVK,Slovak Republic,HP52,Retail sellers and other suppliers of durable medical goods and medical appliances,2020,0.449,
SVK,Slovak Republic,HP9,Rest of the world,2020,0.057,
SVK,Slovak Republic,HP9,Rest of the world,2021,0.053,
SVK,Slovak Republic,HP52,Retail sellers and other suppliers of durable medical goods and medical appliances,2021,0.486,
SVK,Slovak Republic,HP5,Retailers and other providers of medical goods,2021,2.209,
SVK,Slovak Republic,HP35,Providers of home healthcare services,2021,0.028,
SVK,Slovak Republic,HP59,All other miscellaneous sellers and other suppliers of pharmaceuticals and medical goods,2021,0.117,
SVK,Slovak Republic,HP13,Specialised hospitals (other than mental health hospitals),2021,0.063,
SVK,Slovak Republic,HP8,Rest of the economy,2021,0.097,
SVK,Slovak Republic,HP42,Medical and diagnostic laboratories,2021,0.464,
SVK,Slovak Republic,HP71,Government health administration agencies,2021,0.465,
SVK,Slovak Republic,HP4,Providers of ancillary services,2021,0.65,
SVK,Slovak Republic,HP72,Social health insurance agencies,2021,0.144,
SVK,Slovak Republic,HP34,Ambulatory healthcare centres,2021,0.529,
SVK,Slovak Republic,HP51,Pharmacies,2021,1.606,
SVK,Slovak Republic,HP82,All other industries as secondary providers of healthcare,2021,0.094,
SVK,Slovak Republic,HP31,Medical practices,2021,0.451,
SVK,Slovak Republic,HP81,Households as providers of home healthcare,2021,0.002,
SVK,Slovak Republic,HP6,Providers of preventive care,2021,0.108,
SVK,Slovak Republic,HP3,Providers of ambulatory healthcare,2021,1.425,
SVK,Slovak Republic,HP41,Providers of patient transportation and emergency rescue,2021,0.186,
SVK,Slovak Republic,HP11,General hospitals,2021,2.402,
SVK,Slovak Republic,HP1,Hospitals,2021,2.481,
SVK,Slovak Republic,HP7,Providers of healthcare system administration and financing,2021,0.609,
SVK,Slovak Republic,HP32,Dental practices,2021,0.378,
SVK,Slovak Republic,HP33,Other healthcare practitioners,2021,0.039,
SVK,Slovak Republic,HP12,Mental health hospitals,2021,0.016,
SVK,Slovak Republic,HP12,Mental health hospitals,2022,0.018,
SVK,Slovak Republic,HP33,Other healthcare practitioners,2022,0.051,
SVK,Slovak Republic,HP32,Dental practices,2022,0.391,
SVK,Slovak Republic,HP7,Providers of healthcare system administration and financing,2022,0.525,
SVK,Slovak Republic,HP1,Hospitals,2022,2.629,
SVK,Slovak Republic,HP11,General hospitals,2022,2.541,
SVK,Slovak Republic,HP41,Providers of patient transportation and emergency rescue,2022,0.203,
SVK,Slovak Republic,HP3,Providers of ambulatory healthcare,2022,1.427,
SVK,Slovak Republic,HP6,Providers of preventive care,2022,0.145,
SVK,Slovak Republic,HP81,Households as providers of home healthcare,2022,0.002,
SVK,Slovak Republic,HP31,Medical practices,2022,0.408,
SVK,Slovak Republic,HP82,All other industries as secondary providers of healthcare,2022,0.036,
SVK,Slovak Republic,HP51,Pharmacies,2022,1.639,
SVK,Slovak Republic,HP34,Ambulatory healthcare centres,2022,0.549,
SVK,Slovak Republic,HP72,Social health insurance agencies,2022,0.143,
SVK,Slovak Republic,HP4,Providers of ancillary services,2022,0.667,
SVK,Slovak Republic,HP71,Government health administration agencies,2022,0.382,
SVK,Slovak Republic,HP42,Medical and diagnostic laboratories,2022,0.463,
SVK,Slovak Republic,HP8,Rest of the economy,2022,0.038,
SVK,Slovak Republic,HP13,Specialised hospitals (other than mental health hospitals),2022,0.07,
SVK,Slovak Republic,HP59,All other miscellaneous sellers and other suppliers of pharmaceuticals and medical goods,2022,0.118,
SVK,Slovak Republic,HP35,Providers of home healthcare services,2022,0.029,
SVK,Slovak Republic,HP5,Retailers and other providers of medical goods,2022,2.242,
SVK,Slovak Republic,HP52,Retail sellers and other suppliers of durable medical goods and medical appliances,2022,0.486,
SVK,Slovak Republic,HP9,Rest of the world,2022,0.036,
SVK,Slovak Republic,HP9,Rest of the world,2023,0.05,
SVK,Slovak Republic,HP52,Retail sellers and other suppliers of durable medical goods and medical appliances,2023,0.468,
SVK,Slovak Republic,HP2,Residential long-term care facilities,2023,0.005,
SVK,Slovak Republic,HP5,Retailers and other providers of medical goods,2023,2.211,
SVK,Slovak Republic,HP35,Providers of home healthcare services,2023,0.029,
SVK,Slovak Republic,HP59,All other miscellaneous sellers and other suppliers of pharmaceuticals and medical goods,2023,0.129,
SVK,Slovak Republic,HP13,Specialised hospitals (other than mental health hospitals),2023,0.075,
SVK,Slovak Republic,HP8,Rest of the economy,2023,0.016,
SVK,Slovak Republic,HP42,Medical and diagnostic laboratories,2023,0.359,
SVK,Slovak Republic,HP71,Government health administration agencies,2023,0.192,
SVK,Slovak Republic,HP4,Providers of ancillary services,2023,0.567,
SVK,Slovak Republic,HP21,Long-term nursing care facilities,2023,0.005,
SVK,Slovak Republic,HP72,Social health insurance agencies,2023,0.151,
SVK,Slovak Republic,HP34,Ambulatory healthcare centres,2023,0.559,
SVK,Slovak Republic,HP51,Pharmacies,2023,1.614,
SVK,Slovak Republic,HP82,All other industries as secondary providers of healthcare,2023,0.015,
SVK,Slovak Republic,HP31,Medical practices,2023,0.345,
SVK,Slovak Republic,HP81,Households as providers of home healthcare,2023,0.002,
SVK,Slovak Republic,HP6,Providers of preventive care,2023,0.187,
SVK,Slovak Republic,HP3,Providers of ambulatory healthcare,2023,1.334,
SVK,Slovak Republic,HP41,Providers of patient transportation and emergency rescue,2023,0.208,
SVK,Slovak Republic,HP11,General hospitals,2023,2.565,
SVK,Slovak Republic,HP1,Hospitals,2023,2.658,
SVK,Slovak Republic,HP7,Providers of healthcare system administration and financing,2023,0.343,
SVK,Slovak Republic,HP32,Dental practices,2023,0.349,
SVK,Slovak Republic,HP33,Other healthcare practitioners,2023,0.053,
SVK,Slovak Republic,HP12,Mental health hospitals,2023,0.018,
SVK,Slovak Republic,HP12,Mental health hospitals,2024,0.022,
SVK,Slovak Republic,HP33,Other healthcare practitioners,2024,0.045,
SVK,Slovak Republic,HP32,Dental practices,2024,0.4,
SVK,Slovak Republic,HP7,Providers of healthcare system administration and financing,2024,0.226,
SVK,Slovak Republic,HP1,Hospitals,2024,2.982,
SVK,Slovak Republic,HP11,General hospitals,2024,2.884,
SVK,Slovak Republic,HP41,Providers of patient transportation and emergency rescue,2024,0.215,
SVK,Slovak Republic,HP3,Providers of ambulatory healthcare,2024,1.54,
SVK,Slovak Republic,HP6,Providers of preventive care,2024,0.187,
SVK,Slovak Republic,HP81,Households as providers of home healthcare,2024,0.001,
SVK,Slovak Republic,HP31,Medical practices,2024,0.441,
SVK,Slovak Republic,HP82,All other industries as secondary providers of healthcare,2024,0.013,
SVK,Slovak Republic,HP51,Pharmacies,2024,1.771,
SVK,Slovak Republic,HP34,Ambulatory healthcare centres,2024,0.621,
SVK,Slovak Republic,HP72,Social health insurance agencies,2024,0.11,
SVK,Slovak Republic,HP21,Long-term nursing care facilities,2024,0.005,
SVK,Slovak Republic,HP4,Providers of ancillary services,2024,0.58,
SVK,Slovak Republic,HP71,Government health administration agencies,2024,0.116,
SVK,Slovak Republic,HP42,Medical and diagnostic laboratories,2024,0.365,
SVK,Slovak Republic,HP8,Rest of the economy,2024,0.015,
SVK,Slovak Republic,HP13,Specialised hospitals (other than mental health hospitals),2024,0.076,
SVK,Slovak Republic,HP59,All other miscellaneous sellers and other suppliers of pharmaceuticals and medical goods,2024,0.133,
SVK,Slovak Republic,HP35,Providers of home healthcare services,2024,0.033,
SVK,Slovak Republic,HP5,Retailers and other providers of medical goods,2024,2.389,
SVK,Slovak Republic,HP2,Residential long-term care facilities,2024,0.005,
SVK,Slovak Republic,HP52,Retail sellers and other suppliers of durable medical goods and medical appliances,2024,0.485,
SVK,Slovak Republic,HP9,Rest of the world,2024,0.055,
SVK,Slovak Republic,HP2,Residential long-term care facilities,2015,0,
SVK,Slovak Republic,HP29,Other residential long-term care facilities,2015,0,
SVK,Slovak Republic,_T,Total,2025,8.089,E
PRT,Portugal,_T,Total,2025,10.392,P
PRT,Portugal,HP71,Government health administration agencies,2022,0.098,
PRT,Portugal,HP42,Medical and diagnostic laboratories,2022,0.4,
PRT,Portugal,HP33,Other healthcare practitioners,2022,0.271,
PRT,Portugal,HP1,Hospitals,2022,4.392,
PRT,Portugal,HP82,All other industries as secondary providers of healthcare,2022,0.418,
PRT,Portugal,HP6,Providers of preventive care,2022,0.012,
PRT,Portugal,HP41,Providers of patient transportation and emergency rescue,2022,0.147,
PRT,Portugal,HP81,Households as providers of home healthcare,2022,0.071,
PRT,Portugal,HP2,Residential long-term care facilities,2022,0.193,
PRT,Portugal,HP5,Retailers and other providers of medical goods,2022,1.955,
PRT,Portugal,HP73,Private health insurance administration agencies,2022,0.137,
PRT,Portugal,HP59,All other miscellaneous sellers and other suppliers of pharmaceuticals and medical goods,2022,0.078,
PRT,Portugal,HP35,Providers of home healthcare services,2022,0.011,
PRT,Portugal,HP52,Retail sellers and other suppliers of durable medical goods and medical appliances,2022,0.367,
PRT,Portugal,HP51,Pharmacies,2022,1.51,
PRT,Portugal,HP8,Rest of the economy,2022,0.489,
PRT,Portugal,HP3,Providers of ambulatory healthcare,2024,2.514,
PRT,Portugal,HP34,Ambulatory healthcare centres,2024,1.486,
PRT,Portugal,HP32,Dental practices,2024,0.428,
PRT,Portugal,HP12,Mental health hospitals,2024,0.064,
PRT,Portugal,HP31,Medical practices,2024,0.31,
PRT,Portugal,HP9,Rest of the world,2024,0.063,
PRT,Portugal,HP7,Providers of healthcare system administration and financing,2024,0.238,
PRT,Portugal,HP11,General hospitals,2024,4.459,
PRT,Portugal,HP4,Providers of ancillary services,2024,0.449,
PRT,Portugal,HP71,Government health administration agencies,2024,0.078,
PRT,Portugal,HP42,Medical and diagnostic laboratories,2024,0.302,
PRT,Portugal,HP33,Other healthcare practitioners,2024,0.278,
PRT,Portugal,HP1,Hospitals,2024,4.523,
PRT,Portugal,HP82,All other industries as secondary providers of healthcare,2024,0.408,
PRT,Portugal,HP6,Providers of preventive care,2024,0.012,
PRT,Portugal,HP41,Providers of patient transportation and emergency rescue,2024,0.147,
PRT,Portugal,HP81,Households as providers of home healthcare,2024,0.073,
PRT,Portugal,HP2,Residential long-term care facilities,2024,0.196,
PRT,Portugal,HP5,Retailers and other providers of medical goods,2024,1.728,
PRT,Portugal,HP73,Private health insurance administration agencies,2024,0.16,
PRT,Portugal,HP59,All other miscellaneous sellers and other suppliers of pharmaceuticals and medical goods,2024,0.079,
PRT,Portugal,HP35,Providers of home healthcare services,2024,0.012,
PRT,Portugal,HP52,Retail sellers and other suppliers of durable medical goods and medical appliances,2024,0.343,
PRT,Portugal,HP51,Pharmacies,2024,1.306,
PRT,Portugal,HP8,Rest of the economy,2024,0.481,
PRT,Portugal,HP8,Rest of the economy,2023,0.48,
PRT,Portugal,HP51,Pharmacies,2023,1.309,
PRT,Portugal,HP52,Retail sellers and other suppliers of durable medical goods and medical appliances,2023,0.348,
PRT,Portugal,HP35,Providers of home healthcare services,2023,0.012,
PRT,Portugal,HP59,All other miscellaneous sellers and other suppliers of pharmaceuticals and medical goods,2023,0.079,
PRT,Portugal,HP73,Private health insurance administration agencies,2023,0.151,
PRT,Portugal,HP5,Retailers and other providers of medical goods,2023,1.736,
PRT,Portugal,HP2,Residential long-term care facilities,2023,0.189,
PRT,Portugal,HP81,Households as providers of home healthcare,2023,0.072,
PRT,Portugal,HP41,Providers of patient transportation and emergency rescue,2023,0.147,
PRT,Portugal,HP6,Providers of preventive care,2023,0.012,
PRT,Portugal,HP82,All other industries as secondary providers of healthcare,2023,0.408,
PRT,Portugal,HP1,Hospitals,2023,4.319,
PRT,Portugal,HP33,Other healthcare practitioners,2023,0.269,
PRT,Portugal,HP42,Medical and diagnostic laboratories,2023,0.308,
PRT,Portugal,HP71,Government health administration agencies,2023,0.073,
PRT,Portugal,HP4,Providers of ancillary services,2023,0.455,
PRT,Portugal,HP11,General hospitals,2023,4.258,
PRT,Portugal,HP7,Providers of healthcare system administration and financing,2023,0.224,
PRT,Portugal,HP9,Rest of the world,2023,0.068,
PRT,Portugal,HP31,Medical practices,2023,0.314,
PRT,Portugal,HP12,Mental health hospitals,2023,0.061,
PRT,Portugal,HP32,Dental practices,2023,0.43,
PRT,Portugal,HP34,Ambulatory healthcare centres,2023,1.443,
PRT,Portugal,HP3,Providers of ambulatory healthcare,2023,2.467,
PRT,Portugal,_T,Total,2023,9.949,
PRT,Portugal,_T,Total,2024,10.204,
PRT,Portugal,_T,Total,2022,10.563,
JPN,Japan,_T,Total,2015,10.538,
JPN,Japan,_T,Total,2016,10.436,
JPN,Japan,_T,Total,2017,10.429,
JPN,Japan,_T,Total,2018,10.504,
JPN,Japan,_T,Total,2019,10.703,
JPN,Japan,_T,Total,2020,11.157,
JPN,Japan,_T,Total,2021,11.708,
JPN,Japan,_T,Total,2022,11.691,
JPN,Japan,_T,Total,2023,10.754,
FIN,Finland,_T,Total,2019,9.223,
FIN,Finland,_T,Total,2020,9.7,
FIN,Finland,_T,Total,2021,9.91,
FIN,Finland,_T,Total,2022,9.742,
GRC,Greece,_T,Total,2020,9.381,
GRC,Greece,_T,Total,2019,8.117,
GRC,Greece,_T,Total,2018,8.073,
GRC,Greece,_T,Total,2023,8.413,
GRC,Greece,_T,Total,2021,9.032,
GRC,Greece,_T,Total,2022,8.484,
GRC,Greece,_T,Total,2024,8.393,
DEU,Germany,_T,Total,2018,11.174,
DEU,Germany,_T,Total,2015,10.918,
DEU,Germany,_T,Total,2017,11.044,
DEU,Germany,_T,Total,2016,10.974,
FRA,France,_T,Total,2023,11.327,
FRA,France,_T,Total,2022,11.698,
EST,Estonia,_T,Total,2024,7.956,
ITA,Italy,_T,Total,2024,8.457,
ITA,Italy,_T,Total,2023,8.366,
ITA,Italy,_T,Total,2022,8.85,
GRC,Greece,HP22,Mental health and substance abuse facilities,2017,0.097,
GRC,Greece,HP71,Government health administration agencies,2017,0.018,
GRC,Greece,HP41,Providers of patient transportation and emergency rescue,2017,0.022,
GRC,Greece,HP11,General hospitals,2017,2.915,
GRC,Greece,HP6,Providers of preventive care,2017,0.024,
GRC,Greece,HP35,Providers of home healthcare services,2017,0.031,
GRC,Greece,HP33,Other healthcare practitioners,2017,0.103,
GRC,Greece,HP2,Residential long-term care facilities,2017,0.143,
GRC,Greece,HP21,Long-term nursing care facilities,2017,0.04,
GRC,Greece,HP5,Retailers and other providers of medical goods,2017,2.614,
GRC,Greece,HP1,Hospitals,2017,3.367,
GRC,Greece,HP72,Social health insurance agencies,2017,0.061,
GRC,Greece,HP29,Other residential long-term care facilities,2017,0.006,
GRC,Greece,HP29,Other residential long-term care facilities,2018,0.006,
GRC,Greece,HP72,Social health insurance agencies,2018,0.063,
GRC,Greece,HP1,Hospitals,2018,3.524,
GRC,Greece,HP5,Retailers and other providers of medical goods,2018,2.478,
GRC,Greece,HP21,Long-term nursing care facilities,2018,0.062,
GRC,Greece,HP2,Residential long-term care facilities,2018,0.18,
GRC,Greece,HP33,Other healthcare practitioners,2018,0.121,
GRC,Greece,HP35,Providers of home healthcare services,2018,0.03,
GRC,Greece,HP6,Providers of preventive care,2018,0.023,
GRC,Greece,HP11,General hospitals,2018,3.046,
GRC,Greece,HP41,Providers of patient transportation and emergency rescue,2018,0.022,
GRC,Greece,HP71,Government health administration agencies,2018,0.017,
GRC,Greece,HP22,Mental health and substance abuse facilities,2018,0.112,
GRC,Greece,HP32,Dental practices,2018,0.377,
GRC,Greece,HP73,Private health insurance administration agencies,2018,0.05,
GRC,Greece,HP52,Retail sellers and other suppliers of durable medical goods and medical appliances,2018,0.271,
GRC,Greece,HP34,Ambulatory healthcare centres,2018,0.431,
GRC,Greece,HP13,Specialised hospitals (other than mental health hospitals),2018,0.288,
GRC,Greece,HP9,Rest of the world,2018,0.052,
GRC,Greece,HP51,Pharmacies,2018,2.207,
GRC,Greece,HP49,Other providers of ancillary services,2018,0.023,
GRC,Greece,HP3,Providers of ambulatory healthcare,2018,1.458,
GRC,Greece,HP12,Mental health hospitals,2018,0.19,
GRC,Greece,HP42,Medical and diagnostic laboratories,2018,0.183,
GRC,Greece,HP7,Providers of healthcare system administration and financing,2018,0.13,
GRC,Greece,HP31,Medical practices,2018,0.498,
GRC,Greece,HP4,Providers of ancillary services,2018,0.228,
GRC,Greece,HP4,Providers of ancillary services,2019,0.328,
GRC,Greece,HP31,Medical practices,2019,0.503,
GRC,Greece,HP7,Providers of healthcare system administration and financing,2019,0.125,
GRC,Greece,HP42,Medical and diagnostic laboratories,2019,0.278,
GRC,Greece,HP12,Mental health hospitals,2019,0.198,
GRC,Greece,HP3,Providers of ambulatory healthcare,2019,1.445,
GRC,Greece,HP49,Other providers of ancillary services,2019,0.026,
GRC,Greece,HP51,Pharmacies,2019,2.301,
GRC,Greece,HP9,Rest of the world,2019,0.041,
GRC,Greece,HP13,Specialised hospitals (other than mental health hospitals),2019,0.281,
GRC,Greece,HP34,Ambulatory healthcare centres,2019,0.471,
GRC,Greece,HP52,Retail sellers and other suppliers of durable medical goods and medical appliances,2019,0.209,
GRC,Greece,HP73,Private health insurance administration agencies,2019,0.05,
GRC,Greece,HP32,Dental practices,2019,0.347,
GRC,Greece,HP22,Mental health and substance abuse facilities,2019,0.077,
GRC,Greece,HP71,Government health administration agencies,2019,0.014,
GRC,Greece,HP41,Providers of patient transportation and emergency rescue,2019,0.023,
GRC,Greece,HP11,General hospitals,2019,3.056,
GRC,Greece,HP6,Providers of preventive care,2019,0.014,
GRC,Greece,HP35,Providers of home healthcare services,2019,0.03,
GRC,Greece,HP33,Other healthcare practitioners,2019,0.092,
GRC,Greece,HP2,Residential long-term care facilities,2019,0.121,
GRC,Greece,HP21,Long-term nursing care facilities,2019,0.038,
GRC,Greece,HP5,Retailers and other providers of medical goods,2019,2.51,
GRC,Greece,HP1,Hospitals,2019,3.535,
GRC,Greece,HP72,Social health insurance agencies,2019,0.06,
GRC,Greece,HP29,Other residential long-term care facilities,2019,0.006,
GRC,Greece,HP29,Other residential long-term care facilities,2020,0.01,
GRC,Greece,HP72,Social health insurance agencies,2020,0.067,
GRC,Greece,HP1,Hospitals,2020,4.105,
GRC,Greece,HP5,Retailers and other providers of medical goods,2020,3.053,
GRC,Greece,HP21,Long-term nursing care facilities,2020,0.04,
GRC,Greece,HP2,Residential long-term care facilities,2020,0.148,
GRC,Greece,HP33,Other healthcare practitioners,2020,0.098,
GRC,Greece,HP35,Providers of home healthcare services,2020,0.032,
GRC,Greece,HP6,Providers of preventive care,2020,0.058,
GRC,Greece,HP11,General hospitals,2020,3.544,
GRC,Greece,HP41,Providers of patient transportation and emergency rescue,2020,0.026,
GRC,Greece,HP71,Government health administration agencies,2020,0.023,
GRC,Greece,HP22,Mental health and substance abuse facilities,2020,0.098,
GRC,Greece,HP32,Dental practices,2020,0.358,
GRC,Greece,HP73,Private health insurance administration agencies,2020,0.06,
GRC,Greece,HP52,Retail sellers and other suppliers of durable medical goods and medical appliances,2020,0.22,
GRC,Greece,HP34,Ambulatory healthcare centres,2020,0.521,
GRC,Greece,HP13,Specialised hospitals (other than mental health hospitals),2020,0.33,
GRC,Greece,HP9,Rest of the world,2020,0.04,
GRC,Greece,HP51,Pharmacies,2020,2.833,
GRC,Greece,HP49,Other providers of ancillary services,2020,0.039,
GRC,Greece,HP3,Providers of ambulatory healthcare,2020,1.502,
GRC,Greece,HP12,Mental health hospitals,2020,0.231,
GRC,Greece,HP42,Medical and diagnostic laboratories,2020,0.26,
GRC,Greece,HP7,Providers of healthcare system administration and financing,2020,0.15,
GRC,Greece,HP31,Medical practices,2020,0.493,
GRC,Greece,HP4,Providers of ancillary services,2020,0.325,
GRC,Greece,HP4,Providers of ancillary services,2021,0.384,
GRC,Greece,HP31,Medical practices,2021,0.506,
GRC,Greece,HP7,Providers of healthcare system administration and financing,2021,0.142,
GRC,Greece,HP42,Medical and diagnostic laboratories,2021,0.322,
GRC,Greece,HP12,Mental health hospitals,2021,0.219,
GRC,Greece,HP3,Providers of ambulatory healthcare,2021,1.424,
GRC,Greece,HP49,Other providers of ancillary services,2021,0.038,
GRC,Greece,HP51,Pharmacies,2021,2.493,
GRC,Greece,HP9,Rest of the world,2021,0.029,
GRC,Greece,HP13,Specialised hospitals (other than mental health hospitals),2021,0.321,
GRC,Greece,HP34,Ambulatory healthcare centres,2021,0.478,
GRC,Greece,HP52,Retail sellers and other suppliers of durable medical goods and medical appliances,2021,0.23,
GRC,Greece,HP73,Private health insurance administration agencies,2021,0.057,
GRC,Greece,HP32,Dental practices,2021,0.321,
GRC,Greece,HP22,Mental health and substance abuse facilities,2021,0.115,
GRC,Greece,HP71,Government health administration agencies,2021,0.017,
GRC,Greece,HP41,Providers of patient transportation and emergency rescue,2021,0.024,
GRC,Greece,HP11,General hospitals,2021,3.548,
GRC,Greece,HP6,Providers of preventive care,2021,0.083,
GRC,Greece,HP35,Providers of home healthcare services,2021,0.032,
GRC,Greece,HP33,Other healthcare practitioners,2021,0.087,
GRC,Greece,HP2,Residential long-term care facilities,2021,0.159,
GRC,Greece,HP21,Long-term nursing care facilities,2021,0.036,
GRC,Greece,HP5,Retailers and other providers of medical goods,2021,2.723,
GRC,Greece,HP1,Hospitals,2021,4.088,
GRC,Greece,HP72,Social health insurance agencies,2021,0.068,
GRC,Greece,HP29,Other residential long-term care facilities,2021,0.008,
GRC,Greece,HP29,Other residential long-term care facilities,2022,0.007,
GRC,Greece,HP72,Social health insurance agencies,2022,0.059,
GRC,Greece,HP1,Hospitals,2022,3.844,
GRC,Greece,HP5,Retailers and other providers of medical goods,2022,2.573,
GRC,Greece,HP21,Long-term nursing care facilities,2022,0.033,
GRC,Greece,HP2,Residential long-term care facilities,2022,0.154,
GRC,Greece,HP33,Other healthcare practitioners,2022,0.078,
GRC,Greece,HP35,Providers of home healthcare services,2022,0.026,
GRC,Greece,HP6,Providers of preventive care,2022,0.055,
GRC,Greece,HP11,General hospitals,2022,3.349,
GRC,Greece,HP41,Providers of patient transportation and emergency rescue,2022,0.021,
GRC,Greece,HP71,Government health administration agencies,2022,0.019,
GRC,Greece,HP22,Mental health and substance abuse facilities,2022,0.114,
GRC,Greece,HP32,Dental practices,2022,0.323,
GRC,Greece,HP73,Private health insurance administration agencies,2022,0.049,
GRC,Greece,HP52,Retail sellers and other suppliers of durable medical goods and medical appliances,2022,0.221,
GRC,Greece,HP34,Ambulatory healthcare centres,2022,0.43,
GRC,Greece,HP13,Specialised hospitals (other than mental health hospitals),2022,0.305,
GRC,Greece,HP9,Rest of the world,2022,0.027,
GRC,Greece,HP51,Pharmacies,2022,2.352,
GRC,Greece,HP49,Other providers of ancillary services,2022,0.044,
GRC,Greece,HP3,Providers of ambulatory healthcare,2022,1.339,
GRC,Greece,HP12,Mental health hospitals,2022,0.19,
GRC,Greece,HP42,Medical and diagnostic laboratories,2022,0.3,
GRC,Greece,HP7,Providers of healthcare system administration and financing,2022,0.127,
GRC,Greece,HP31,Medical practices,2022,0.482,
GRC,Greece,HP4,Providers of ancillary services,2022,0.365,
GRC,Greece,HP4,Providers of ancillary services,2023,0.36,
GRC,Greece,HP31,Medical practices,2023,0.52,
GRC,Greece,HP7,Providers of healthcare system administration and financing,2023,0.122,
GRC,Greece,HP42,Medical and diagnostic laboratories,2023,0.296,
GRC,Greece,HP12,Mental health hospitals,2023,0.189,
GRC,Greece,HP3,Providers of ambulatory healthcare,2023,1.378,
GRC,Greece,HP49,Other providers of ancillary services,2023,0.043,
GRC,Greece,HP51,Pharmacies,2023,2.324,
GRC,Greece,HP9,Rest of the world,2023,0.02,
GRC,Greece,HP13,Specialised hospitals (other than mental health hospitals),2023,0.317,
GRC,Greece,HP34,Ambulatory healthcare centres,2023,0.419,
GRC,Greece,HP52,Retail sellers and other suppliers of durable medical goods and medical appliances,2023,0.205,
GRC,Greece,HP73,Private health insurance administration agencies,2023,0.048,
GRC,Greece,HP32,Dental practices,2023,0.327,
GRC,Greece,HP22,Mental health and substance abuse facilities,2023,0.132,
GRC,Greece,HP71,Government health administration agencies,2023,0.016,
GRC,Greece,HP41,Providers of patient transportation and emergency rescue,2023,0.021,
GRC,Greece,HP11,General hospitals,2023,3.277,
GRC,Greece,HP6,Providers of preventive care,2023,0.05,
GRC,Greece,HP35,Providers of home healthcare services,2023,0.027,
GRC,Greece,HP33,Other healthcare practitioners,2023,0.086,
GRC,Greece,HP2,Residential long-term care facilities,2023,0.169,
GRC,Greece,HP21,Long-term nursing care facilities,2023,0.031,
GRC,Greece,HP5,Retailers and other providers of medical goods,2023,2.529,
GRC,Greece,HP1,Hospitals,2023,3.783,
GRC,Greece,HP72,Social health insurance agencies,2023,0.058,
GRC,Greece,HP29,Other residential long-term care facilities,2023,0.007,
GRC,Greece,HP29,Other residential long-term care facilities,2024,0.007,
GRC,Greece,HP72,Social health insurance agencies,2024,0.057,
GRC,Greece,HP1,Hospitals,2024,3.772,
GRC,Greece,HP5,Retailers and other providers of medical goods,2024,2.541,
GRC,Greece,HP21,Long-term nursing care facilities,2024,0.043,
GRC,Greece,HP2,Residential long-term care facilities,2024,0.2,
GRC,Greece,HP33,Other healthcare practitioners,2024,0.085,
GRC,Greece,HP35,Providers of home healthcare services,2024,0.025,
GRC,Greece,HP6,Providers of preventive care,2024,0.041,
GRC,Greece,HP11,General hospitals,2024,3.279,
GRC,Greece,HP41,Providers of patient transportation and emergency rescue,2024,0.02,
GRC,Greece,HP71,Government health administration agencies,2024,0.011,
GRC,Greece,HP22,Mental health and substance abuse facilities,2024,0.149,
GRC,Greece,HP32,Dental practices,2024,0.334,
GRC,Greece,HP73,Private health insurance administration agencies,2024,0.048,
GRC,Greece,HP52,Retail sellers and other suppliers of durable medical goods and medical appliances,2024,0.204,
GRC,Greece,HP34,Ambulatory healthcare centres,2024,0.417,
GRC,Greece,HP13,Specialised hospitals (other than mental health hospitals),2024,0.309,
GRC,Greece,HP9,Rest of the world,2024,0.031,
GRC,Greece,HP51,Pharmacies,2024,2.337,
GRC,Greece,HP49,Other providers of ancillary services,2024,0.048,
GRC,Greece,HP3,Providers of ambulatory healthcare,2024,1.36,
GRC,Greece,HP12,Mental health hospitals,2024,0.185,
GRC,Greece,HP42,Medical and diagnostic laboratories,2024,0.264,
GRC,Greece,HP7,Providers of healthcare system administration and financing,2024,0.116,
GRC,Greece,HP31,Medical practices,2024,0.499,
GRC,Greece,HP4,Providers of ancillary services,2024,0.332,
DEU,Germany,HP1,Hospitals,2016,3.166,
DEU,Germany,HP31,Medical practices,2016,1.559,
DEU,Germany,HP41,Providers of patient transportation and emergency rescue,2016,0.143,
DEU,Germany,HP7,Providers of healthcare system administration and financing,2016,0.593,
DEU,Germany,HP5,Retailers and other providers of medical goods,2016,2.164,
DEU,Germany,HP72,Social health insurance agencies,2016,0.472,
DEU,Germany,HP81,Households as providers of home healthcare,2016,0.264,
DEU,Germany,HP6,Providers of preventive care,2016,0.092,
DEU,Germany,HP8,Rest of the economy,2016,0.359,
DEU,Germany,HP49,Other providers of ancillary services,2016,0.003,
DEU,Germany,HP11,General hospitals,2016,2.87,
DEU,Germany,HP73,Private health insurance administration agencies,2016,0.114,
DEU,Germany,HP3,Providers of ambulatory healthcare,2016,3.416,
DEU,Germany,HP32,Dental practices,2016,0.822,
DEU,Germany,HP13,Specialised hospitals (other than mental health hospitals),2016,0.296,
DEU,Germany,HP9,Rest of the world,2016,0.052,
DEU,Germany,HP71,Government health administration agencies,2016,0.007,
DEU,Germany,HP21,Long-term nursing care facilities,2016,0.986,
DEU,Germany,HP51,Pharmacies,2016,1.513,
DEU,Germany,HP34,Ambulatory healthcare centres,2016,0.058,
DEU,Germany,HP4,Providers of ancillary services,2016,0.146,
DEU,Germany,HP33,Other healthcare practitioners,2016,0.389,
DEU,Germany,HP2,Residential long-term care facilities,2016,0.986,
DEU,Germany,HP59,All other miscellaneous sellers and other suppliers of pharmaceuticals and medical goods,2016,0.122,
DEU,Germany,HP35,Providers of home healthcare services,2016,0.587,
DEU,Germany,HP52,Retail sellers and other suppliers of durable medical goods and medical appliances,2016,0.529,
DEU,Germany,HP82,All other industries as secondary providers of healthcare,2016,0.096,
DEU,Germany,HP82,All other industries as secondary providers of healthcare,2017,0.095,
DEU,Germany,HP52,Retail sellers and other suppliers of durable medical goods and medical appliances,2017,0.512,
DEU,Germany,HP35,Providers of home healthcare services,2017,0.634,
DEU,Germany,HP59,All other miscellaneous sellers and other suppliers of pharmaceuticals and medical goods,2017,0.115,
DEU,Germany,HP2,Residential long-term care facilities,2017,1.037,
DEU,Germany,HP33,Other healthcare practitioners,2017,0.395,
DEU,Germany,HP4,Providers of ancillary services,2017,0.151,
DEU,Germany,HP34,Ambulatory healthcare centres,2017,0.058,
DEU,Germany,HP51,Pharmacies,2017,1.501,
DEU,Germany,HP21,Long-term nursing care facilities,2017,1.037,
DEU,Germany,HP71,Government health administration agencies,2017,0.007,
DEU,Germany,HP9,Rest of the world,2017,0.051,
DEU,Germany,HP13,Specialised hospitals (other than mental health hospitals),2017,0.292,
DEU,Germany,HP32,Dental practices,2017,0.788,
DEU,Germany,HP3,Providers of ambulatory healthcare,2017,3.42,
DEU,Germany,HP73,Private health insurance administration agencies,2017,0.111,
DEU,Germany,HP11,General hospitals,2017,2.82,
DEU,Germany,HP49,Other providers of ancillary services,2017,0.003,
DEU,Germany,HP8,Rest of the economy,2017,0.472,
DEU,Germany,HP6,Providers of preventive care,2017,0.094,
DEU,Germany,HP81,Households as providers of home healthcare,2017,0.377,
DEU,Germany,HP72,Social health insurance agencies,2017,0.463,
DEU,Germany,HP5,Retailers and other providers of medical goods,2017,2.127,
DEU,Germany,HP7,Providers of healthcare system administration and financing,2017,0.58,
DEU,Germany,HP41,Providers of patient transportation and emergency rescue,2017,0.148,
DEU,Germany,HP31,Medical practices,2017,1.545,
DEU,Germany,HP1,Hospitals,2017,3.112,
DEU,Germany,HP52,Retail sellers and other suppliers of durable medical goods and medical appliances,2015,0.541,
DEU,Germany,HP35,Providers of home healthcare services,2015,0.559,
DEU,Germany,HP59,All other miscellaneous sellers and other suppliers of pharmaceuticals and medical goods,2015,0.117,
DEU,Germany,HP2,Residential long-term care facilities,2015,0.978,
DEU,Germany,HP33,Other healthcare practitioners,2015,0.381,
DEU,Germany,HP4,Providers of ancillary services,2015,0.144,
DEU,Germany,HP34,Ambulatory healthcare centres,2015,0.059,
DEU,Germany,HP51,Pharmacies,2015,1.505,
DEU,Germany,HP21,Long-term nursing care facilities,2015,0.978,
DEU,Germany,HP71,Government health administration agencies,2015,0.007,
DEU,Germany,HP9,Rest of the world,2015,0.051,
DEU,Germany,HP13,Specialised hospitals (other than mental health hospitals),2015,0.301,
DEU,Germany,HP32,Dental practices,2015,0.835,
DEU,Germany,HP3,Providers of ambulatory healthcare,2015,3.387,
DEU,Germany,HP73,Private health insurance administration agencies,2015,0.123,
DEU,Germany,HP11,General hospitals,2015,2.861,
DEU,Germany,HP49,Other providers of ancillary services,2015,0.002,
DEU,Germany,HP8,Rest of the economy,2015,0.352,
DEU,Germany,HP6,Providers of preventive care,2015,0.089,
DEU,Germany,HP81,Households as providers of home healthcare,2015,0.262,
DEU,Germany,HP72,Social health insurance agencies,2015,0.463,
DEU,Germany,HP5,Retailers and other providers of medical goods,2015,2.163,
DEU,Germany,HP7,Providers of healthcare system administration and financing,2015,0.593,
DEU,Germany,HP41,Providers of patient transportation and emergency rescue,2015,0.141,
DEU,Germany,HP31,Medical practices,2015,1.553,
DEU,Germany,HP1,Hospitals,2015,3.162,
DEU,Germany,HP1,Hospitals,2018,3.12,
DEU,Germany,HP31,Medical practices,2018,1.543,
DEU,Germany,HP41,Providers of patient transportation and emergency rescue,2018,0.157,
DEU,Germany,HP7,Providers of healthcare system administration and financing,2018,0.589,
DEU,Germany,HP5,Retailers and other providers of medical goods,2018,2.135,
DEU,Germany,HP72,Social health insurance agencies,2018,0.464,
DEU,Germany,HP81,Households as providers of home healthcare,2018,0.405,
DEU,Germany,HP6,Providers of preventive care,2018,0.096,
DEU,Germany,HP8,Rest of the economy,2018,0.501,
DEU,Germany,HP49,Other providers of ancillary services,2018,0.003,
DEU,Germany,HP11,General hospitals,2018,2.825,
DEU,Germany,HP73,Private health insurance administration agencies,2018,0.118,
DEU,Germany,HP3,Providers of ambulatory healthcare,2018,3.476,
DEU,Germany,HP32,Dental practices,2018,0.785,
DEU,Germany,HP13,Specialised hospitals (other than mental health hospitals),2018,0.294,
DEU,Germany,HP9,Rest of the world,2018,0.053,
DEU,Germany,HP71,Government health administration agencies,2018,0.007,
DEU,Germany,HP21,Long-term nursing care facilities,2018,1.045,
DEU,Germany,HP51,Pharmacies,2018,1.514,
DEU,Germany,HP34,Ambulatory healthcare centres,2018,0.056,
DEU,Germany,HP4,Providers of ancillary services,2018,0.16,
DEU,Germany,HP33,Other healthcare practitioners,2018,0.42,
DEU,Germany,HP2,Residential long-term care facilities,2018,1.045,
FIN,Finland,HP12,Mental health hospitals,2020,0.003,
FIN,Finland,HP4,Providers of ancillary services,2020,0.158,
FIN,Finland,HP1,Hospitals,2020,3.651,
FIN,Finland,HP29,Other residential long-term care facilities,2020,0.93,
FIN,Finland,HP7,Providers of healthcare system administration and financing,2020,0.079,
FIN,Finland,HP42,Medical and diagnostic laboratories,2020,0.097,
FIN,Finland,_U,Unknown,2020,0.013,
FIN,Finland,HP73,Private health insurance administration agencies,2020,0.03,
FIN,Finland,HP82,All other industries as secondary providers of healthcare,2020,0.18,
FIN,Finland,HP72,Social health insurance agencies,2020,0.035,
FIN,Finland,HP2,Residential long-term care facilities,2020,1.252,
FIN,Finland,HP35,Providers of home healthcare services,2020,0.472,
FIN,Finland,HP5,Retailers and other providers of medical goods,2020,1.425,
FIN,Finland,HP71,Government health administration agencies,2020,0.014,
FIN,Finland,HP32,Dental practices,2020,0.188,
FIN,Finland,HP31,Medical practices,2020,0.624,
FIN,Finland,HP6,Providers of preventive care,2020,0.02,
FIN,Finland,HP33,Other healthcare practitioners,2020,0.126,
FIN,Finland,HP52,Retail sellers and other suppliers of durable medical goods and medical appliances,2020,0.232,
FIN,Finland,HP3,Providers of ambulatory healthcare,2020,2.922,
FIN,Finland,HP22,Mental health and substance abuse facilities,2020,0.077,
FIN,Finland,HP41,Providers of patient transportation and emergency rescue,2020,0.061,
FIN,Finland,HP34,Ambulatory healthcare centres,2020,1.512,
FIN,Finland,HP8,Rest of the economy,2020,0.18,
FIN,Finland,HP21,Long-term nursing care facilities,2020,0.244,
FIN,Finland,HP11,General hospitals,2020,3.648,
FIN,Finland,HP51,Pharmacies,2020,1.193,
FIN,Finland,HP51,Pharmacies,2021,1.164,
FIN,Finland,HP11,General hospitals,2021,3.455,
FIN,Finland,HP21,Long-term nursing care facilities,2021,0.241,
FIN,Finland,HP8,Rest of the economy,2021,0.125,
FIN,Finland,HP34,Ambulatory healthcare centres,2021,1.633,
FIN,Finland,HP41,Providers of patient transportation and emergency rescue,2021,0.058,
FIN,Finland,HP22,Mental health and substance abuse facilities,2021,0.199,
FIN,Finland,HP3,Providers of ambulatory healthcare,2021,3.091,
FIN,Finland,HP52,Retail sellers and other suppliers of durable medical goods and medical appliances,2021,0.242,
FIN,Finland,HP33,Other healthcare practitioners,2021,0.13,
FIN,Finland,HP6,Providers of preventive care,2021,0.159,
FIN,Finland,HP31,Medical practices,2021,0.624,
FIN,Finland,HP32,Dental practices,2021,0.165,
FIN,Finland,HP71,Government health administration agencies,2021,0.014,
FIN,Finland,HP5,Retailers and other providers of medical goods,2021,1.405,
FIN,Finland,HP35,Providers of home healthcare services,2021,0.539,
FIN,Finland,HP2,Residential long-term care facilities,2021,1.413,
FIN,Finland,HP72,Social health insurance agencies,2021,0.035,
FIN,Finland,HP82,All other industries as secondary providers of healthcare,2021,0.125,
FIN,Finland,HP73,Private health insurance administration agencies,2021,0.029,
FIN,Finland,_U,Unknown,2021,0.008,
FIN,Finland,HP42,Medical and diagnostic laboratories,2021,0.114,
FIN,Finland,HP7,Providers of healthcare system administration and financing,2021,0.078,
FIN,Finland,HP29,Other residential long-term care facilities,2021,0.972,
FIN,Finland,HP1,Hospitals,2021,3.457,
FIN,Finland,HP4,Providers of ancillary services,2021,0.173,
FIN,Finland,HP12,Mental health hospitals,2021,0.002,
FIN,Finland,HP8,Rest of the economy,2019,0.175,
FIN,Finland,HP34,Ambulatory healthcare centres,2019,1.4,
FIN,Finland,HP41,Providers of patient transportation and emergency rescue,2019,0.061,
FIN,Finland,HP22,Mental health and substance abuse facilities,2019,0.079,
FIN,Finland,HP3,Providers of ambulatory healthcare,2019,2.754,
FIN,Finland,HP52,Retail sellers and other suppliers of durable medical goods and medical appliances,2019,0.232,
FIN,Finland,HP33,Other healthcare practitioners,2019,0.119,
FIN,Finland,HP6,Providers of preventive care,2019,0.014,
FIN,Finland,HP31,Medical practices,2019,0.624,
FIN,Finland,HP32,Dental practices,2019,0.177,
FIN,Finland,HP71,Government health administration agencies,2019,0.011,
FIN,Finland,HP5,Retailers and other providers of medical goods,2019,1.372,
FIN,Finland,HP35,Providers of home healthcare services,2019,0.434,
FIN,Finland,HP2,Residential long-term care facilities,2019,1.227,
FIN,Finland,HP72,Social health insurance agencies,2019,0.036,
FIN,Finland,HP82,All other industries as secondary providers of healthcare,2019,0.175,
FIN,Finland,HP73,Private health insurance administration agencies,2019,0.031,
FIN,Finland,_U,Unknown,2019,0.013,
FIN,Finland,HP42,Medical and diagnostic laboratories,2019,0.094,
FIN,Finland,HP7,Providers of healthcare system administration and financing,2019,0.078,
FIN,Finland,HP29,Other residential long-term care facilities,2019,0.886,
FIN,Finland,HP1,Hospitals,2019,3.435,
FIN,Finland,HP4,Providers of ancillary services,2019,0.155,
FIN,Finland,HP12,Mental health hospitals,2019,0.002,
FIN,Finland,HP12,Mental health hospitals,2022,0.002,
FIN,Finland,HP4,Providers of ancillary services,2022,0.178,
FIN,Finland,HP1,Hospitals,2022,3.473,
FIN,Finland,HP29,Other residential long-term care facilities,2022,1.05,
FIN,Finland,HP7,Providers of healthcare system administration and financing,2022,0.077,
FIN,Finland,HP42,Medical and diagnostic laboratories,2022,0.119,
FIN,Finland,_U,Unknown,2022,0.006,
FIN,Finland,HP73,Private health insurance administration agencies,2022,0.03,
FIN,Finland,HP82,All other industries as secondary providers of healthcare,2022,0.114,
FIN,Finland,HP72,Social health insurance agencies,2022,0.034,
FIN,Finland,HP2,Residential long-term care facilities,2022,1.481,
FIN,Finland,HP35,Providers of home healthcare services,2022,0.463,
FRA,France,HP41,Providers of patient transportation and emergency rescue,2021,0.126,
FRA,France,HP22,Mental health and substance abuse facilities,2021,0.056,
FRA,France,HP3,Providers of ambulatory healthcare,2021,2.777,
FRA,France,HP34,Ambulatory healthcare centres,2021,0.216,
FRA,France,HP82,All other industries as secondary providers of healthcare,2021,0.124,
FRA,France,HP42,Medical and diagnostic laboratories,2021,0.412,
FRA,France,HP71,Government health administration agencies,2021,0.045,
FRA,France,HP73,Private health insurance administration agencies,2021,0.307,
FRA,France,HP13,Specialised hospitals (other than mental health hospitals),2021,0.094,
FRA,France,HP2,Residential long-term care facilities,2021,1.432,
FRA,France,HP7,Providers of healthcare system administration and financing,2021,0.614,
FRA,France,HP1,Hospitals,2021,4.316,
FRA,France,HP21,Long-term nursing care facilities,2021,1.376,
FRA,France,HP4,Providers of ancillary services,2021,0.538,
FRA,France,HP59,All other miscellaneous sellers and other suppliers of pharmaceuticals and medical goods,2021,0.018,
FRA,France,HP32,Dental practices,2021,0.497,
FRA,France,HP51,Pharmacies,2021,1.455,
FRA,France,HP8,Rest of the economy,2021,0.124,
FRA,France,HP6,Providers of preventive care,2023,0.151,
FRA,France,HP72,Social health insurance agencies,2023,0.237,
FRA,France,HP12,Mental health hospitals,2023,0.475,
FRA,France,HP33,Other healthcare practitioners,2023,0.885,
FRA,France,HP35,Providers of home healthcare services,2023,0.207,
FRA,France,HP52,Retail sellers and other suppliers of durable medical goods and medical appliances,2023,0.529,
FRA,France,HP5,Retailers and other providers of medical goods,2023,1.85,
FRA,France,HP31,Medical practices,2023,0.883,
FRA,France,HP11,General hospitals,2023,3.637,
FRA,France,HP41,Providers of patient transportation and emergency rescue,2023,0.13,
FRA,France,HP22,Mental health and substance abuse facilities,2023,0.064,
FRA,France,HP3,Providers of ambulatory healthcare,2023,2.663,
FRA,France,HP34,Ambulatory healthcare centres,2023,0.223,
FRA,France,HP82,All other industries as secondary providers of healthcare,2023,0.131,
FRA,France,HP42,Medical and diagnostic laboratories,2023,0.24,
FRA,France,HP71,Government health administration agencies,2023,0.04,
FRA,France,HP73,Private health insurance administration agencies,2023,0.292,
FRA,France,HP13,Specialised hospitals (other than mental health hospitals),2023,0.098,
FRA,France,HP2,Residential long-term care facilities,2023,1.383,
FRA,France,HP7,Providers of healthcare system administration and financing,2023,0.569,
FRA,France,HP1,Hospitals,2023,4.21,
FRA,France,HP21,Long-term nursing care facilities,2023,1.319,
FRA,France,HP4,Providers of ancillary services,2023,0.37,
FRA,France,HP59,All other miscellaneous sellers and other suppliers of pharmaceuticals and medical goods,2023,0.015,
FRA,France,HP32,Dental practices,2023,0.464,
FRA,France,HP51,Pharmacies,2023,1.307,
FRA,France,HP8,Rest of the economy,2023,0.131,
FRA,France,HP8,Rest of the economy,2022,0.126,
FRA,France,HP51,Pharmacies,2022,1.447,
FRA,France,HP32,Dental practices,2022,0.479,
FRA,France,HP59,All other miscellaneous sellers and other suppliers of pharmaceuticals and medical goods,2022,0.016,
FRA,France,HP4,Providers of ancillary services,2022,0.443,
FRA,France,HP21,Long-term nursing care facilities,2022,1.338,
FRA,France,HP1,Hospitals,2022,4.249,
FRA,France,HP7,Providers of healthcare system administration and financing,2022,0.593,
FRA,France,HP2,Residential long-term care facilities,2022,1.404,
FRA,France,HP13,Specialised hospitals (other than mental health hospitals),2022,0.096,
FRA,France,HP73,Private health insurance administration agencies,2022,0.298,
FRA,France,HP71,Government health administration agencies,2022,0.042,
FRA,France,HP42,Medical and diagnostic laboratories,2022,0.316,
FRA,France,HP82,All other industries as secondary providers of healthcare,2022,0.126,
FRA,France,HP34,Ambulatory healthcare centres,2022,0.219,
FRA,France,HP3,Providers of ambulatory healthcare,2022,2.7,
FRA,France,HP22,Mental health and substance abuse facilities,2022,0.066,
FRA,France,HP41,Providers of patient transportation and emergency rescue,2022,0.127,
FRA,France,HP11,General hospitals,2022,3.681,
FRA,France,HP31,Medical practices,2022,0.916,
FRA,France,HP5,Retailers and other providers of medical goods,2022,1.998,
FRA,France,HP52,Retail sellers and other suppliers of durable medical goods and medical appliances,2022,0.534,
FRA,France,HP35,Providers of home healthcare services,2022,0.173,
FRA,France,HP33,Other healthcare practitioners,2022,0.914,
FRA,France,HP12,Mental health hospitals,2022,0.472,
FRA,France,HP72,Social health insurance agencies,2022,0.254,
FRA,France,HP6,Providers of preventive care,2022,0.185,
EST,Estonia,HP32,Dental practices,2024,0.653,
EST,Estonia,HP8,Rest of the economy,2024,0.082,
EST,Estonia,HP42,Medical and diagnostic laboratories,2024,0.025,
EST,Estonia,HP29,Other residential long-term care facilities,2024,0.496,
EST,Estonia,HP31,Medical practices,2024,0.893,
EST,Estonia,HP52,Retail sellers and other suppliers of durable medical goods and medical appliances,2024,0.208,
EST,Estonia,HP22,Mental health and substance abuse facilities,2024,0.105,
EST,Estonia,HP72,Social health insurance agencies,2024,0.056,
EST,Estonia,HP12,Mental health hospitals,2024,0.003,
EST,Estonia,HP33,Other healthcare practitioners,2024,0.072,
EST,Estonia,HP7,Providers of healthcare system administration and financing,2024,0.148,
EST,Estonia,HP82,All other industries as secondary providers of healthcare,2024,0.047,
EST,Estonia,HP34,Ambulatory healthcare centres,2024,0.385,
EST,Estonia,HP49,Other providers of ancillary services,2024,0.05,
EST,Estonia,HP71,Government health administration agencies,2024,0.092,
EST,Estonia,HP51,Pharmacies,2024,1.111,
EST,Estonia,HP13,Specialised hospitals (other than mental health hospitals),2024,0.109,
EST,Estonia,HP5,Retailers and other providers of medical goods,2024,1.319,
EST,Estonia,HP21,Long-term nursing care facilities,2024,0.075,
EST,Estonia,HP4,Providers of ancillary services,2024,0.222,
EST,Estonia,HP1,Hospitals,2024,3.42,
EST,Estonia,HP11,General hospitals,2024,3.308,
EST,Estonia,HP41,Providers of patient transportation and emergency rescue,2024,0.147,
EST,Estonia,HP3,Providers of ambulatory healthcare,2024,2.032,
EST,Estonia,HP6,Providers of preventive care,2024,0.033,
EST,Estonia,HP9,Rest of the world,2024,0.025,
EST,Estonia,HP2,Residential long-term care facilities,2024,0.675,
EST,Estonia,HP35,Providers of home healthcare services,2024,0.029,
EST,Estonia,HP81,Households as providers of home healthcare,2024,0.035,
EST,Estonia,HP4,Providers of ancillary services,2023,0.2,
EST,Estonia,HP21,Long-term nursing care facilities,2023,0.071,
EST,Estonia,HP5,Retailers and other providers of medical goods,2023,1.253,
EST,Estonia,HP13,Specialised hospitals (other than mental health hospitals),2023,0.072,
EST,Estonia,HP51,Pharmacies,2023,1.051,
EST,Estonia,HP71,Government health administration agencies,2023,0.102,
EST,Estonia,HP49,Other providers of ancillary services,2023,0.045,
EST,Estonia,HP34,Ambulatory healthcare centres,2023,0.306,
EST,Estonia,HP82,All other industries as secondary providers of healthcare,2023,0.049,
EST,Estonia,HP7,Providers of healthcare system administration and financing,2023,0.157,
EST,Estonia,HP33,Other healthcare practitioners,2023,0.048,
EST,Estonia,HP12,Mental health hospitals,2023,0.003,
EST,Estonia,HP72,Social health insurance agencies,2023,0.055,
EST,Estonia,HP22,Mental health and substance abuse facilities,2023,0.097,
EST,Estonia,HP52,Retail sellers and other suppliers of durable medical goods and medical appliances,2023,0.202,
EST,Estonia,HP31,Medical practices,2023,0.834,
EST,Estonia,HP29,Other residential long-term care facilities,2023,0.424,
EST,Estonia,HP42,Medical and diagnostic laboratories,2023,0.023,
EST,Estonia,HP8,Rest of the economy,2023,0.085,
EST,Estonia,HP32,Dental practices,2023,0.703,
ITA,Italy,HP5,Retailers and other providers of medical goods,2021,1.369,
ITA,Italy,HP5,Retailers and other providers of medical goods,2022,1.327,
ITA,Italy,HP2,Residential long-term care facilities,2022,0.521,
ITA,Italy,HP8,Rest of the economy,2022,0.014,
ITA,Italy,HP6,Providers of preventive care,2022,0.395,
ITA,Italy,HP3,Providers of ambulatory healthcare,2022,2.187,
ITA,Italy,HP4,Providers of ancillary services,2022,0.408,
ITA,Italy,HP7,Providers of healthcare system administration and financing,2022,0.144,
ITA,Italy,HP9,Rest of the world,2022,0.019,
ITA,Italy,HP1,Hospitals,2022,3.835,
ITA,Italy,HP1,Hospitals,2023,3.637,
ITA,Italy,HP9,Rest of the world,2023,0.015,
ITA,Italy,HP7,Providers of healthcare system administration and financing,2023,0.157,
ITA,Italy,HP4,Providers of ancillary services,2023,0.393,
ITA,Italy,HP3,Providers of ambulatory healthcare,2023,2.119,
ITA,Italy,HP6,Providers of preventive care,2023,0.277,
ITA,Italy,HP8,Rest of the economy,2023,0.013,
ITA,Italy,HP2,Residential long-term care facilities,2023,0.497,
ITA,Italy,HP5,Retailers and other providers of medical goods,2023,1.257,
ITA,Italy,HP5,Retailers and other providers of medical goods,2024,1.253,
ITA,Italy,HP2,Residential long-term care facilities,2024,0.509,
ITA,Italy,HP8,Rest of the economy,2024,0.013,
ITA,Italy,HP6,Providers of preventive care,2024,0.262,
ITA,Italy,HP3,Providers of ambulatory healthcare,2024,2.161,
ITA,Italy,HP4,Providers of ancillary services,2024,0.386,
ITA,Italy,HP7,Providers of healthcare system administration and financing,2024,0.162,
ITA,Italy,HP9,Rest of the world,2024,0.015,
ITA,Italy,HP1,Hospitals,2024,3.697,
JPN,Japan,HP6,Providers of preventive care,2015,0.29,
JPN,Japan,HP2,Residential long-term care facilities,2015,0.892,
JPN,Japan,HP73,Private health insurance administration agencies,2015,0.029,
JPN,Japan,HP32,Dental practices,2015,0.526,
JPN,Japan,HP13,Specialised hospitals (other than mental health hospitals),2015,0.005,
JPN,Japan,HP41,Providers of patient transportation and emergency rescue,2015,0.061,
JPN,Japan,HP51,Pharmacies,2015,1.452,
JPN,Japan,HP33,Other healthcare practitioners,2015,0.431,
JPN,Japan,HP7,Providers of healthcare system administration and financing,2015,0.173,
JPN,Japan,HP72,Social health insurance agencies,2015,0.144,
JPN,Japan,HP52,Retail sellers and other suppliers of durable medical goods and medical appliances,2015,0.164,
JPN,Japan,HP82,All other industries as secondary providers of healthcare,2015,0.002,
JPN,Japan,HP12,Mental health hospitals,2015,0.25,
JPN,Japan,HP21,Long-term nursing care facilities,2015,0.291,
JPN,Japan,HP5,Retailers and other providers of medical goods,2015,1.942,
JPN,Japan,HP1,Hospitals,2015,4.249,
JPN,Japan,HP31,Medical practices,2015,1.678,
JPN,Japan,HP35,Providers of home healthcare services,2015,0.293,
JPN,Japan,HP59,All other miscellaneous sellers and other suppliers of pharmaceuticals and medical goods,2015,0.327,
JPN,Japan,HP3,Providers of ambulatory healthcare,2015,2.928,
JPN,Japan,HP11,General hospitals,2015,3.995,
JPN,Japan,HP4,Providers of ancillary services,2015,0.061,
JPN,Japan,HP8,Rest of the economy,2015,0.002,
JPN,Japan,HP29,Other residential long-term care facilities,2015,0.601,
JPN,Japan,HP29,Other residential long-term care facilities,2016,0.607,
JPN,Japan,HP4,Providers of ancillary services,2016,0.061,
JPN,Japan,HP11,General hospitals,2016,4.024,
JPN,Japan,HP3,Providers of ambulatory healthcare,2016,2.895,
JPN,Japan,HP59,All other miscellaneous sellers and other suppliers of pharmaceuticals and medical goods,2016,0.3,
JPN,Japan,HP35,Providers of home healthcare services,2016,0.302,
JPN,Japan,HP31,Medical practices,2016,1.627,
JPN,Japan,HP1,Hospitals,2016,4.272,
JPN,Japan,HP5,Retailers and other providers of medical goods,2016,1.84,
JPN,Japan,HP21,Long-term nursing care facilities,2016,0.29,
JPN,Japan,HP12,Mental health hospitals,2016,0.243,
JPN,Japan,HP52,Retail sellers and other suppliers of durable medical goods and medical appliances,2016,0.17,
JPN,Japan,HP72,Social health insurance agencies,2016,0.141,
JPN,Japan,HP7,Providers of healthcare system administration and financing,2016,0.174,
JPN,Japan,HP33,Other healthcare practitioners,2016,0.437,
JPN,Japan,HP51,Pharmacies,2016,1.37,
JPN,Japan,HP41,Providers of patient transportation and emergency rescue,2016,0.061,
JPN,Japan,HP13,Specialised hospitals (other than mental health hospitals),2016,0.005,
JPN,Japan,HP32,Dental practices,2016,0.528,
JPN,Japan,HP73,Private health insurance administration agencies,2016,0.033,
JPN,Japan,HP2,Residential long-term care facilities,2016,0.897,
JPN,Japan,HP6,Providers of preventive care,2016,0.298,
JPN,Japan,HP6,Providers of preventive care,2017,0.298,
JPN,Japan,HP2,Residential long-term care facilities,2017,0.919,
JPN,Japan,HP73,Private health insurance administration agencies,2017,0.033,
JPN,Japan,HP32,Dental practices,2017,0.528,
JPN,Japan,HP13,Specialised hospitals (other than mental health hospitals),2017,0.005,
JPN,Japan,HP41,Providers of patient transportation and emergency rescue,2017,0.06,
JPN,Japan,HP51,Pharmacies,2017,1.388,
JPN,Japan,HP33,Other healthcare practitioners,2017,0.374,
JPN,Japan,HP7,Providers of healthcare system administration and financing,2017,0.18,
JPN,Japan,HP72,Social health insurance agencies,2017,0.147,
JPN,Japan,HP52,Retail sellers and other suppliers of durable medical goods and medical appliances,2017,0.175,
JPN,Japan,HP12,Mental health hospitals,2017,0.234,
JPN,Japan,HP21,Long-term nursing care facilities,2017,0.29,
JPN,Japan,HP5,Retailers and other providers of medical goods,2017,1.834,
JPN,Japan,HP1,Hospitals,2017,4.288,
JPN,Japan,HP31,Medical practices,2017,1.629,
JPN,Japan,HP35,Providers of home healthcare services,2017,0.318,
JPN,Japan,HP59,All other miscellaneous sellers and other suppliers of pharmaceuticals and medical goods,2017,0.271,
JPN,Japan,HP3,Providers of ambulatory healthcare,2017,2.849,
JPN,Japan,HP11,General hospitals,2017,4.049,
JPN,Japan,HP4,Providers of ancillary services,2017,0.06,
JPN,Japan,HP29,Other residential long-term care facilities,2017,0.629,
JPN,Japan,HP29,Other residential long-term care facilities,2018,0.653,
JPN,Japan,HP8,Rest of the economy,2018,0.002,
JPN,Japan,HP4,Providers of ancillary services,2018,0.06,
JPN,Japan,HP11,General hospitals,2018,4.03,
JPN,Japan,HP3,Providers of ambulatory healthcare,2018,2.923,
JPN,Japan,HP59,All other miscellaneous sellers and other suppliers of pharmaceuticals and medical goods,2018,0.296,
JPN,Japan,HP35,Providers of home healthcare services,2018,0.335,
JPN,Japan,HP31,Medical practices,2018,1.679,
JPN,Japan,HP1,Hospitals,2018,4.263,
JPN,Japan,HP5,Retailers and other providers of medical goods,2018,1.812,
JPN,Japan,HP21,Long-term nursing care facilities,2018,0.292,
JPN,Japan,HP12,Mental health hospitals,2018,0.23,
JPN,Japan,HP82,All other industries as secondary providers of healthcare,2018,0.002,
JPN,Japan,HP52,Retail sellers and other suppliers of durable medical goods and medical appliances,2018,0.181,
JPN,Japan,HP72,Social health insurance agencies,2018,0.147,
JPN,Japan,HP7,Providers of healthcare system administration and financing,2018,0.182,
JPN,Japan,HP33,Other healthcare practitioners,2018,0.377,
JPN,Japan,HP51,Pharmacies,2018,1.334,
JPN,Japan,HP41,Providers of patient transportation and emergency rescue,2018,0.06,
JPN,Japan,HP13,Specialised hospitals (other than mental health hospitals),2018,0.004,
JPN,Japan,HP32,Dental practices,2018,0.533,
JPN,Japan,HP73,Private health insurance administration agencies,2018,0.035,
JPN,Japan,HP2,Residential long-term care facilities,2018,0.946,
JPN,Japan,HP6,Providers of preventive care,2018,0.315,
JPN,Japan,HP6,Providers of preventive care,2019,0.316,
JPN,Japan,HP2,Residential long-term care facilities,2019,0.97,
JPN,Japan,HP73,Private health insurance administration agencies,2019,0.034,
JPN,Japan,HP32,Dental practices,2019,0.533,
JPN,Japan,HP13,Specialised hospitals (other than mental health hospitals),2019,0.004,
JPN,Japan,HP41,Providers of patient transportation and emergency rescue,2019,0.06,
JPN,Japan,HP51,Pharmacies,2019,1.377,
JPN,Japan,HP33,Other healthcare practitioners,2019,0.384,
JPN,Japan,HP7,Providers of healthcare system administration and financing,2019,0.19,
JPN,Japan,HP72,Social health insurance agencies,2019,0.156,
JPN,Japan,HP52,Retail sellers and other suppliers of durable medical goods and medical appliances,2019,0.185,
JPN,Japan,HP82,All other industries as secondary providers of healthcare,2019,0.003,
JPN,Japan,HP12,Mental health hospitals,2019,0.233,
JPN,Japan,HP21,Long-term nursing care facilities,2019,0.297,
JPN,Japan,HP5,Retailers and other providers of medical goods,2019,1.871,
JPN,Japan,HP1,Hospitals,2019,4.397,
JPN,Japan,HP31,Medical practices,2019,1.622,
JPN,Japan,HP35,Providers of home healthcare services,2019,0.357,
JPN,Japan,HP59,All other miscellaneous sellers and other suppliers of pharmaceuticals and medical goods,2019,0.309,
JPN,Japan,HP3,Providers of ambulatory healthcare,2019,2.896,
JPN,Japan,HP11,General hospitals,2019,4.161,
JPN,Japan,HP4,Providers of ancillary services,2019,0.06,
JPN,Japan,HP8,Rest of the economy,2019,0.003,
JPN,Japan,HP29,Other residential long-term care facilities,2019,0.673,
JPN,Japan,HP29,Other residential long-term care facilities,2020,0.713,
JPN,Japan,HP8,Rest of the economy,2020,0.003,
JPN,Japan,HP4,Providers of ancillary services,2020,0.086,
JPN,Japan,HP11,General hospitals,2020,4.136,
JPN,Japan,HP3,Providers of ambulatory healthcare,2020,2.943,
JPN,Japan,HP59,All other miscellaneous sellers and other suppliers of pharmaceuticals and medical goods,2020,0.32,
JPN,Japan,HP35,Providers of home healthcare services,2020,0.399,
JPN,Japan,HP31,Medical practices,2020,1.606,
JPN,Japan,HP42,Medical and diagnostic laboratories,2020,0.023,
JPN,Japan,HP1,Hospitals,2020,4.382,
JPN,Japan,HP5,Retailers and other providers of medical goods,2020,1.808,
JPN,Japan,HP21,Long-term nursing care facilities,2020,0.304,
JPN,Japan,HP12,Mental health hospitals,2020,0.242,
JPN,Japan,HP82,All other industries as secondary providers of healthcare,2020,0.003,
JPN,Japan,HP52,Retail sellers and other suppliers of durable medical goods and medical appliances,2020,0.101,
JPN,Japan,HP72,Social health insurance agencies,2020,0.13,
JPN,Japan,HP7,Providers of healthcare system administration and financing,2020,0.571,
JPN,Japan,HP33,Other healthcare practitioners,2020,0.39,
JPN,Japan,HP51,Pharmacies,2020,1.387,
JPN,Japan,HP41,Providers of patient transportation and emergency rescue,2020,0.063,
JPN,Japan,HP71,Government health administration agencies,2020,0.409,
JPN,Japan,HP13,Specialised hospitals (other than mental health hospitals),2020,0.004,
JPN,Japan,HP32,Dental practices,2020,0.548,
JPN,Japan,HP73,Private health insurance administration agencies,2020,0.032,
JPN,Japan,HP2,Residential long-term care facilities,2020,1.017,
JPN,Japan,HP6,Providers of preventive care,2020,0.347,
JPN,Japan,HP6,Providers of preventive care,2021,0.386,
JPN,Japan,HP2,Residential long-term care facilities,2021,0.998,
JPN,Japan,HP73,Private health insurance administration agencies,2021,0.032,
JPN,Japan,HP32,Dental practices,2021,0.561,
JPN,Japan,HP13,Specialised hospitals (other than mental health hospitals),2021,0.004,
JPN,Japan,HP71,Government health administration agencies,2021,0.425,
JPN,Japan,HP41,Providers of patient transportation and emergency rescue,2021,0.059,
JPN,Japan,HP51,Pharmacies,2021,1.419,
JPN,Japan,HP33,Other healthcare practitioners,2021,0.439,
JPN,Japan,HP7,Providers of healthcare system administration and financing,2021,0.584,
JPN,Japan,HP72,Social health insurance agencies,2021,0.127,
JPN,Japan,HP52,Retail sellers and other suppliers of durable medical goods and medical appliances,2021,0.1,
JPN,Japan,HP82,All other industries as secondary providers of healthcare,2021,0.002,
JPN,Japan,HP12,Mental health hospitals,2021,0.243,
JPN,Japan,HP21,Long-term nursing care facilities,2021,0.295,
JPN,Japan,HP5,Retailers and other providers of medical goods,2021,1.803,
JPN,Japan,HP1,Hospitals,2021,4.368,
JPN,Japan,HP42,Medical and diagnostic laboratories,2021,0.109,
JPN,Japan,HP31,Medical practices,2021,1.965,
JPN,Japan,HP35,Providers of home healthcare services,2021,0.433,
JPN,Japan,HP59,All other miscellaneous sellers and other suppliers of pharmaceuticals and medical goods,2021,0.285,
JPN,Japan,HP3,Providers of ambulatory healthcare,2021,3.398,
JPN,Japan,HP11,General hospitals,2021,4.122,
JPN,Japan,HP4,Providers of ancillary services,2021,0.168,
JPN,Japan,HP8,Rest of the economy,2021,0.002,
JPN,Japan,HP29,Other residential long-term care facilities,2021,0.703,
JPN,Japan,HP29,Other residential long-term care facilities,2022,0.699,
JPN,Japan,HP8,Rest of the economy,2022,0.002,
JPN,Japan,HP4,Providers of ancillary services,2022,0.152,
JPN,Japan,HP11,General hospitals,2022,4.196,
JPN,Japan,HP3,Providers of ambulatory healthcare,2022,3.404,
JPN,Japan,HP59,All other miscellaneous sellers and other suppliers of pharmaceuticals and medical goods,2022,0.289,
JPN,Japan,HP35,Providers of home healthcare services,2022,0.435,
JPN,Japan,HP31,Medical practices,2022,2.038,
JPN,Japan,HP42,Medical and diagnostic laboratories,2022,0.091,
JPN,Japan,HP1,Hospitals,2022,4.431,
JPN,Japan,HP5,Retailers and other providers of medical goods,2022,1.765,
JPN,Japan,HP21,Long-term nursing care facilities,2022,0.286,
JPN,Japan,HP12,Mental health hospitals,2022,0.232,
JPN,Japan,HP82,All other industries as secondary providers of healthcare,2022,0.002,
JPN,Japan,HP52,Retail sellers and other suppliers of durable medical goods and medical appliances,2022,0.102,
JPN,Japan,HP72,Social health insurance agencies,2022,0.131,
JPN,Japan,HP7,Providers of healthcare system administration and financing,2022,0.564,
JPN,Japan,HP33,Other healthcare practitioners,2022,0.372,
JPN,Japan,HP51,Pharmacies,2022,1.374,
JPN,Japan,HP41,Providers of patient transportation and emergency rescue,2022,0.061,
JPN,Japan,HP71,Government health administration agencies,2022,0.394,
JPN,Japan,HP13,Specialised hospitals (other than mental health hospitals),2022,0.004,
JPN,Japan,HP32,Dental practices,2022,0.559,
JPN,Japan,HP73,Private health insurance administration agencies,2022,0.04,
JPN,Japan,HP2,Residential long-term care facilities,2022,0.985,
JPN,Japan,HP6,Providers of preventive care,2022,0.387,
JPN,Japan,HP6,Providers of preventive care,2023,0.369,
JPN,Japan,HP2,Residential long-term care facilities,2023,0.955,
JPN,Japan,HP73,Private health insurance administration agencies,2023,0.024,
JPN,Japan,HP32,Dental practices,2023,0.542,
JPN,Japan,HP13,Specialised hospitals (other than mental health hospitals),2023,0.003,
JPN,Japan,HP71,Government health administration agencies,2023,0.062,
JPN,Japan,HP41,Providers of patient transportation and emergency rescue,2023,0.059,
JPN,Japan,HP51,Pharmacies,2023,1.381,
JPN,Japan,HP33,Other healthcare practitioners,2023,0.363,
JPN,Japan,HP7,Providers of healthcare system administration and financing,2023,0.207,
JPN,Japan,HP72,Social health insurance agencies,2023,0.121,
JPN,Japan,HP52,Retail sellers and other suppliers of durable medical goods and medical appliances,2023,0.101,
JPN,Japan,HP82,All other industries as secondary providers of healthcare,2023,0.002,
JPN,Japan,HP12,Mental health hospitals,2023,0.214,
JPN,Japan,HP21,Long-term nursing care facilities,2023,0.275,
JPN,Japan,HP5,Retailers and other providers of medical goods,2023,1.776,
JPN,Japan,HP1,Hospitals,2023,4.311,
JPN,Japan,HP42,Medical and diagnostic laboratories,2023,0.003,
JPN,Japan,HP31,Medical practices,2023,1.721,
JPN,Japan,HP35,Providers of home healthcare services,2023,0.446,
JPN,Japan,HP59,All other miscellaneous sellers and other suppliers of pharmaceuticals and medical goods,2023,0.294,
JPN,Japan,HP3,Providers of ambulatory healthcare,2023,3.072,
JPN,Japan,HP11,General hospitals,2023,4.093,
JPN,Japan,HP4,Providers of ancillary services,2023,0.062,
JPN,Japan,HP8,Rest of the economy,2023,0.002,
JPN,Japan,HP29,Other residential long-term care facilities,2023,0.679,
JPN,Japan,HP8,Rest of the economy,2016,0.001,
JPN,Japan,HP8,Rest of the economy,2017,0.001,
JPN,Japan,HP82,All other industries as secondary providers of healthcare,2016,0.001,
JPN,Japan,HP82,All other industries as secondary providers of healthcare,2017,0.001,
ITA,Italy,HP1,Hospitals,2025,3.698,P
ITA,Italy,HP9,Rest of the world,2025,0.013,P
ITA,Italy,HP7,Providers of healthcare system administration and financing,2025,0.173,P
ITA,Italy,HP4,Providers of ancillary services,2025,0.384,P
ITA,Italy,HP3,Providers of ambulatory healthcare,2025,2.123,P
ITA,Italy,HP6,Providers of preventive care,2025,0.263,P
ITA,Italy,HP8,Rest of the economy,2025,0.013,P
ITA,Italy,HP2,Residential long-term care facilities,2025,0.505,P
ITA,Italy,HP5,Retailers and other providers of medical goods,2025,1.249,P
JPN,Japan,_T,Total,2024,10.3,P
EST,Estonia,_T,Total,2025,8.058,P
GRC,Greece,_T,Total,2025,8.234,E
JPN,Japan,_T,Total,2025,10.095,E
ITA,Italy,_T,Total,2025,8.42,P
MEX,Mexico,HP73,Private health insurance administration agencies,2015,0.058,B
MEX,Mexico,HP71,Government health administration agencies,2015,0.096,B
MEX,Mexico,HP52,Retail sellers and other suppliers of durable medical goods and medical appliances,2015,0.365,B
MEX,Mexico,HP1,Hospitals,2015,1.625,B
MEX,Mexico,HP4,Providers of ancillary services,2015,0.152,B
MEX,Mexico,HP41,Providers of patient transportation and emergency rescue,2015,0.013,B
MEX,Mexico,HP49,Other providers of ancillary services,2015,0.006,B
MEX,Mexico,HP42,Medical and diagnostic laboratories,2015,0.133,B
MEX,Mexico,HP7,Providers of healthcare system administration and financing,2015,0.288,B
MEX,Mexico,_U,Unknown,2015,0.074,B
MEX,Mexico,HP6,Providers of preventive care,2015,0.191,B
MEX,Mexico,HP33,Other healthcare practitioners,2015,0.002,B
MEX,Mexico,HP31,Medical practices,2015,1.566,B
MEX,Mexico,HP72,Social health insurance agencies,2015,0.134,B
MEX,Mexico,HP3,Providers of ambulatory healthcare,2015,1.764,B
MEX,Mexico,HP12,Mental health hospitals,2015,0.017,B
MEX,Mexico,HP5,Retailers and other providers of medical goods,2015,1.34,B
MEX,Mexico,HP35,Providers of home healthcare services,2015,0.014,B
MEX,Mexico,HP11,General hospitals,2015,0.927,B
MEX,Mexico,HP13,Specialised hospitals (other than mental health hospitals),2015,0.681,B
MEX,Mexico,HP32,Dental practices,2015,0.182,B
MEX,Mexico,HP51,Pharmacies,2015,0.976,B
BEL,Belgium,HP33,Other healthcare practitioners,2020,0.252,
BEL,Belgium,HP41,Providers of patient transportation and emergency rescue,2020,0.032,
BEL,Belgium,HP3,Providers of ambulatory healthcare,2020,3.638,
BEL,Belgium,HP72,Social health insurance agencies,2020,0.202,
BEL,Belgium,HP6,Providers of preventive care,2020,0.097,
BEL,Belgium,HP12,Mental health hospitals,2020,0.395,
BEL,Belgium,HP13,Specialised hospitals (other than mental health hospitals),2020,0.066,
BEL,Belgium,HP42,Medical and diagnostic laboratories,2020,0.341,
BEL,Belgium,HP32,Dental practices,2020,0.424,
BEL,Belgium,HP71,Government health administration agencies,2020,0.123,
BEL,Belgium,HP11,General hospitals,2020,3.872,
BEL,Belgium,HP22,Mental health and substance abuse facilities,2020,0.013,
BEL,Belgium,HP52,Retail sellers and other suppliers of durable medical goods and medical appliances,2020,0.056,
BEL,Belgium,HP52,Retail sellers and other suppliers of durable medical goods and medical appliances,2021,0.056,
BEL,Belgium,HP11,General hospitals,2021,3.581,
BEL,Belgium,HP71,Government health administration agencies,2021,0.14,
BEL,Belgium,HP32,Dental practices,2021,0.495,
BEL,Belgium,HP42,Medical and diagnostic laboratories,2021,0.448,
BEL,Belgium,HP13,Specialised hospitals (other than mental health hospitals),2021,0.068,
BEL,Belgium,HP12,Mental health hospitals,2021,0.38,
BEL,Belgium,HP6,Providers of preventive care,2021,0.203,
BEL,Belgium,HP72,Social health insurance agencies,2021,0.205,
BEL,Belgium,HP3,Providers of ambulatory healthcare,2021,3.645,
BEL,Belgium,HP41,Providers of patient transportation and emergency rescue,2021,0.033,
BEL,Belgium,HP33,Other healthcare practitioners,2021,0.268,
BEL,Belgium,HP35,Providers of home healthcare services,2021,1.36,
BEL,Belgium,HP29,Other residential long-term care facilities,2021,0.432,
BEL,Belgium,HP1,Hospitals,2021,4.028,
BEL,Belgium,HP73,Private health insurance administration agencies,2021,0.117,
BEL,Belgium,HP51,Pharmacies,2021,0.933,
BEL,Belgium,HP34,Ambulatory healthcare centres,2021,0.055,
BEL,Belgium,HP59,All other miscellaneous sellers and other suppliers of pharmaceuticals and medical goods,2021,0.119,
BEL,Belgium,HP21,Long-term nursing care facilities,2021,0.902,
BEL,Belgium,HP7,Providers of healthcare system administration and financing,2021,0.468,
BEL,Belgium,HP4,Providers of ancillary services,2021,0.481,
BEL,Belgium,HP5,Retailers and other providers of medical goods,2021,1.108,
BEL,Belgium,HP31,Medical practices,2021,1.467,
BEL,Belgium,HP2,Residential long-term care facilities,2021,1.343,
BEL,Belgium,HP2,Residential long-term care facilities,2022,1.423,
BEL,Belgium,HP31,Medical practices,2022,1.399,
BEL,Belgium,HP5,Retailers and other providers of medical goods,2022,1.069,
BEL,Belgium,HP4,Providers of ancillary services,2022,0.415,
BEL,Belgium,HP7,Providers of healthcare system administration and financing,2022,0.414,
BEL,Belgium,HP21,Long-term nursing care facilities,2022,0.981,
BEL,Belgium,HP59,All other miscellaneous sellers and other suppliers of pharmaceuticals and medical goods,2022,0.113,
BEL,Belgium,HP34,Ambulatory healthcare centres,2022,0.053,
BEL,Belgium,HP51,Pharmacies,2022,0.902,
BEL,Belgium,HP73,Private health insurance administration agencies,2022,0.117,
BEL,Belgium,HP1,Hospitals,2022,3.822,
BEL,Belgium,HP29,Other residential long-term care facilities,2022,0.431,
BEL,Belgium,HP35,Providers of home healthcare services,2022,1.273,
BEL,Belgium,HP33,Other healthcare practitioners,2022,0.259,
BEL,Belgium,HP41,Providers of patient transportation and emergency rescue,2022,0.034,
BEL,Belgium,HP3,Providers of ambulatory healthcare,2022,3.482,
BEL,Belgium,HP72,Social health insurance agencies,2022,0.188,
BEL,Belgium,HP6,Providers of preventive care,2022,0.173,
BEL,Belgium,HP12,Mental health hospitals,2022,0.379,
BEL,Belgium,HP13,Specialised hospitals (other than mental health hospitals),2022,0.064,
BEL,Belgium,HP42,Medical and diagnostic laboratories,2022,0.381,
BEL,Belgium,HP32,Dental practices,2022,0.497,
BEL,Belgium,HP71,Government health administration agencies,2022,0.108,
BEL,Belgium,HP11,General hospitals,2022,3.378,
CZE,Czechia,HP4,Providers of ancillary services,2024,0.354,
CZE,Czechia,HP1,Hospitals,2024,3.882,
CZE,Czechia,HP42,Medical and diagnostic laboratories,2024,0.174,
CZE,Czechia,HP35,Providers of home healthcare services,2024,0.065,
CZE,Czechia,HP31,Medical practices,2024,1.094,
CZE,Czechia,HP21,Long-term nursing care facilities,2024,0.341,
CZE,Czechia,HP5,Retailers and other providers of medical goods,2024,1.118,
CZE,Czechia,HP2,Residential long-term care facilities,2024,0.698,
CZE,Czechia,HP71,Government health administration agencies,2024,0.035,
CZE,Czechia,HP9,Rest of the world,2024,0.015,
CZE,Czechia,HP72,Social health insurance agencies,2024,0.124,
CZE,Czechia,HP34,Ambulatory healthcare centres,2024,0.315,
CZE,Czechia,HP13,Specialised hospitals (other than mental health hospitals),2024,0.351,
CZE,Czechia,HP32,Dental practices,2024,0.503,
CZE,Czechia,HP11,General hospitals,2024,3.395,
CZE,Czechia,HP41,Providers of patient transportation and emergency rescue,2024,0.18,
CZE,Czechia,HP12,Mental health hospitals,2024,0.135,
CZE,Czechia,HP6,Providers of preventive care,2024,0.051,
CZE,Czechia,HP3,Providers of ambulatory healthcare,2024,2.101,
CZE,Czechia,HP33,Other healthcare practitioners,2024,0.124,
CZE,Czechia,HP22,Mental health and substance abuse facilities,2024,0.358,
CZE,Czechia,HP52,Retail sellers and other suppliers of durable medical goods and medical appliances,2024,0.152,
HUN,Hungary,HP72,Social health insurance agencies,2019,0.017,
HUN,Hungary,HP51,Pharmacies,2019,1.714,
HUN,Hungary,HP82,All other industries as secondary providers of healthcare,2019,0.074,
HUN,Hungary,HP42,Medical and diagnostic laboratories,2019,0.074,
HUN,Hungary,HP4,Providers of ancillary services,2019,0.227,
HUN,Hungary,HP11,General hospitals,2019,2.126,
HUN,Hungary,HP5,Retailers and other providers of medical goods,2019,1.902,
HUN,Hungary,HP32,Dental practices,2019,0.287,
HUN,Hungary,HP2,Residential long-term care facilities,2019,0.189,
HUN,Hungary,HP13,Specialised hospitals (other than mental health hospitals),2019,0.189,
HUN,Hungary,HP31,Medical practices,2019,0.407,
HUN,Hungary,HP7,Providers of healthcare system administration and financing,2019,0.146,
HUN,Hungary,HP34,Ambulatory healthcare centres,2019,0.545,
HUN,Hungary,HP8,Rest of the economy,2019,0.074,
HUN,Hungary,HP1,Hospitals,2019,2.32,
HUN,Hungary,HP3,Providers of ambulatory healthcare,2019,1.324,
HUN,Hungary,HP71,Government health administration agencies,2019,0.122,
HUN,Hungary,HP52,Retail sellers and other suppliers of durable medical goods and medical appliances,2019,0.189,
HUN,Hungary,HP41,Providers of patient transportation and emergency rescue,2019,0.152,
HUN,Hungary,HP41,Providers of patient transportation and emergency rescue,2020,0.158,
HUN,Hungary,HP52,Retail sellers and other suppliers of durable medical goods and medical appliances,2020,0.179,
HUN,Hungary,HP71,Government health administration agencies,2020,0.211,
HUN,Hungary,HP3,Providers of ambulatory healthcare,2020,1.451,
HUN,Hungary,HP1,Hospitals,2020,2.891,
HUN,Hungary,HP8,Rest of the economy,2020,0.09,
HUN,Hungary,HP34,Ambulatory healthcare centres,2020,0.593,
HUN,Hungary,HP7,Providers of healthcare system administration and financing,2020,0.235,
HUN,Hungary,HP31,Medical practices,2020,0.439,
HUN,Hungary,HP13,Specialised hospitals (other than mental health hospitals),2020,0.258,
HUN,Hungary,HP2,Residential long-term care facilities,2020,0.213,
HUN,Hungary,HP32,Dental practices,2020,0.333,
HUN,Hungary,HP5,Retailers and other providers of medical goods,2020,2.034,
HUN,Hungary,HP11,General hospitals,2020,2.626,
HUN,Hungary,HP4,Providers of ancillary services,2020,0.242,
HUN,Hungary,HP42,Medical and diagnostic laboratories,2020,0.083,
HUN,Hungary,HP82,All other industries as secondary providers of healthcare,2020,0.09,
HUN,Hungary,HP51,Pharmacies,2020,1.856,
HUN,Hungary,HP33,Other healthcare practitioners,2020,0.07,
HUN,Hungary,HP9,Rest of the world,2020,0.027,
HUN,Hungary,HP6,Providers of preventive care,2020,0.047,
HUN,Hungary,HP6,Providers of preventive care,2021,0.315,
HUN,Hungary,HP9,Rest of the world,2021,0.017,
HUN,Hungary,HP33,Other healthcare practitioners,2021,0.059,
HUN,Hungary,HP72,Social health insurance agencies,2021,0.013,
HUN,Hungary,HP51,Pharmacies,2021,1.687,
HUN,Hungary,HP82,All other industries as secondary providers of healthcare,2021,0.071,
HUN,Hungary,HP42,Medical and diagnostic laboratories,2021,0.124,
HUN,Hungary,HP4,Providers of ancillary services,2021,0.262,
HUN,Hungary,HP11,General hospitals,2021,2.596,
HUN,Hungary,HP5,Retailers and other providers of medical goods,2021,1.858,
HUN,Hungary,HP32,Dental practices,2021,0.345,
HUN,Hungary,HP2,Residential long-term care facilities,2021,0.204,
HUN,Hungary,HP13,Specialised hospitals (other than mental health hospitals),2021,0.257,
HUN,Hungary,HP31,Medical practices,2021,0.509,
HUN,Hungary,HP7,Providers of healthcare system administration and financing,2021,0.236,
HUN,Hungary,HP34,Ambulatory healthcare centres,2021,0.589,
HUN,Hungary,HP8,Rest of the economy,2021,0.071,
HUN,Hungary,HP1,Hospitals,2021,2.859,
HUN,Hungary,HP3,Providers of ambulatory healthcare,2021,1.514,
HUN,Hungary,HP71,Government health administration agencies,2021,0.216,
HUN,Hungary,HP52,Retail sellers and other suppliers of durable medical goods and medical appliances,2021,0.171,
HUN,Hungary,HP41,Providers of patient transportation and emergency rescue,2021,0.138,
HUN,Hungary,HP41,Providers of patient transportation and emergency rescue,2022,0.137,
HUN,Hungary,HP52,Retail sellers and other suppliers of durable medical goods and medical appliances,2022,0.18,
HUN,Hungary,HP71,Government health administration agencies,2022,0.228,
FRA,France,HP8,Rest of the economy,2024,0.132,
FRA,France,HP51,Pharmacies,2024,1.318,
FRA,France,HP32,Dental practices,2024,0.459,
FRA,France,HP59,All other miscellaneous sellers and other suppliers of pharmaceuticals and medical goods,2024,0.014,
FRA,France,HP4,Providers of ancillary services,2024,0.358,
FRA,France,HP21,Long-term nursing care facilities,2024,1.31,
FRA,France,HP1,Hospitals,2024,4.191,
FRA,France,HP7,Providers of healthcare system administration and financing,2024,0.576,
FRA,France,HP2,Residential long-term care facilities,2024,1.368,
FRA,France,HP13,Specialised hospitals (other than mental health hospitals),2024,0.098,
FRA,France,HP73,Private health insurance administration agencies,2024,0.298,
FRA,France,HP71,Government health administration agencies,2024,0.04,
FRA,France,HP42,Medical and diagnostic laboratories,2024,0.233,
FRA,France,HP82,All other industries as secondary providers of healthcare,2024,0.132,
FRA,France,HP34,Ambulatory healthcare centres,2024,0.227,
FRA,France,HP3,Providers of ambulatory healthcare,2024,2.68,
FRA,France,HP22,Mental health and substance abuse facilities,2024,0.057,
FRA,France,HP41,Providers of patient transportation and emergency rescue,2024,0.126,
FRA,France,HP11,General hospitals,2024,3.621,
FRA,France,HP31,Medical practices,2024,0.887,
FRA,France,HP5,Retailers and other providers of medical goods,2024,1.866,
FRA,France,HP52,Retail sellers and other suppliers of durable medical goods and medical appliances,2024,0.534,
FRA,France,HP35,Providers of home healthcare services,2024,0.214,
FRA,France,HP33,Other healthcare practitioners,2024,0.893,
FRA,France,HP12,Mental health hospitals,2024,0.472,
FRA,France,HP72,Social health insurance agencies,2024,0.238,
FRA,France,HP6,Providers of preventive care,2024,0.155,
GRC,Greece,HP4,Providers of ancillary services,2015,0.415,
GRC,Greece,HP31,Medical practices,2015,0.476,
GRC,Greece,HP7,Providers of healthcare system administration and financing,2015,0.126,
GRC,Greece,HP42,Medical and diagnostic laboratories,2015,0.372,
GRC,Greece,HP12,Mental health hospitals,2015,0.229,
GRC,Greece,HP3,Providers of ambulatory healthcare,2015,1.366,
GRC,Greece,HP49,Other providers of ancillary services,2015,0.022,
GRC,Greece,HP51,Pharmacies,2015,2.251,
GRC,Greece,HP13,Specialised hospitals (other than mental health hospitals),2015,0.294,
GRC,Greece,HP34,Ambulatory healthcare centres,2015,0.359,
GRC,Greece,HP52,Retail sellers and other suppliers of durable medical goods and medical appliances,2015,0.288,
GRC,Greece,HP73,Private health insurance administration agencies,2015,0.047,
GRC,Greece,HP32,Dental practices,2015,0.401,
GRC,Greece,HP22,Mental health and substance abuse facilities,2015,0.046,
GRC,Greece,HP71,Government health administration agencies,2015,0.018,
GRC,Greece,HP41,Providers of patient transportation and emergency rescue,2015,0.02,
GRC,Greece,HP11,General hospitals,2015,3.159,
GRC,Greece,HP6,Providers of preventive care,2015,0.032,
GRC,Greece,HP35,Providers of home healthcare services,2015,0.036,
GRC,Greece,HP33,Other healthcare practitioners,2015,0.095,
GRC,Greece,HP2,Residential long-term care facilities,2015,0.091,
GRC,Greece,HP21,Long-term nursing care facilities,2015,0.042,
GRC,Greece,HP5,Retailers and other providers of medical goods,2015,2.54,
GRC,Greece,HP1,Hospitals,2015,3.682,
GRC,Greece,HP72,Social health insurance agencies,2015,0.062,
GRC,Greece,HP72,Social health insurance agencies,2016,0.068,
GRC,Greece,HP1,Hospitals,2016,3.688,
GRC,Greece,HP5,Retailers and other providers of medical goods,2016,2.771,
GRC,Greece,HP21,Long-term nursing care facilities,2016,0.031,
GRC,Greece,HP2,Residential long-term care facilities,2016,0.102,
GRC,Greece,HP33,Other healthcare practitioners,2016,0.085,
GRC,Greece,HP35,Providers of home healthcare services,2016,0.034,
GRC,Greece,HP6,Providers of preventive care,2016,0.025,
GRC,Greece,HP11,General hospitals,2016,3.235,
GRC,Greece,HP41,Providers of patient transportation and emergency rescue,2016,0.013,
GRC,Greece,HP71,Government health administration agencies,2016,0.019,
GRC,Greece,HP22,Mental health and substance abuse facilities,2016,0.068,
GRC,Greece,HP32,Dental practices,2016,0.379,
GRC,Greece,HP73,Private health insurance administration agencies,2016,0.047,
GRC,Greece,HP52,Retail sellers and other suppliers of durable medical goods and medical appliances,2016,0.409,
GRC,Greece,HP34,Ambulatory healthcare centres,2016,0.424,
GRC,Greece,HP13,Specialised hospitals (other than mental health hospitals),2016,0.296,
GRC,Greece,HP9,Rest of the world,2016,0.032,
GRC,Greece,HP51,Pharmacies,2016,2.362,
GRC,Greece,HP49,Other providers of ancillary services,2016,0.031,
GRC,Greece,HP3,Providers of ambulatory healthcare,2016,1.403,
GRC,Greece,HP12,Mental health hospitals,2016,0.157,
GRC,Greece,HP42,Medical and diagnostic laboratories,2016,0.253,
GRC,Greece,HP7,Providers of healthcare system administration and financing,2016,0.133,
GRC,Greece,HP31,Medical practices,2016,0.48,
GRC,Greece,HP4,Providers of ancillary services,2016,0.297,
GRC,Greece,HP4,Providers of ancillary services,2017,0.328,
GRC,Greece,HP31,Medical practices,2017,0.493,
GRC,Greece,HP7,Providers of healthcare system administration and financing,2017,0.127,
GRC,Greece,HP42,Medical and diagnostic laboratories,2017,0.283,
GRC,Greece,HP12,Mental health hospitals,2017,0.184,
GRC,Greece,HP3,Providers of ambulatory healthcare,2017,1.438,
GRC,Greece,HP49,Other providers of ancillary services,2017,0.024,
GRC,Greece,HP51,Pharmacies,2017,2.333,
GRC,Greece,HP9,Rest of the world,2017,0.074,
GRC,Greece,HP13,Specialised hospitals (other than mental health hospitals),2017,0.269,
GRC,Greece,HP34,Ambulatory healthcare centres,2017,0.417,
GRC,Greece,HP52,Retail sellers and other suppliers of durable medical goods and medical appliances,2017,0.281,
GRC,Greece,HP73,Private health insurance administration agencies,2017,0.048,
GRC,Greece,HP32,Dental practices,2017,0.395,
CRI,Costa Rica,HP13,Specialised hospitals (other than mental health hospitals),2015,0.513,
CRI,Costa Rica,HP82,All other industries as secondary providers of healthcare,2015,0.057,
CRI,Costa Rica,HP33,Other healthcare practitioners,2015,0.044,
CRI,Costa Rica,HP2,Residential long-term care facilities,2015,0.014,
CRI,Costa Rica,HP3,Providers of ambulatory healthcare,2015,2.104,
CRI,Costa Rica,HP52,Retail sellers and other suppliers of durable medical goods and medical appliances,2015,0.19,
CRI,Costa Rica,HP12,Mental health hospitals,2015,0.11,
CRI,Costa Rica,_U,Unknown,2015,0.012,
CRI,Costa Rica,HP7,Providers of healthcare system administration and financing,2015,0.707,
CRI,Costa Rica,HP72,Social health insurance agencies,2015,0.525,
CRI,Costa Rica,HP71,Government health administration agencies,2015,0.182,
CRI,Costa Rica,HP5,Retailers and other providers of medical goods,2015,0.74,
CRI,Costa Rica,HP42,Medical and diagnostic laboratories,2015,0.161,
CRI,Costa Rica,HP51,Pharmacies,2015,0.55,
CRI,Costa Rica,HP41,Providers of patient transportation and emergency rescue,2015,0.025,
CRI,Costa Rica,HP34,Ambulatory healthcare centres,2015,1.339,
CRI,Costa Rica,HP32,Dental practices,2015,0.271,
CRI,Costa Rica,HP11,General hospitals,2015,2.887,
CRI,Costa Rica,HP6,Providers of preventive care,2015,0.046,
CRI,Costa Rica,HP4,Providers of ancillary services,2015,0.195,
CRI,Costa Rica,HP8,Rest of the economy,2015,0.057,
CRI,Costa Rica,HP21,Long-term nursing care facilities,2015,0.014,
CRI,Costa Rica,HP1,Hospitals,2015,3.716,
CRI,Costa Rica,HP31,Medical practices,2015,0.445,
CRI,Costa Rica,HP31,Medical practices,2016,0.408,
CRI,Costa Rica,HP1,Hospitals,2016,3.595,
CRI,Costa Rica,HP8,Rest of the economy,2016,0.054,
CRI,Costa Rica,HP4,Providers of ancillary services,2016,0.183,
CRI,Costa Rica,HP6,Providers of preventive care,2016,0.037,
CRI,Costa Rica,HP11,General hospitals,2016,2.777,
CRI,Costa Rica,HP32,Dental practices,2016,0.256,
CRI,Costa Rica,HP34,Ambulatory healthcare centres,2016,1.315,
CRI,Costa Rica,HP41,Providers of patient transportation and emergency rescue,2016,0.02,
CRI,Costa Rica,HP51,Pharmacies,2016,0.519,
CRI,Costa Rica,HP42,Medical and diagnostic laboratories,2016,0.154,
CRI,Costa Rica,HP5,Retailers and other providers of medical goods,2016,0.707,
CRI,Costa Rica,HP71,Government health administration agencies,2016,0.172,
CRI,Costa Rica,HP49,Other providers of ancillary services,2016,0.009,
SWE,Sweden,HP71,Government health administration agencies,2018,0.148,
SWE,Sweden,HP73,Private health insurance administration agencies,2018,0.015,
SWE,Sweden,HP82,All other industries as secondary providers of healthcare,2018,0.215,
SWE,Sweden,HP2,Residential long-term care facilities,2018,2.08,
SWE,Sweden,HP5,Retailers and other providers of medical goods,2018,1.242,
SWE,Sweden,HP1,Hospitals,2018,4.219,
SWE,Sweden,_U,Unknown,2018,0.264,
SWE,Sweden,HP7,Providers of healthcare system administration and financing,2018,0.163,
SWE,Sweden,HP6,Providers of preventive care,2018,0.195,
SWE,Sweden,HP35,Providers of home healthcare services,2018,0.913,
SWE,Sweden,HP32,Dental practices,2018,0.679,
SWE,Sweden,HP21,Long-term nursing care facilities,2018,2.08,
SWE,Sweden,HP34,Ambulatory healthcare centres,2018,1.122,
SWE,Sweden,HP51,Pharmacies,2018,0.94,
SWE,Sweden,HP11,General hospitals,2018,4.219,
SWE,Sweden,HP52,Retail sellers and other suppliers of durable medical goods and medical appliances,2018,0.302,
SWE,Sweden,HP8,Rest of the economy,2018,0.22,
SWE,Sweden,HP3,Providers of ambulatory healthcare,2018,2.726,
SWE,Sweden,HP3,Providers of ambulatory healthcare,2019,2.701,
SWE,Sweden,HP8,Rest of the economy,2019,0.212,
SWE,Sweden,HP52,Retail sellers and other suppliers of durable medical goods and medical appliances,2019,0.292,
SWE,Sweden,HP11,General hospitals,2019,4.191,
SWE,Sweden,HP41,Providers of patient transportation and emergency rescue,2019,0.009,
SWE,Sweden,HP51,Pharmacies,2019,0.896,
SWE,Sweden,HP34,Ambulatory healthcare centres,2019,1.126,
SWE,Sweden,HP21,Long-term nursing care facilities,2019,2.046,
SWE,Sweden,HP32,Dental practices,2019,0.657,
SWE,Sweden,HP35,Providers of home healthcare services,2019,0.907,
SWE,Sweden,HP6,Providers of preventive care,2019,0.171,
SWE,Sweden,HP7,Providers of healthcare system administration and financing,2019,0.16,
SWE,Sweden,_U,Unknown,2019,0.274,
SWE,Sweden,HP1,Hospitals,2019,4.191,
SWE,Sweden,HP4,Providers of ancillary services,2019,0.009,
SWE,Sweden,HP5,Retailers and other providers of medical goods,2019,1.188,
SWE,Sweden,HP2,Residential long-term care facilities,2019,2.046,
SWE,Sweden,HP82,All other industries as secondary providers of healthcare,2019,0.207,
SWE,Sweden,HP71,Government health administration agencies,2019,0.144,
SWE,Sweden,HP71,Government health administration agencies,2020,0.135,
SWE,Sweden,HP73,Private health insurance administration agencies,2020,0.014,
SWE,Sweden,HP82,All other industries as secondary providers of healthcare,2020,0.237,
SWE,Sweden,HP2,Residential long-term care facilities,2020,2.126,
SWE,Sweden,HP5,Retailers and other providers of medical goods,2020,1.207,
SWE,Sweden,HP1,Hospitals,2020,4.503,
SWE,Sweden,_U,Unknown,2020,0.255,
SWE,Sweden,HP7,Providers of healthcare system administration and financing,2020,0.149,
SWE,Sweden,HP6,Providers of preventive care,2020,0.185,
SWE,Sweden,HP35,Providers of home healthcare services,2020,0.947,
SWE,Sweden,HP32,Dental practices,2020,0.603,
SWE,Sweden,HP21,Long-term nursing care facilities,2020,2.126,
SWE,Sweden,HP34,Ambulatory healthcare centres,2020,1.199,
SWE,Sweden,HP51,Pharmacies,2020,0.924,
SWE,Sweden,HP11,General hospitals,2020,4.503,
SWE,Sweden,HP52,Retail sellers and other suppliers of durable medical goods and medical appliances,2020,0.283,
SWE,Sweden,HP8,Rest of the economy,2020,0.242,
SWE,Sweden,HP3,Providers of ambulatory healthcare,2020,2.758,
SWE,Sweden,HP3,Providers of ambulatory healthcare,2021,2.745,
SWE,Sweden,HP8,Rest of the economy,2021,0.241,
SWE,Sweden,HP52,Retail sellers and other suppliers of durable medical goods and medical appliances,2021,0.301,
SWE,Sweden,HP11,General hospitals,2021,4.426,
SWE,Sweden,HP51,Pharmacies,2021,0.886,
SWE,Sweden,HP34,Ambulatory healthcare centres,2021,1.194,
SWE,Sweden,HP21,Long-term nursing care facilities,2021,2.043,
SWE,Sweden,HP32,Dental practices,2021,0.63,
SWE,Sweden,HP35,Providers of home healthcare services,2021,0.912,
SWE,Sweden,HP6,Providers of preventive care,2021,0.284,
SWE,Sweden,HP7,Providers of healthcare system administration and financing,2021,0.126,
SWE,Sweden,_U,Unknown,2021,0.256,
SWE,Sweden,HP1,Hospitals,2021,4.426,
SWE,Sweden,HP5,Retailers and other providers of medical goods,2021,1.187,
SWE,Sweden,HP2,Residential long-term care facilities,2021,2.043,
SWE,Sweden,HP82,All other industries as secondary providers of healthcare,2021,0.238,
SWE,Sweden,HP73,Private health insurance administration agencies,2021,0.014,
SWE,Sweden,HP71,Government health administration agencies,2021,0.112,
SWE,Sweden,HP71,Government health administration agencies,2022,0.13,
SWE,Sweden,HP73,Private health insurance administration agencies,2022,0.014,
SWE,Sweden,HP82,All other industries as secondary providers of healthcare,2022,0.255,
SWE,Sweden,HP2,Residential long-term care facilities,2022,2.076,
SWE,Sweden,HP5,Retailers and other providers of medical goods,2022,1.163,
SWE,Sweden,HP1,Hospitals,2022,4.197,
SWE,Sweden,_U,Unknown,2022,0.244,
SWE,Sweden,HP7,Providers of healthcare system administration and financing,2022,0.145,
SWE,Sweden,HP6,Providers of preventive care,2022,0.19,
SWE,Sweden,HP35,Providers of home healthcare services,2022,0.916,
SWE,Sweden,HP32,Dental practices,2022,0.601,
SWE,Sweden,HP21,Long-term nursing care facilities,2022,2.076,
SWE,Sweden,HP34,Ambulatory healthcare centres,2022,1.131,
SWE,Sweden,HP51,Pharmacies,2022,0.872,
SWE,Sweden,HP11,General hospitals,2022,4.197,
SWE,Sweden,HP52,Retail sellers and other suppliers of durable medical goods and medical appliances,2022,0.291,
SWE,Sweden,HP8,Rest of the economy,2022,0.259,
SWE,Sweden,HP3,Providers of ambulatory healthcare,2022,2.656,
SWE,Sweden,HP3,Providers of ambulatory healthcare,2023,2.729,
SWE,Sweden,HP8,Rest of the economy,2023,0.247,
SWE,Sweden,HP52,Retail sellers and other suppliers of durable medical goods and medical appliances,2023,0.292,
SWE,Sweden,HP11,General hospitals,2023,4.366,
SWE,Sweden,HP51,Pharmacies,2023,0.884,
SWE,Sweden,HP34,Ambulatory healthcare centres,2023,1.172,
SWE,Sweden,HP21,Long-term nursing care facilities,2023,2.133,
SWE,Sweden,HP32,Dental practices,2023,0.609,
SWE,Sweden,HP35,Providers of home healthcare services,2023,0.941,
SWE,Sweden,HP6,Providers of preventive care,2023,0.178,
SWE,Sweden,HP7,Providers of healthcare system administration and financing,2023,0.141,
SWE,Sweden,_U,Unknown,2023,0.261,
SWE,Sweden,HP1,Hospitals,2023,4.366,
SWE,Sweden,HP5,Retailers and other providers of medical goods,2023,1.176,
SWE,Sweden,HP2,Residential long-term care facilities,2023,2.133,
SWE,Sweden,HP82,All other industries as secondary providers of healthcare,2023,0.243,
SWE,Sweden,HP71,Government health administration agencies,2023,0.125,
SWE,Sweden,HP71,Government health administration agencies,2024,0.117,
SWE,Sweden,HP73,Private health insurance administration agencies,2024,0.018,
SWE,Sweden,HP82,All other industries as secondary providers of healthcare,2024,0.247,
SWE,Sweden,HP2,Residential long-term care facilities,2024,2.143,
SWE,Sweden,HP5,Retailers and other providers of medical goods,2024,1.185,
SWE,Sweden,HP1,Hospitals,2024,4.367,
SWE,Sweden,_U,Unknown,2024,0.277,
SWE,Sweden,HP7,Providers of healthcare system administration and financing,2024,0.134,
SWE,Sweden,HP6,Providers of preventive care,2024,0.148,
SWE,Sweden,HP35,Providers of home healthcare services,2024,0.913,
SWE,Sweden,HP32,Dental practices,2024,0.617,
SWE,Sweden,HP21,Long-term nursing care facilities,2024,2.143,
SWE,Sweden,HP34,Ambulatory healthcare centres,2024,1.105,
SWE,Sweden,HP51,Pharmacies,2024,0.908,
SWE,Sweden,HP11,General hospitals,2024,4.367,
SWE,Sweden,HP52,Retail sellers and other suppliers of durable medical goods and medical appliances,2024,0.277,
SWE,Sweden,HP8,Rest of the economy,2024,0.251,
SWE,Sweden,HP3,Providers of ambulatory healthcare,2024,2.641,
ISL,Iceland,HP11,General hospitals,2015,3.063,
ISL,Iceland,HP3,Providers of ambulatory healthcare,2015,2.037,
ISL,Iceland,HP4,Providers of ancillary services,2015,0.196,
ISL,Iceland,HP6,Providers of preventive care,2015,0.054,
ISL,Iceland,HP59,All other miscellaneous sellers and other suppliers of pharmaceuticals and medical goods,2015,0.241,
ISL,Iceland,HP7,Providers of healthcare system administration and financing,2015,0.16,
ISL,Iceland,HP31,Medical practices,2015,0.465,
ISL,Iceland,HP5,Retailers and other providers of medical goods,2015,1.199,
ISL,Iceland,HP42,Medical and diagnostic laboratories,2015,0.102,
ISL,Iceland,HP1,Hospitals,2015,3.063,
ISL,Iceland,HP33,Other healthcare practitioners,2015,0.236,
ISL,Iceland,HP34,Ambulatory healthcare centres,2015,0.656,
ISL,Iceland,HP2,Residential long-term care facilities,2015,1.268,
ISL,Iceland,HP41,Providers of patient transportation and emergency rescue,2015,0.094,
ISL,Iceland,HP52,Retail sellers and other suppliers of durable medical goods and medical appliances,2015,0.19,
ISL,Iceland,HP51,Pharmacies,2015,0.769,
ISL,Iceland,HP71,Government health administration agencies,2015,0.16,
ISL,Iceland,HP32,Dental practices,2015,0.542,
ISL,Iceland,HP21,Long-term nursing care facilities,2015,1.268,
ISL,Iceland,HP35,Providers of home healthcare services,2015,0.138,
ISL,Iceland,HP9,Rest of the world,2015,0.071,
GRC,Greece,HP9,Rest of the world,2015,0.016,
HUN,Hungary,HP35,Providers of home healthcare services,2019,0.016,
HUN,Hungary,HP35,Providers of home healthcare services,2020,0.016,
HUN,Hungary,HP72,Social health insurance agencies,2020,0.016,
SWE,Sweden,HP73,Private health insurance administration agencies,2019,0.016,
SWE,Sweden,HP73,Private health insurance administration agencies,2023,0.016,
BEL,Belgium,HP8,Rest of the economy,2020,0.011,
HUN,Hungary,HP35,Providers of home healthcare services,2021,0.011,
SWE,Sweden,HP4,Providers of ancillary services,2020,0.011,
SWE,Sweden,HP41,Providers of patient transportation and emergency rescue,2020,0.011,
SWE,Sweden,HP4,Providers of ancillary services,2022,0.011,
SWE,Sweden,HP41,Providers of patient transportation and emergency rescue,2022,0.011,
SWE,Sweden,HP4,Providers of ancillary services,2018,0.008,
SWE,Sweden,HP41,Providers of patient transportation and emergency rescue,2018,0.008,
BEL,Belgium,HP79,Other administration agencies,2021,0.006,
CRI,Costa Rica,HP21,Long-term nursing care facilities,2016,0.006,
SWE,Sweden,HP9,Rest of the world,2018,0.006,
SWE,Sweden,HP9,Rest of the world,2021,0.006,
SWE,Sweden,HP9,Rest of the world,2022,0.006,
BEL,Belgium,HP22,Mental health and substance abuse facilities,2021,0.01,
CRI,Costa Rica,HP49,Other providers of ancillary services,2015,0.01,
SWE,Sweden,HP41,Providers of patient transportation and emergency rescue,2021,0.01,
SWE,Sweden,HP4,Providers of ancillary services,2021,0.01,
HUN,Hungary,HP73,Private health insurance administration agencies,2019,0.007,
HUN,Hungary,HP73,Private health insurance administration agencies,2020,0.007,
HUN,Hungary,HP12,Mental health hospitals,2020,0.007,
HUN,Hungary,HP12,Mental health hospitals,2021,0.007,
HUN,Hungary,HP73,Private health insurance administration agencies,2021,0.007,
SWE,Sweden,HP9,Rest of the world,2019,0.007,
SWE,Sweden,HP9,Rest of the world,2020,0.007,
SWE,Sweden,HP9,Rest of the world,2023,0.007,
SWE,Sweden,HP9,Rest of the world,2024,0.007,
CRI,Costa Rica,HP35,Providers of home healthcare services,2015,0.005,
CZE,Czechia,HP59,All other miscellaneous sellers and other suppliers of pharmaceuticals and medical goods,2024,0.005,
HUN,Hungary,HP12,Mental health hospitals,2019,0.005,
SWE,Sweden,HP81,Households as providers of home healthcare,2018,0.005,
SWE,Sweden,HP81,Households as providers of home healthcare,2019,0.005,
SWE,Sweden,HP81,Households as providers of home healthcare,2020,0.005,
SWE,Sweden,HP41,Providers of patient transportation and emergency rescue,2023,0.005,
SWE,Sweden,HP4,Providers of ancillary services,2023,0.005,
SWE,Sweden,HP4,Providers of ancillary services,2024,0.005,
SWE,Sweden,HP41,Providers of patient transportation and emergency rescue,2024,0.005,
BEL,Belgium,HP49,Other providers of ancillary services,2020,0.002,
BEL,Belgium,HP8,Rest of the economy,2022,0.004,
SWE,Sweden,HP81,Households as providers of home healthcare,2021,0.004,
SWE,Sweden,HP81,Households as providers of home healthcare,2022,0.004,
SWE,Sweden,HP81,Households as providers of home healthcare,2023,0.004,
SWE,Sweden,HP81,Households as providers of home healthcare,2024,0.004,
BEL,Belgium,HP8,Rest of the economy,2021,0.003,
BEL,Belgium,HP82,All other industries as secondary providers of healthcare,2021,0.003,
BEL,Belgium,HP82,All other industries as secondary providers of healthcare,2022,0.003,
GRC,Greece,HP29,Other residential long-term care facilities,2015,0.003,
GRC,Greece,HP29,Other residential long-term care facilities,2016,0.003,
BEL,Belgium,HP79,Other administration agencies,2022,0.001,
CZE,Czechia,HP73,Private health insurance administration agencies,2024,0.001,
BEL,Belgium,HP79,Other administration agencies,2020,0,
BEL,Belgium,HP81,Households as providers of home healthcare,2020,0,
BEL,Belgium,HP81,Households as providers of home healthcare,2022,0,
BEL,Belgium,HP49,Other providers of ancillary services,2022,0,
BEL,Belgium,HP49,Other providers of ancillary services,2021,0,
BEL,Belgium,HP81,Households as providers of home healthcare,2021,0,
CZE,Czechia,HP29,Other residential long-term care facilities,2024,0,
MEX,Mexico,HP51,Pharmacies,2016,0.975,
MEX,Mexico,HP32,Dental practices,2016,0.185,
MEX,Mexico,HP13,Specialised hospitals (other than mental health hospitals),2016,0.595,
MEX,Mexico,HP11,General hospitals,2016,0.959,
MEX,Mexico,HP35,Providers of home healthcare services,2016,0.019,
MEX,Mexico,HP5,Retailers and other providers of medical goods,2016,1.336,
MEX,Mexico,HP12,Mental health hospitals,2016,0.019,
MEX,Mexico,HP3,Providers of ambulatory healthcare,2016,1.725,
MEX,Mexico,HP72,Social health insurance agencies,2016,0.098,
MEX,Mexico,HP31,Medical practices,2016,1.52,
MEX,Mexico,HP6,Providers of preventive care,2016,0.206,
MEX,Mexico,_U,Unknown,2016,0.076,
MEX,Mexico,HP7,Providers of healthcare system administration and financing,2016,0.252,
MEX,Mexico,HP42,Medical and diagnostic laboratories,2016,0.122,
MEX,Mexico,HP49,Other providers of ancillary services,2016,0.006,
MEX,Mexico,HP41,Providers of patient transportation and emergency rescue,2016,0.018,
MEX,Mexico,HP4,Providers of ancillary services,2016,0.147,
MEX,Mexico,HP1,Hospitals,2016,1.573,
MEX,Mexico,HP52,Retail sellers and other suppliers of durable medical goods and medical appliances,2016,0.361,
MEX,Mexico,HP71,Government health administration agencies,2016,0.079,
MEX,Mexico,HP73,Private health insurance administration agencies,2016,0.075,
MEX,Mexico,HP73,Private health insurance administration agencies,2017,0.08,
MEX,Mexico,HP71,Government health administration agencies,2017,0.078,
MEX,Mexico,HP52,Retail sellers and other suppliers of durable medical goods and medical appliances,2017,0.346,
MEX,Mexico,HP1,Hospitals,2017,1.628,
MEX,Mexico,HP4,Providers of ancillary services,2017,0.147,
MEX,Mexico,HP41,Providers of patient transportation and emergency rescue,2017,0.013,
MEX,Mexico,HP42,Medical and diagnostic laboratories,2017,0.127,
MEX,Mexico,HP7,Providers of healthcare system administration and financing,2017,0.253,
MEX,Mexico,_U,Unknown,2017,0.076,
MEX,Mexico,HP6,Providers of preventive care,2017,0.162,
MEX,Mexico,HP31,Medical practices,2017,1.451,
MEX,Mexico,HP72,Social health insurance agencies,2017,0.095,
MEX,Mexico,HP3,Providers of ambulatory healthcare,2017,1.654,
MEX,Mexico,HP12,Mental health hospitals,2017,0.018,
MEX,Mexico,HP5,Retailers and other providers of medical goods,2017,1.266,
MEX,Mexico,HP35,Providers of home healthcare services,2017,0.018,
MEX,Mexico,HP11,General hospitals,2017,0.935,
MEX,Mexico,HP13,Specialised hospitals (other than mental health hospitals),2017,0.676,
MEX,Mexico,HP32,Dental practices,2017,0.183,
MEX,Mexico,HP51,Pharmacies,2017,0.919,
MEX,Mexico,HP51,Pharmacies,2018,0.892,
MEX,Mexico,HP32,Dental practices,2018,0.194,
MEX,Mexico,HP13,Specialised hospitals (other than mental health hospitals),2018,0.637,
MEX,Mexico,HP11,General hospitals,2018,0.948,
MEX,Mexico,HP35,Providers of home healthcare services,2018,0.017,
MEX,Mexico,HP5,Retailers and other providers of medical goods,2018,1.239,
MEX,Mexico,HP12,Mental health hospitals,2018,0.017,
MEX,Mexico,HP3,Providers of ambulatory healthcare,2018,1.635,
MEX,Mexico,HP72,Social health insurance agencies,2018,0.085,
MEX,Mexico,HP31,Medical practices,2018,1.421,
MEX,Mexico,HP6,Providers of preventive care,2018,0.155,
MEX,Mexico,_U,Unknown,2018,0.078,
MEX,Mexico,HP7,Providers of healthcare system administration and financing,2018,0.253,
MEX,Mexico,HP42,Medical and diagnostic laboratories,2018,0.129,
MEX,Mexico,HP49,Other providers of ancillary services,2018,0.008,
MEX,Mexico,HP41,Providers of patient transportation and emergency rescue,2018,0.011,
MEX,Mexico,HP4,Providers of ancillary services,2018,0.149,
MEX,Mexico,HP1,Hospitals,2018,1.602,
MEX,Mexico,HP52,Retail sellers and other suppliers of durable medical goods and medical appliances,2018,0.347,
MEX,Mexico,HP71,Government health administration agencies,2018,0.084,
MEX,Mexico,HP73,Private health insurance administration agencies,2018,0.085,
MEX,Mexico,HP73,Private health insurance administration agencies,2019,0.101,
MEX,Mexico,HP71,Government health administration agencies,2019,0.077,
MEX,Mexico,HP52,Retail sellers and other suppliers of durable medical goods and medical appliances,2019,0.345,
MEX,Mexico,HP1,Hospitals,2019,1.606,
MEX,Mexico,HP4,Providers of ancillary services,2019,0.153,
MEX,Mexico,HP41,Providers of patient transportation and emergency rescue,2019,0.015,
MEX,Mexico,HP49,Other providers of ancillary services,2019,0.008,
MEX,Mexico,HP42,Medical and diagnostic laboratories,2019,0.13,
MEX,Mexico,HP7,Providers of healthcare system administration and financing,2019,0.25,
MEX,Mexico,_U,Unknown,2019,0.082,
MEX,Mexico,HP6,Providers of preventive care,2019,0.146,
MEX,Mexico,HP31,Medical practices,2019,1.479,
MEX,Mexico,HP72,Social health insurance agencies,2019,0.072,
MEX,Mexico,HP3,Providers of ambulatory healthcare,2019,1.697,
MEX,Mexico,HP12,Mental health hospitals,2019,0.018,
MEX,Mexico,HP5,Retailers and other providers of medical goods,2019,1.237,
MEX,Mexico,HP35,Providers of home healthcare services,2019,0.015,
MEX,Mexico,HP11,General hospitals,2019,0.939,
MEX,Mexico,HP13,Specialised hospitals (other than mental health hospitals),2019,0.649,
MEX,Mexico,HP32,Dental practices,2019,0.2,
MEX,Mexico,HP51,Pharmacies,2019,0.892,
MEX,Mexico,HP51,Pharmacies,2020,1.047,
MEX,Mexico,HP32,Dental practices,2020,0.136,
MEX,Mexico,HP13,Specialised hospitals (other than mental health hospitals),2020,0.762,
MEX,Mexico,HP11,General hospitals,2020,1.148,
MEX,Mexico,HP35,Providers of home healthcare services,2020,0.018,
MEX,Mexico,HP5,Retailers and other providers of medical goods,2020,1.413,
MEX,Mexico,HP12,Mental health hospitals,2020,0.022,
MEX,Mexico,HP3,Providers of ambulatory healthcare,2020,1.866,
MEX,Mexico,HP72,Social health insurance agencies,2020,0.086,
MEX,Mexico,HP31,Medical practices,2020,1.709,
MEX,Mexico,HP33,Other healthcare practitioners,2020,0.004,
MEX,Mexico,HP6,Providers of preventive care,2020,0.186,
MEX,Mexico,_U,Unknown,2020,0.082,
MEX,Mexico,HP7,Providers of healthcare system administration and financing,2020,0.28,
MEX,Mexico,HP42,Medical and diagnostic laboratories,2020,0.165,
MEX,Mexico,HP49,Other providers of ancillary services,2020,0.009,
MEX,Mexico,HP41,Providers of patient transportation and emergency rescue,2020,0.025,
MEX,Mexico,HP4,Providers of ancillary services,2020,0.199,
MEX,Mexico,HP1,Hospitals,2020,1.931,
MEX,Mexico,HP52,Retail sellers and other suppliers of durable medical goods and medical appliances,2020,0.366,
MEX,Mexico,HP71,Government health administration agencies,2020,0.085,
MEX,Mexico,HP73,Private health insurance administration agencies,2020,0.109,
MEX,Mexico,HP73,Private health insurance administration agencies,2021,0.108,
MEX,Mexico,HP71,Government health administration agencies,2021,0.1,
MEX,Mexico,HP52,Retail sellers and other suppliers of durable medical goods and medical appliances,2021,0.331,
MEX,Mexico,HP1,Hospitals,2021,1.825,
MEX,Mexico,HP4,Providers of ancillary services,2021,0.199,
MEX,Mexico,HP41,Providers of patient transportation and emergency rescue,2021,0.022,
MEX,Mexico,HP42,Medical and diagnostic laboratories,2021,0.17,
MEX,Mexico,HP7,Providers of healthcare system administration and financing,2021,0.298,
MEX,Mexico,_U,Unknown,2021,0.078,
MEX,Mexico,HP6,Providers of preventive care,2021,0.173,
MEX,Mexico,HP31,Medical practices,2021,1.671,
MEX,Mexico,HP72,Social health insurance agencies,2021,0.089,
MEX,Mexico,HP3,Providers of ambulatory healthcare,2021,1.857,
MEX,Mexico,HP12,Mental health hospitals,2021,0.02,
MEX,Mexico,HP5,Retailers and other providers of medical goods,2021,1.359,
MEX,Mexico,HP35,Providers of home healthcare services,2021,0.025,
MEX,Mexico,HP11,General hospitals,2021,1.088,
MEX,Mexico,HP13,Specialised hospitals (other than mental health hospitals),2021,0.717,
MEX,Mexico,HP32,Dental practices,2021,0.157,
MEX,Mexico,HP51,Pharmacies,2021,1.028,
MEX,Mexico,HP51,Pharmacies,2022,0.998,
MEX,Mexico,HP32,Dental practices,2022,0.166,
MEX,Mexico,HP13,Specialised hospitals (other than mental health hospitals),2022,0.688,
MEX,Mexico,HP11,General hospitals,2022,1.091,
MEX,Mexico,HP35,Providers of home healthcare services,2022,0.028,
MEX,Mexico,HP5,Retailers and other providers of medical goods,2022,1.336,
MEX,Mexico,HP12,Mental health hospitals,2022,0.019,
MEX,Mexico,HP3,Providers of ambulatory healthcare,2022,1.849,
MEX,Mexico,HP72,Social health insurance agencies,2022,0.079,
MEX,Mexico,HP31,Medical practices,2022,1.652,
MEX,Mexico,HP6,Providers of preventive care,2022,0.203,
MEX,Mexico,_U,Unknown,2022,0.081,
MEX,Mexico,HP7,Providers of healthcare system administration and financing,2022,0.27,
MEX,Mexico,HP42,Medical and diagnostic laboratories,2022,0.154,
MEX,Mexico,HP49,Other providers of ancillary services,2022,0.008,
MEX,Mexico,HP41,Providers of patient transportation and emergency rescue,2022,0.016,
MEX,Mexico,HP4,Providers of ancillary services,2022,0.178,
MEX,Mexico,HP1,Hospitals,2022,1.798,
MEX,Mexico,HP52,Retail sellers and other suppliers of durable medical goods and medical appliances,2022,0.338,
MEX,Mexico,HP71,Government health administration agencies,2022,0.093,
MEX,Mexico,HP73,Private health insurance administration agencies,2022,0.098,
MEX,Mexico,HP73,Private health insurance administration agencies,2023,0.098,
MEX,Mexico,HP71,Government health administration agencies,2023,0.114,
MEX,Mexico,HP52,Retail sellers and other suppliers of durable medical goods and medical appliances,2023,0.307,
MEX,Mexico,HP1,Hospitals,2023,1.804,
MEX,Mexico,HP4,Providers of ancillary services,2023,0.162,
MEX,Mexico,HP41,Providers of patient transportation and emergency rescue,2023,0.012,
MEX,Mexico,HP42,Medical and diagnostic laboratories,2023,0.143,
MEX,Mexico,HP7,Providers of healthcare system administration and financing,2023,0.288,
MEX,Mexico,_U,Unknown,2023,0.088,
MEX,Mexico,HP6,Providers of preventive care,2023,0.151,
MEX,Mexico,HP31,Medical practices,2023,1.668,
MEX,Mexico,HP72,Social health insurance agencies,2023,0.077,
MEX,Mexico,HP3,Providers of ambulatory healthcare,2023,1.88,
MEX,Mexico,HP12,Mental health hospitals,2023,0.021,
MEX,Mexico,HP5,Retailers and other providers of medical goods,2023,1.328,
MEX,Mexico,HP35,Providers of home healthcare services,2023,0.031,
MEX,Mexico,HP11,General hospitals,2023,1.046,
MEX,Mexico,HP13,Specialised hospitals (other than mental health hospitals),2023,0.737,
MEX,Mexico,HP32,Dental practices,2023,0.179,
MEX,Mexico,HP51,Pharmacies,2023,1.021,
MEX,Mexico,HP51,Pharmacies,2024,1.071,
MEX,Mexico,HP32,Dental practices,2024,0.183,
MEX,Mexico,HP13,Specialised hospitals (other than mental health hospitals),2024,0.806,
MEX,Mexico,HP11,General hospitals,2024,1.052,
MEX,Mexico,HP35,Providers of home healthcare services,2024,0.01,
MEX,Mexico,HP5,Retailers and other providers of medical goods,2024,1.394,
MEX,Mexico,HP12,Mental health hospitals,2024,0.021,
MEX,Mexico,HP3,Providers of ambulatory healthcare,2024,2.037,
MEX,Mexico,HP72,Social health insurance agencies,2024,0.099,
MEX,Mexico,HP31,Medical practices,2024,1.841,
MEX,Mexico,HP6,Providers of preventive care,2024,0.177,
MEX,Mexico,_U,Unknown,2024,0.088,
MEX,Mexico,HP7,Providers of healthcare system administration and financing,2024,0.323,
MEX,Mexico,HP42,Medical and diagnostic laboratories,2024,0.171,
MEX,Mexico,HP49,Other providers of ancillary services,2024,0.008,
MEX,Mexico,HP41,Providers of patient transportation and emergency rescue,2024,0.006,
MEX,Mexico,HP4,Providers of ancillary services,2024,0.184,
MEX,Mexico,HP1,Hospitals,2024,1.879,
MEX,Mexico,HP52,Retail sellers and other suppliers of durable medical goods and medical appliances,2024,0.323,
MEX,Mexico,HP71,Government health administration agencies,2024,0.136,
MEX,Mexico,HP73,Private health insurance administration agencies,2024,0.089,
MEX,Mexico,HP49,Other providers of ancillary services,2017,0.007,
MEX,Mexico,HP49,Other providers of ancillary services,2021,0.007,
MEX,Mexico,HP49,Other providers of ancillary services,2023,0.007,
MEX,Mexico,HP33,Other healthcare practitioners,2017,0.003,
MEX,Mexico,HP33,Other healthcare practitioners,2018,0.003,
MEX,Mexico,HP33,Other healthcare practitioners,2021,0.003,
MEX,Mexico,HP33,Other healthcare practitioners,2022,0.003,
MEX,Mexico,HP33,Other healthcare practitioners,2023,0.003,
MEX,Mexico,HP33,Other healthcare practitioners,2024,0.003,
MEX,Mexico,HP33,Other healthcare practitioners,2016,0.002,
MEX,Mexico,HP33,Other healthcare practitioners,2019,0.002,
ISL,Iceland,_T,Total,2015,8.047,
ISL,Iceland,_T,Total,2016,8.058,
SWE,Sweden,_T,Total,2018,11.122,
SWE,Sweden,_T,Total,2019,10.959,
SWE,Sweden,_T,Total,2020,11.442,
SWE,Sweden,_T,Total,2021,11.325,
SWE,Sweden,_T,Total,2022,10.946,
SWE,Sweden,_T,Total,2023,11.243,
SWE,Sweden,_T,Total,2024,11.158,
CRI,Costa Rica,_T,Total,2015,7.592,
CRI,Costa Rica,_T,Total,2016,7.315,
GRC,Greece,_T,Total,2015,8.267,
GRC,Greece,_T,Total,2016,8.451,
GRC,Greece,_T,Total,2017,8.113,
FRA,France,_T,Total,2024,11.326,
HUN,Hungary,_T,Total,2019,6.247,
HUN,Hungary,_T,Total,2020,7.231,
HUN,Hungary,_T,Total,2021,7.335,
HUN,Hungary,_T,Total,2022,6.667,
BEL,Belgium,_T,Total,2020,11.453,
BEL,Belgium,_T,Total,2021,11.28,
CZE,Czechia,_T,Total,2024,8.646,
MEX,Mexico,_T,Total,2016,5.316,
MEX,Mexico,_T,Total,2017,5.186,
MEX,Mexico,_T,Total,2018,5.111,
MEX,Mexico,_T,Total,2019,5.171,
MEX,Mexico,_T,Total,2020,5.957,
MEX,Mexico,_T,Total,2021,5.789,
MEX,Mexico,_T,Total,2022,5.715,
MEX,Mexico,_T,Total,2023,5.701,
MEX,Mexico,_T,Total,2024,6.083,
MEX,Mexico,_T,Total,2015,5.434,B
MEX,Mexico,_T,Total,2025,6.171,E
CZE,Czechia,_T,Total,2025,8.941,P
SWE,Sweden,_T,Total,2025,10.911,P
FRA,France,_T,Total,2025,11.375,E
LVA,Latvia,HP73,Private health insurance administration agencies,2019,0.085,B
FIN,Finland,_T,Total,2015,9.7,B
LVA,Latvia,_T,Total,2025,8.526,E
NZL,New Zealand,_T,Total,2024,10.013,P
NZL,New Zealand,_T,Total,2025,9.786,E
COL,Colombia,_T,Total,2025,8.519,P
CAN,Canada,HP51,Pharmacies,2016,1.825,
CAN,Canada,HP34,Ambulatory healthcare centres,2016,0.057,
CAN,Canada,HP8,Rest of the economy,2016,0.028,
CAN,Canada,HP21,Long-term nursing care facilities,2016,1.289,
CAN,Canada,HP59,All other miscellaneous sellers and other suppliers of pharmaceuticals and medical goods,2016,0.143,
CAN,Canada,HP4,Providers of ancillary services,2016,0.142,
CAN,Canada,HP29,Other residential long-term care facilities,2016,0.01,
CAN,Canada,HP32,Dental practices,2016,0.749,
CAN,Canada,HP12,Mental health hospitals,2016,0.112,
CAN,Canada,HP71,Government health administration agencies,2016,0.143,
CAN,Canada,HP11,General hospitals,2016,2.751,
CAN,Canada,HP41,Providers of patient transportation and emergency rescue,2016,0.142,
CAN,Canada,HP7,Providers of healthcare system administration and financing,2016,0.333,
CAN,Canada,HP31,Medical practices,2016,1.773,
CAN,Canada,HP33,Other healthcare practitioners,2016,0.319,
CAN,Canada,HP1,Hospitals,2016,3.114,
CAN,Canada,HP13,Specialised hospitals (other than mental health hospitals),2016,0.251,
CAN,Canada,HP73,Private health insurance administration agencies,2015,0.159,
CAN,Canada,HP22,Mental health and substance abuse facilities,2015,0.02,
CAN,Canada,HP6,Providers of preventive care,2015,0.513,
CAN,Canada,HP35,Providers of home healthcare services,2015,0.415,
CAN,Canada,HP5,Retailers and other providers of medical goods,2015,2.064,
CAN,Canada,_U,Unknown,2015,0.091,
CAN,Canada,HP52,Retail sellers and other suppliers of durable medical goods and medical appliances,2015,0.172,
CAN,Canada,HP82,All other industries as secondary providers of healthcare,2015,0.028,
CAN,Canada,HP2,Residential long-term care facilities,2015,1.298,
CAN,Canada,HP81,Households as providers of home healthcare,2015,0,
CAN,Canada,HP3,Providers of ambulatory healthcare,2015,3.199,
CAN,Canada,HP13,Specialised hospitals (other than mental health hospitals),2015,0.24,
CAN,Canada,HP1,Hospitals,2015,3.118,
CAN,Canada,HP33,Other healthcare practitioners,2015,0.303,
CAN,Canada,HP31,Medical practices,2015,1.726,
CAN,Canada,HP7,Providers of healthcare system administration and financing,2015,0.301,
CAN,Canada,HP41,Providers of patient transportation and emergency rescue,2015,0.143,
CAN,Canada,HP11,General hospitals,2015,2.765,
CAN,Canada,HP71,Government health administration agencies,2015,0.142,
CAN,Canada,HP12,Mental health hospitals,2015,0.112,
CAN,Canada,HP32,Dental practices,2015,0.701,
CAN,Canada,HP29,Other residential long-term care facilities,2015,0.009,
CAN,Canada,HP4,Providers of ancillary services,2015,0.143,
CAN,Canada,HP59,All other miscellaneous sellers and other suppliers of pharmaceuticals and medical goods,2015,0.105,
CAN,Canada,HP21,Long-term nursing care facilities,2015,1.269,
CAN,Canada,HP8,Rest of the economy,2015,0.028,
CAN,Canada,HP34,Ambulatory healthcare centres,2015,0.055,
CAN,Canada,HP51,Pharmacies,2015,1.787,
EST,Estonia,HP81,Households as providers of home healthcare,2019,0.038,
EST,Estonia,HP35,Providers of home healthcare services,2019,0.019,
EST,Estonia,HP2,Residential long-term care facilities,2019,0.455,
EST,Estonia,HP9,Rest of the world,2019,0.043,
EST,Estonia,HP6,Providers of preventive care,2019,0.068,
EST,Estonia,HP3,Providers of ambulatory healthcare,2019,1.519,
EST,Estonia,HP41,Providers of patient transportation and emergency rescue,2019,0.118,
EST,Estonia,HP11,General hospitals,2019,2.875,
EST,Estonia,HP1,Hospitals,2019,2.948,
EST,Estonia,HP4,Providers of ancillary services,2019,0.149,
EST,Estonia,HP21,Long-term nursing care facilities,2019,0.056,
EST,Estonia,HP5,Retailers and other providers of medical goods,2019,1.272,
EST,Estonia,HP13,Specialised hospitals (other than mental health hospitals),2019,0.056,
EST,Estonia,HP51,Pharmacies,2019,1.082,
EST,Estonia,HP71,Government health administration agencies,2019,0.078,
EST,Estonia,HP49,Other providers of ancillary services,2019,0.002,
EST,Estonia,HP34,Ambulatory healthcare centres,2019,0.226,
EST,Estonia,HP82,All other industries as secondary providers of healthcare,2019,0.03,
EST,Estonia,HP1,Hospitals,2017,2.872,
EST,Estonia,HP4,Providers of ancillary services,2017,0.116,
EST,Estonia,HP21,Long-term nursing care facilities,2017,0.056,
EST,Estonia,HP5,Retailers and other providers of medical goods,2017,1.292,
EST,Estonia,HP13,Specialised hospitals (other than mental health hospitals),2017,0.06,
EST,Estonia,HP51,Pharmacies,2017,1.1,
EST,Estonia,HP71,Government health administration agencies,2017,0.054,
EST,Estonia,HP34,Ambulatory healthcare centres,2017,0.24,
EST,Estonia,HP82,All other industries as secondary providers of healthcare,2017,0.025,
EST,Estonia,HP7,Providers of healthcare system administration and financing,2017,0.095,
EST,Estonia,HP33,Other healthcare practitioners,2017,0.033,
EST,Estonia,HP12,Mental health hospitals,2017,0.018,
EST,Estonia,HP72,Social health insurance agencies,2017,0.04,
EST,Estonia,HP22,Mental health and substance abuse facilities,2017,0.102,
EST,Estonia,HP52,Retail sellers and other suppliers of durable medical goods and medical appliances,2017,0.191,
EST,Estonia,HP31,Medical practices,2017,0.602,
EST,Estonia,HP29,Other residential long-term care facilities,2017,0.289,
EST,Estonia,HP42,Medical and diagnostic laboratories,2017,0.01,
EST,Estonia,HP8,Rest of the economy,2017,0.058,
EST,Estonia,HP32,Dental practices,2017,0.542,
EST,Estonia,HP49,Other providers of ancillary services,2017,0.002,
EST,Estonia,HP32,Dental practices,2018,0.558,
EST,Estonia,HP8,Rest of the economy,2018,0.062,
EST,Estonia,HP42,Medical and diagnostic laboratories,2018,0.021,
EST,Estonia,HP29,Other residential long-term care facilities,2018,0.294,
EST,Estonia,HP31,Medical practices,2018,0.648,
EST,Estonia,HP52,Retail sellers and other suppliers of durable medical goods and medical appliances,2018,0.184,
EST,Estonia,HP22,Mental health and substance abuse facilities,2018,0.095,
EST,Estonia,HP72,Social health insurance agencies,2018,0.043,
EST,Estonia,HP12,Mental health hospitals,2018,0.018,
EST,Estonia,HP33,Other healthcare practitioners,2018,0.027,
EST,Estonia,HP7,Providers of healthcare system administration and financing,2018,0.105,
EST,Estonia,HP82,All other industries as secondary providers of healthcare,2018,0.028,
EST,Estonia,HP34,Ambulatory healthcare centres,2018,0.237,
EST,Estonia,HP49,Other providers of ancillary services,2018,0.003,
EST,Estonia,HP71,Government health administration agencies,2018,0.062,
EST,Estonia,HP51,Pharmacies,2018,1.119,
EST,Estonia,HP13,Specialised hospitals (other than mental health hospitals),2018,0.058,
EST,Estonia,HP5,Retailers and other providers of medical goods,2018,1.304,
EST,Estonia,HP21,Long-term nursing care facilities,2018,0.056,
EST,Estonia,HP4,Providers of ancillary services,2018,0.13,
EST,Estonia,HP1,Hospitals,2018,2.899,
EST,Estonia,HP11,General hospitals,2018,2.823,
EST,Estonia,HP41,Providers of patient transportation and emergency rescue,2018,0.106,
EST,Estonia,HP3,Providers of ambulatory healthcare,2018,1.49,
EST,Estonia,HP6,Providers of preventive care,2018,0.062,
EST,Estonia,HP9,Rest of the world,2018,0.065,
EST,Estonia,HP2,Residential long-term care facilities,2018,0.445,
EST,Estonia,HP35,Providers of home healthcare services,2018,0.019,
EST,Estonia,HP81,Households as providers of home healthcare,2018,0.034,
FIN,Finland,HP12,Mental health hospitals,2016,0.002,
FIN,Finland,HP4,Providers of ancillary services,2016,0.158,
FIN,Finland,HP1,Hospitals,2016,3.328,
FIN,Finland,HP29,Other residential long-term care facilities,2016,0.968,
FIN,Finland,HP7,Providers of healthcare system administration and financing,2016,0.085,
FIN,Finland,HP42,Medical and diagnostic laboratories,2016,0.094,
FIN,Finland,_U,Unknown,2016,0.01,
FIN,Finland,HP73,Private health insurance administration agencies,2016,0.03,
FIN,Finland,HP82,All other industries as secondary providers of healthcare,2016,0.2,
FIN,Finland,HP72,Social health insurance agencies,2016,0.043,
FIN,Finland,HP2,Residential long-term care facilities,2016,1.397,
FIN,Finland,HP35,Providers of home healthcare services,2016,0.415,
FIN,Finland,HP5,Retailers and other providers of medical goods,2016,1.434,
FIN,Finland,HP71,Government health administration agencies,2016,0.012,
FIN,Finland,HP32,Dental practices,2016,0.242,
FIN,Finland,HP31,Medical practices,2016,0.571,
FIN,Finland,HP6,Providers of preventive care,2016,0.016,
FIN,Finland,HP33,Other healthcare practitioners,2016,0.12,
FIN,Finland,HP52,Retail sellers and other suppliers of durable medical goods and medical appliances,2016,0.245,
FIN,Finland,HP3,Providers of ambulatory healthcare,2016,2.828,
FIN,Finland,HP22,Mental health and substance abuse facilities,2016,0.089,
FIN,Finland,HP41,Providers of patient transportation and emergency rescue,2016,0.063,
FIN,Finland,HP34,Ambulatory healthcare centres,2016,1.481,
FIN,Finland,HP8,Rest of the economy,2016,0.2,
FIN,Finland,HP21,Long-term nursing care facilities,2016,0.341,
FIN,Finland,HP11,General hospitals,2016,3.326,
FIN,Finland,HP51,Pharmacies,2016,1.189,
FIN,Finland,HP51,Pharmacies,2017,1.125,
FIN,Finland,HP11,General hospitals,2017,3.381,
FIN,Finland,HP21,Long-term nursing care facilities,2017,0.291,
FIN,Finland,HP8,Rest of the economy,2017,0.178,
FIN,Finland,HP34,Ambulatory healthcare centres,2017,1.382,
FIN,Finland,HP41,Providers of patient transportation and emergency rescue,2017,0.062,
FIN,Finland,HP22,Mental health and substance abuse facilities,2017,0.083,
FIN,Finland,HP3,Providers of ambulatory healthcare,2017,2.719,
FIN,Finland,HP52,Retail sellers and other suppliers of durable medical goods and medical appliances,2017,0.249,
FIN,Finland,HP33,Other healthcare practitioners,2017,0.116,
FIN,Finland,HP6,Providers of preventive care,2017,0.015,
FIN,Finland,HP31,Medical practices,2017,0.58,
FIN,Finland,HP32,Dental practices,2017,0.238,
FIN,Finland,HP71,Government health administration agencies,2017,0.01,
FIN,Finland,HP5,Retailers and other providers of medical goods,2017,1.374,
FIN,Finland,HP35,Providers of home healthcare services,2017,0.403,
FIN,Finland,HP2,Residential long-term care facilities,2017,1.277,
FIN,Finland,HP72,Social health insurance agencies,2017,0.04,
FIN,Finland,HP82,All other industries as secondary providers of healthcare,2017,0.178,
FIN,Finland,HP73,Private health insurance administration agencies,2017,0.031,
FIN,Finland,_U,Unknown,2017,0.008,
FIN,Finland,HP42,Medical and diagnostic laboratories,2017,0.093,
FIN,Finland,HP7,Providers of healthcare system administration and financing,2017,0.081,
FIN,Finland,HP29,Other residential long-term care facilities,2017,0.902,
FIN,Finland,HP1,Hospitals,2017,3.384,
FIN,Finland,HP4,Providers of ancillary services,2017,0.155,
FIN,Finland,HP12,Mental health hospitals,2017,0.003,
FIN,Finland,HP12,Mental health hospitals,2018,0.002,
FIN,Finland,HP4,Providers of ancillary services,2018,0.156,
FIN,Finland,HP1,Hospitals,2018,3.45,
FIN,Finland,HP29,Other residential long-term care facilities,2018,0.893,
FIN,Finland,HP7,Providers of healthcare system administration and financing,2018,0.081,
FIN,Finland,HP42,Medical and diagnostic laboratories,2018,0.093,
FIN,Finland,_U,Unknown,2018,0.01,
FIN,Finland,HP73,Private health insurance administration agencies,2018,0.03,
FIN,Finland,HP82,All other industries as secondary providers of healthcare,2018,0.171,
FIN,Finland,HP72,Social health insurance agencies,2018,0.041,
FIN,Finland,HP2,Residential long-term care facilities,2018,1.238,
FIN,Finland,HP35,Providers of home healthcare services,2018,0.405,
FIN,Finland,HP5,Retailers and other providers of medical goods,2018,1.366,
FIN,Finland,HP71,Government health administration agencies,2018,0.011,
FIN,Finland,HP32,Dental practices,2018,0.206,
FIN,Finland,HP31,Medical practices,2018,0.59,
FIN,Finland,HP6,Providers of preventive care,2018,0.016,
FIN,Finland,HP33,Other healthcare practitioners,2018,0.118,
FIN,Finland,HP52,Retail sellers and other suppliers of durable medical goods and medical appliances,2018,0.237,
FIN,Finland,HP3,Providers of ambulatory healthcare,2018,2.615,
FIN,Finland,HP22,Mental health and substance abuse facilities,2018,0.077,
FIN,Finland,HP41,Providers of patient transportation and emergency rescue,2018,0.063,
FIN,Finland,HP34,Ambulatory healthcare centres,2018,1.296,
FIN,Finland,HP8,Rest of the economy,2018,0.171,
FIN,Finland,HP21,Long-term nursing care facilities,2018,0.268,
FIN,Finland,HP11,General hospitals,2018,3.447,
FIN,Finland,HP51,Pharmacies,2018,1.128,
FIN,Finland,HP51,Pharmacies,2019,1.14,
FIN,Finland,HP11,General hospitals,2019,3.432,
FIN,Finland,HP21,Long-term nursing care facilities,2019,0.262,
FIN,Finland,HP51,Pharmacies,2015,1.177,
FIN,Finland,HP11,General hospitals,2015,3.397,
FIN,Finland,HP21,Long-term nursing care facilities,2015,0.391,
FIN,Finland,HP8,Rest of the economy,2015,0.235,
FIN,Finland,HP34,Ambulatory healthcare centres,2015,1.575,
FIN,Finland,HP41,Providers of patient transportation and emergency rescue,2015,0.066,
FIN,Finland,HP22,Mental health and substance abuse facilities,2015,0.089,
FIN,Finland,HP3,Providers of ambulatory healthcare,2015,2.939,
FIN,Finland,HP52,Retail sellers and other suppliers of durable medical goods and medical appliances,2015,0.252,
FIN,Finland,HP33,Other healthcare practitioners,2015,0.109,
FIN,Finland,HP6,Providers of preventive care,2015,0.013,
FIN,Finland,HP31,Medical practices,2015,0.557,
FIN,Finland,HP32,Dental practices,2015,0.28,
FIN,Finland,HP71,Government health administration agencies,2015,0.013,
FIN,Finland,HP5,Retailers and other providers of medical goods,2015,1.43,
FIN,Finland,HP35,Providers of home healthcare services,2015,0.418,
FIN,Finland,HP2,Residential long-term care facilities,2015,1.42,
FIN,Finland,HP72,Social health insurance agencies,2015,0.047,
FIN,Finland,HP82,All other industries as secondary providers of healthcare,2015,0.235,
FIN,Finland,HP73,Private health insurance administration agencies,2015,0.026,
FIN,Finland,_U,Unknown,2015,0.01,
FIN,Finland,HP42,Medical and diagnostic laboratories,2015,0.101,
FIN,Finland,HP7,Providers of healthcare system administration and financing,2015,0.086,
FIN,Finland,HP29,Other residential long-term care facilities,2015,0.941,
FIN,Finland,HP1,Hospitals,2015,3.399,
FIN,Finland,HP4,Providers of ancillary services,2015,0.167,
FIN,Finland,HP12,Mental health hospitals,2015,0.003,
CZE,Czechia,HP42,Medical and diagnostic laboratories,2019,0.152,
CZE,Czechia,HP1,Hospitals,2019,3.321,
CZE,Czechia,HP4,Providers of ancillary services,2019,0.315,
CZE,Czechia,HP7,Providers of healthcare system administration and financing,2019,0.17,
CZE,Czechia,HP8,Rest of the economy,2019,0.124,
CZE,Czechia,_U,Unknown,2019,0.107,
CZE,Czechia,HP51,Pharmacies,2019,0.998,
CZE,Czechia,HP82,All other industries as secondary providers of healthcare,2019,0.124,
CZE,Czechia,HP82,All other industries as secondary providers of healthcare,2024,0.148,
CZE,Czechia,HP51,Pharmacies,2024,0.962,
CZE,Czechia,_U,Unknown,2024,0.118,
CZE,Czechia,HP8,Rest of the economy,2024,0.148,
CZE,Czechia,HP7,Providers of healthcare system administration and financing,2024,0.16,
CZE,Czechia,HP52,Retail sellers and other suppliers of durable medical goods and medical appliances,2023,0.141,
CZE,Czechia,HP22,Mental health and substance abuse facilities,2023,0.341,
CZE,Czechia,HP33,Other healthcare practitioners,2023,0.117,
CZE,Czechia,HP3,Providers of ambulatory healthcare,2023,1.994,
CZE,Czechia,HP6,Providers of preventive care,2023,0.049,
CZE,Czechia,HP12,Mental health hospitals,2023,0.128,
CZE,Czechia,HP41,Providers of patient transportation and emergency rescue,2023,0.17,
CZE,Czechia,HP59,All other miscellaneous sellers and other suppliers of pharmaceuticals and medical goods,2023,0.004,
CZE,Czechia,HP11,General hospitals,2023,3.262,
CZE,Czechia,HP32,Dental practices,2023,0.462,
CZE,Czechia,HP13,Specialised hospitals (other than mental health hospitals),2023,0.372,
CZE,Czechia,HP34,Ambulatory healthcare centres,2023,0.307,
CZE,Czechia,HP72,Social health insurance agencies,2023,0.121,
CZE,Czechia,HP9,Rest of the world,2023,0.012,
CZE,Czechia,HP71,Government health administration agencies,2023,0.039,
CZE,Czechia,HP2,Residential long-term care facilities,2023,0.675,
CZE,Czechia,HP5,Retailers and other providers of medical goods,2023,1.142,
CZE,Czechia,HP21,Long-term nursing care facilities,2023,0.334,
CZE,Czechia,HP31,Medical practices,2023,1.05,
CZE,Czechia,HP35,Providers of home healthcare services,2023,0.059,
CZE,Czechia,HP42,Medical and diagnostic laboratories,2023,0.17,
CZE,Czechia,HP1,Hospitals,2023,3.762,
CZE,Czechia,HP4,Providers of ancillary services,2023,0.341,
CZE,Czechia,HP7,Providers of healthcare system administration and financing,2023,0.16,
CZE,Czechia,HP8,Rest of the economy,2023,0.142,
CZE,Czechia,_U,Unknown,2023,0.104,
CZE,Czechia,HP51,Pharmacies,2023,0.997,
CZE,Czechia,HP82,All other industries as secondary providers of healthcare,2023,0.142,
CZE,Czechia,HP73,Private health insurance administration agencies,2023,0.001,
CZE,Czechia,HP52,Retail sellers and other suppliers of durable medical goods and medical appliances,2021,0.156,
CZE,Czechia,HP22,Mental health and substance abuse facilities,2021,0.347,
CZE,Czechia,HP33,Other healthcare practitioners,2021,0.115,
CZE,Czechia,HP3,Providers of ambulatory healthcare,2021,1.91,
CZE,Czechia,HP6,Providers of preventive care,2021,0.057,
CZE,Czechia,HP12,Mental health hospitals,2021,0.132,
CZE,Czechia,HP41,Providers of patient transportation and emergency rescue,2021,0.183,
CZE,Czechia,HP59,All other miscellaneous sellers and other suppliers of pharmaceuticals and medical goods,2021,0.014,
CZE,Czechia,HP11,General hospitals,2021,3.65,
CZE,Czechia,HP32,Dental practices,2021,0.424,
CZE,Czechia,HP13,Specialised hospitals (other than mental health hospitals),2021,0.399,
CZE,Czechia,HP34,Ambulatory healthcare centres,2021,0.255,
CZE,Czechia,HP72,Social health insurance agencies,2021,0.126,
CZE,Czechia,HP9,Rest of the world,2021,0.005,
CZE,Czechia,HP71,Government health administration agencies,2021,0.059,
CZE,Czechia,HP2,Residential long-term care facilities,2021,0.713,
CZE,Czechia,HP5,Retailers and other providers of medical goods,2021,1.216,
CZE,Czechia,HP21,Long-term nursing care facilities,2021,0.366,
CZE,Czechia,HP31,Medical practices,2021,1.061,
CZE,Czechia,HP35,Providers of home healthcare services,2021,0.055,
CZE,Czechia,HP42,Medical and diagnostic laboratories,2021,0.248,
CZE,Czechia,HP1,Hospitals,2021,4.182,
CZE,Czechia,HP4,Providers of ancillary services,2021,0.431,
CZE,Czechia,HP7,Providers of healthcare system administration and financing,2021,0.185,
CZE,Czechia,HP8,Rest of the economy,2021,0.151,
CZE,Czechia,_U,Unknown,2021,0.304,
CZE,Czechia,HP51,Pharmacies,2021,1.046,
CZE,Czechia,HP82,All other industries as secondary providers of healthcare,2021,0.151,
CZE,Czechia,HP82,All other industries as secondary providers of healthcare,2020,0.145,
CZE,Czechia,HP51,Pharmacies,2020,1.069,
CZE,Czechia,_U,Unknown,2020,0.336,
CZE,Czechia,HP8,Rest of the economy,2020,0.145,
CZE,Czechia,HP7,Providers of healthcare system administration and financing,2020,0.185,
CZE,Czechia,HP4,Providers of ancillary services,2020,0.407,
CZE,Czechia,HP1,Hospitals,2020,4.094,
CZE,Czechia,HP42,Medical and diagnostic laboratories,2020,0.189,
CZE,Czechia,HP35,Providers of home healthcare services,2020,0.052,
CZE,Czechia,HP31,Medical practices,2020,1.006,
CZE,Czechia,HP21,Long-term nursing care facilities,2020,0.369,
CZE,Czechia,HP5,Retailers and other providers of medical goods,2020,1.236,
CZE,Czechia,HP2,Residential long-term care facilities,2020,0.718,
CZE,Czechia,HP71,Government health administration agencies,2020,0.051,
CZE,Czechia,HP9,Rest of the world,2020,0.008,
CZE,Czechia,HP72,Social health insurance agencies,2020,0.134,
CZE,Czechia,HP34,Ambulatory healthcare centres,2020,0.26,
CZE,Czechia,HP13,Specialised hospitals (other than mental health hospitals),2020,0.362,
CZE,Czechia,HP32,Dental practices,2020,0.363,
CZE,Czechia,HP11,General hospitals,2020,3.611,
CZE,Czechia,HP59,All other miscellaneous sellers and other suppliers of pharmaceuticals and medical goods,2020,0.004,
CZE,Czechia,HP41,Providers of patient transportation and emergency rescue,2020,0.218,
CZE,Czechia,HP12,Mental health hospitals,2020,0.121,
CZE,Czechia,HP6,Providers of preventive care,2020,0.044,
CZE,Czechia,HP3,Providers of ambulatory healthcare,2020,1.796,
CZE,Czechia,HP33,Other healthcare practitioners,2020,0.114,
CZE,Czechia,HP22,Mental health and substance abuse facilities,2020,0.35,
CZE,Czechia,HP52,Retail sellers and other suppliers of durable medical goods and medical appliances,2020,0.163,
CZE,Czechia,HP82,All other industries as secondary providers of healthcare,2022,0.137,
CZE,Czechia,HP51,Pharmacies,2022,0.847,
CZE,Czechia,_U,Unknown,2022,0.248,
CZE,Czechia,HP8,Rest of the economy,2022,0.137,
CZE,Czechia,HP7,Providers of healthcare system administration and financing,2022,0.168,
CZE,Czechia,HP4,Providers of ancillary services,2022,0.362,
CZE,Czechia,HP1,Hospitals,2022,3.942,
CZE,Czechia,HP42,Medical and diagnostic laboratories,2022,0.191,
CZE,Czechia,HP35,Providers of home healthcare services,2022,0.055,
CZE,Czechia,HP31,Medical practices,2022,1.034,
CZE,Czechia,HP21,Long-term nursing care facilities,2022,0.331,
CZE,Czechia,HP5,Retailers and other providers of medical goods,2022,1.003,
CZE,Czechia,HP2,Residential long-term care facilities,2022,0.657,
CZE,Czechia,HP71,Government health administration agencies,2022,0.046,
CZE,Czechia,HP9,Rest of the world,2022,0.009,
CZE,Czechia,HP72,Social health insurance agencies,2022,0.122,
CZE,Czechia,HP34,Ambulatory healthcare centres,2022,0.249,
CZE,Czechia,HP13,Specialised hospitals (other than mental health hospitals),2022,0.364,
CZE,Czechia,HP32,Dental practices,2022,0.449,
CZE,Czechia,HP11,General hospitals,2022,3.456,
CZE,Czechia,HP59,All other miscellaneous sellers and other suppliers of pharmaceuticals and medical goods,2022,0.004,
CZE,Czechia,HP41,Providers of patient transportation and emergency rescue,2022,0.17,
CZE,Czechia,HP12,Mental health hospitals,2022,0.122,
CZE,Czechia,HP6,Providers of preventive care,2022,0.043,
CZE,Czechia,HP3,Providers of ambulatory healthcare,2022,1.901,
CZE,Czechia,HP33,Other healthcare practitioners,2022,0.114,
CZE,Czechia,HP22,Mental health and substance abuse facilities,2022,0.327,
CZE,Czechia,HP52,Retail sellers and other suppliers of durable medical goods and medical appliances,2022,0.152,
CZE,Czechia,HP29,Other residential long-term care facilities,2023,0,
CZE,Czechia,HP73,Private health insurance administration agencies,2022,0,
CZE,Czechia,HP29,Other residential long-term care facilities,2022,0,
CZE,Czechia,HP73,Private health insurance administration agencies,2020,0,
CZE,Czechia,HP29,Other residential long-term care facilities,2020,0,
CZE,Czechia,HP29,Other residential long-term care facilities,2021,0,
CZE,Czechia,HP73,Private health insurance administration agencies,2021,0,
NOR,Norway,HP4,Providers of ancillary services,2015,0.096,
NOR,Norway,HP11,General hospitals,2015,3.025,
NOR,Norway,HP7,Providers of healthcare system administration and financing,2015,0.057,
NOR,Norway,HP8,Rest of the economy,2015,0.158,
NOR,Norway,HP3,Providers of ambulatory healthcare,2015,2.592,
NOR,Norway,HP52,Retail sellers and other suppliers of durable medical goods and medical appliances,2015,0.354,
NOR,Norway,HP35,Providers of home healthcare services,2015,1.222,
NOR,Norway,HP6,Providers of preventive care,2015,0.258,
NOR,Norway,HP9,Rest of the world,2015,0.02,
NOR,Norway,HP41,Providers of patient transportation and emergency rescue,2015,0.035,
NOR,Norway,HP51,Pharmacies,2015,0.666,
NOR,Norway,HP32,Dental practices,2015,0.492,
NOR,Norway,HP1,Hospitals,2015,3.971,
NOR,Norway,HP12,Mental health hospitals,2015,0.947,
NOR,Norway,HP42,Medical and diagnostic laboratories,2015,0.062,
NOR,Norway,HP82,All other industries as secondary providers of healthcare,2015,0.158,
NOR,Norway,HP31,Medical practices,2015,0.739,
NOR,Norway,HP33,Other healthcare practitioners,2015,0.14,
NOR,Norway,HP5,Retailers and other providers of medical goods,2015,1.021,
NOR,Norway,HP2,Residential long-term care facilities,2015,1.583,
NOR,Norway,HP21,Long-term nursing care facilities,2015,1.583,
NOR,Norway,HP21,Long-term nursing care facilities,2016,1.676,
NOR,Norway,HP2,Residential long-term care facilities,2016,1.676,
NOR,Norway,HP5,Retailers and other providers of medical goods,2016,1.055,
NOR,Norway,HP33,Other healthcare practitioners,2016,0.144,
NOR,Norway,HP31,Medical practices,2016,0.791,
NOR,Norway,HP82,All other industries as secondary providers of healthcare,2016,0.167,
NOR,Norway,HP42,Medical and diagnostic laboratories,2016,0.067,
NOR,Norway,HP12,Mental health hospitals,2016,0.955,
NOR,Norway,HP1,Hospitals,2016,4.083,
NOR,Norway,HP32,Dental practices,2016,0.516,
NOR,Norway,HP51,Pharmacies,2016,0.688,
NOR,Norway,HP41,Providers of patient transportation and emergency rescue,2016,0.036,
NOR,Norway,HP9,Rest of the world,2016,0.02,
NOR,Norway,HP6,Providers of preventive care,2016,0.261,
NOR,Norway,HP35,Providers of home healthcare services,2016,1.308,
NOR,Norway,HP52,Retail sellers and other suppliers of durable medical goods and medical appliances,2016,0.367,
NOR,Norway,HP3,Providers of ambulatory healthcare,2016,2.759,
NOR,Norway,HP8,Rest of the economy,2016,0.167,
NOR,Norway,HP7,Providers of healthcare system administration and financing,2016,0.07,
NOR,Norway,HP11,General hospitals,2016,3.127,
NOR,Norway,HP4,Providers of ancillary services,2016,0.103,
NOR,Norway,HP4,Providers of ancillary services,2017,0.1,
NOR,Norway,HP11,General hospitals,2017,2.97,
NOR,Norway,HP7,Providers of healthcare system administration and financing,2017,0.146,
NOR,Norway,HP8,Rest of the economy,2017,0.17,
NOR,Norway,HP3,Providers of ambulatory healthcare,2017,2.745,
NOR,Norway,HP52,Retail sellers and other suppliers of durable medical goods and medical appliances,2017,0.363,
NOR,Norway,HP35,Providers of home healthcare services,2017,1.326,
NOR,Norway,HP6,Providers of preventive care,2017,0.206,
NOR,Norway,HP9,Rest of the world,2017,0.021,
NOR,Norway,HP41,Providers of patient transportation and emergency rescue,2017,0.034,
NOR,Norway,HP51,Pharmacies,2017,0.673,
NOR,Norway,HP32,Dental practices,2017,0.501,
NOR,Norway,HP1,Hospitals,2017,3.866,
NOR,Norway,HP12,Mental health hospitals,2017,0.895,
NOR,Norway,HP42,Medical and diagnostic laboratories,2017,0.066,
NOR,Norway,HP82,All other industries as secondary providers of healthcare,2017,0.17,
NOR,Norway,HP31,Medical practices,2017,0.778,
NOR,Norway,HP33,Other healthcare practitioners,2017,0.139,
NOR,Norway,HP5,Retailers and other providers of medical goods,2017,1.037,
NOR,Norway,HP2,Residential long-term care facilities,2017,1.597,
NOR,Norway,HP21,Long-term nursing care facilities,2017,1.597,
NOR,Norway,HP21,Long-term nursing care facilities,2018,1.58,
NOR,Norway,HP2,Residential long-term care facilities,2018,1.58,
NOR,Norway,HP5,Retailers and other providers of medical goods,2018,0.975,
NOR,Norway,HP33,Other healthcare practitioners,2018,0.125,
NOR,Norway,HP31,Medical practices,2018,0.752,
NOR,Norway,HP82,All other industries as secondary providers of healthcare,2018,0.163,
NOR,Norway,HP42,Medical and diagnostic laboratories,2018,0.06,
NOR,Norway,HP12,Mental health hospitals,2018,0.867,
NOR,Norway,HP1,Hospitals,2018,3.775,
NOR,Norway,HP32,Dental practices,2018,0.464,
NOR,Norway,HP51,Pharmacies,2018,0.626,
NOR,Norway,HP41,Providers of patient transportation and emergency rescue,2018,0.035,
NOR,Norway,HP9,Rest of the world,2018,0.018,
NOR,Norway,HP6,Providers of preventive care,2018,0.209,
NOR,Norway,HP35,Providers of home healthcare services,2018,1.34,
NOR,Norway,HP52,Retail sellers and other suppliers of durable medical goods and medical appliances,2018,0.348,
NOR,Norway,HP3,Providers of ambulatory healthcare,2018,2.682,
NOR,Norway,HP8,Rest of the economy,2018,0.163,
NOR,Norway,HP7,Providers of healthcare system administration and financing,2018,0.14,
NOR,Norway,HP11,General hospitals,2018,2.908,
NOR,Norway,HP4,Providers of ancillary services,2018,0.094,
NOR,Norway,HP4,Providers of ancillary services,2019,0.102,
NOR,Norway,HP11,General hospitals,2019,3.043,
NOR,Norway,HP7,Providers of healthcare system administration and financing,2019,0.139,
NOR,Norway,HP8,Rest of the economy,2019,0.167,
NOR,Norway,HP3,Providers of ambulatory healthcare,2019,2.853,
NOR,Norway,HP52,Retail sellers and other suppliers of durable medical goods and medical appliances,2019,0.357,
NOR,Norway,HP35,Providers of home healthcare services,2019,1.454,
NOR,Norway,HP6,Providers of preventive care,2019,0.228,
NOR,Norway,HP9,Rest of the world,2019,0.019,
NOR,Norway,HP41,Providers of patient transportation and emergency rescue,2019,0.038,
NOR,Norway,HP51,Pharmacies,2019,0.627,
NOR,Norway,HP32,Dental practices,2019,0.484,
NOR,Norway,HP1,Hospitals,2019,3.938,
NOR,Norway,HP12,Mental health hospitals,2019,0.895,
NOR,Norway,HP42,Medical and diagnostic laboratories,2019,0.065,
NOR,Norway,HP82,All other industries as secondary providers of healthcare,2019,0.167,
NOR,Norway,HP31,Medical practices,2019,0.788,
NOR,Norway,HP33,Other healthcare practitioners,2019,0.127,
NOR,Norway,HP5,Retailers and other providers of medical goods,2019,0.985,
NOR,Norway,HP2,Residential long-term care facilities,2019,1.625,
NOR,Norway,HP21,Long-term nursing care facilities,2019,1.625,
NOR,Norway,HP21,Long-term nursing care facilities,2020,1.752,
NOR,Norway,HP2,Residential long-term care facilities,2020,1.752,
NOR,Norway,HP5,Retailers and other providers of medical goods,2020,1.068,
NOR,Norway,HP33,Other healthcare practitioners,2020,0.127,
NOR,Norway,HP31,Medical practices,2020,0.894,
NOR,Norway,HP82,All other industries as secondary providers of healthcare,2020,0.162,
NOR,Norway,HP42,Medical and diagnostic laboratories,2020,0.069,
NOR,Norway,HP12,Mental health hospitals,2020,0.954,
NOR,Norway,HP1,Hospitals,2020,4.279,
NOR,Norway,HP32,Dental practices,2020,0.524,
NOR,Norway,HP51,Pharmacies,2020,0.698,
NOR,Norway,HP41,Providers of patient transportation and emergency rescue,2020,0.045,
NOR,Norway,HP9,Rest of the world,2020,0.016,
NOR,Norway,HP6,Providers of preventive care,2020,0.305,
NOR,Norway,HP35,Providers of home healthcare services,2020,1.554,
NOR,Norway,HP52,Retail sellers and other suppliers of durable medical goods and medical appliances,2020,0.37,
NOR,Norway,HP3,Providers of ambulatory healthcare,2020,3.099,
NOR,Norway,HP8,Rest of the economy,2020,0.162,
NOR,Norway,HP7,Providers of healthcare system administration and financing,2020,0.192,
NOR,Norway,HP11,General hospitals,2020,3.325,
NOR,Norway,HP4,Providers of ancillary services,2020,0.114,
NOR,Norway,HP4,Providers of ancillary services,2021,0.097,
NOR,Norway,HP11,General hospitals,2021,2.859,
NOR,Norway,HP7,Providers of healthcare system administration and financing,2021,0.168,
NOR,Norway,HP8,Rest of the economy,2021,0.141,
NOR,Norway,HP3,Providers of ambulatory healthcare,2021,2.698,
NOR,Norway,HP52,Retail sellers and other suppliers of durable medical goods and medical appliances,2021,0.318,
NOR,Norway,HP35,Providers of home healthcare services,2021,1.339,
NOR,Norway,HP6,Providers of preventive care,2021,0.267,
NOR,Norway,HP9,Rest of the world,2021,0.014,
NOR,Norway,HP41,Providers of patient transportation and emergency rescue,2021,0.037,
NOR,Norway,HP51,Pharmacies,2021,0.611,
NOR,Norway,HP32,Dental practices,2021,0.459,
NOR,Norway,HP1,Hospitals,2021,3.683,
NOR,Norway,HP12,Mental health hospitals,2021,0.824,
NOR,Norway,HP42,Medical and diagnostic laboratories,2021,0.059,
NOR,Norway,HP82,All other industries as secondary providers of healthcare,2021,0.141,
NOR,Norway,HP31,Medical practices,2021,0.791,
NOR,Norway,HP33,Other healthcare practitioners,2021,0.109,
NOR,Norway,HP5,Retailers and other providers of medical goods,2021,0.928,
NOR,Norway,HP2,Residential long-term care facilities,2021,1.475,
NOR,Norway,HP21,Long-term nursing care facilities,2021,1.475,
NOR,Norway,HP21,Long-term nursing care facilities,2022,1.183,
NOR,Norway,HP2,Residential long-term care facilities,2022,1.183,
NOR,Norway,HP5,Retailers and other providers of medical goods,2022,0.745,
NOR,Norway,HP33,Other healthcare practitioners,2022,0.094,
NOR,Norway,HP31,Medical practices,2022,0.627,
NOR,Norway,HP82,All other industries as secondary providers of healthcare,2022,0.111,
NOR,Norway,HP42,Medical and diagnostic laboratories,2022,0.047,
NOR,Norway,HP12,Mental health hospitals,2022,0.666,
NOR,Norway,HP1,Hospitals,2022,2.978,
NOR,Norway,HP32,Dental practices,2022,0.367,
NOR,Norway,HP51,Pharmacies,2022,0.493,
NOR,Norway,HP41,Providers of patient transportation and emergency rescue,2022,0.03,
NOR,Norway,HP9,Rest of the world,2022,0.011,
NOR,Norway,HP6,Providers of preventive care,2022,0.216,
NOR,Norway,HP35,Providers of home healthcare services,2022,1.095,
NOR,Norway,HP52,Retail sellers and other suppliers of durable medical goods and medical appliances,2022,0.253,
NOR,Norway,HP3,Providers of ambulatory healthcare,2022,2.183,
LVA,Latvia,HP71,Government health administration agencies,2015,0.125,
LVA,Latvia,HP12,Mental health hospitals,2015,0.151,
LVA,Latvia,HP32,Dental practices,2015,0.259,
LVA,Latvia,HP41,Providers of patient transportation and emergency rescue,2015,0.198,
LVA,Latvia,HP11,General hospitals,2015,1.474,
LVA,Latvia,HP42,Medical and diagnostic laboratories,2015,0.245,
LVA,Latvia,HP3,Providers of ambulatory healthcare,2015,1.376,
LVA,Latvia,HP7,Providers of healthcare system administration and financing,2015,0.13,
LVA,Latvia,HP31,Medical practices,2015,0.503,
LVA,Latvia,HP2,Residential long-term care facilities,2015,0.19,
LVA,Latvia,HP5,Retailers and other providers of medical goods,2015,1.742,
LVA,Latvia,HP82,All other industries as secondary providers of healthcare,2015,0.032,
LVA,Latvia,HP4,Providers of ancillary services,2015,0.442,
LVA,Latvia,HP33,Other healthcare practitioners,2015,0.037,
LVA,Latvia,HP52,Retail sellers and other suppliers of durable medical goods and medical appliances,2015,0.124,
LVA,Latvia,HP51,Pharmacies,2015,1.619,
LVA,Latvia,HP1,Hospitals,2015,1.904,
LVA,Latvia,HP8,Rest of the economy,2015,0.032,
LVA,Latvia,HP13,Specialised hospitals (other than mental health hospitals),2015,0.279,
LVA,Latvia,HP22,Mental health and substance abuse facilities,2015,0.186,
LVA,Latvia,HP9,Rest of the world,2015,0.013,
LVA,Latvia,HP6,Providers of preventive care,2015,0.019,
LVA,Latvia,HP34,Ambulatory healthcare centres,2015,0.57,
LVA,Latvia,HP34,Ambulatory healthcare centres,2016,0.669,
LVA,Latvia,HP6,Providers of preventive care,2016,0.038,
LVA,Latvia,HP35,Providers of home healthcare services,2016,0.016,
LVA,Latvia,HP22,Mental health and substance abuse facilities,2016,0.173,
LVA,Latvia,HP13,Specialised hospitals (other than mental health hospitals),2016,0.306,
LVA,Latvia,HP8,Rest of the economy,2016,0.029,
LVA,Latvia,HP1,Hospitals,2016,2.004,
LVA,Latvia,HP51,Pharmacies,2016,1.838,
LVA,Latvia,HP52,Retail sellers and other suppliers of durable medical goods and medical appliances,2016,0.133,
LVA,Latvia,HP33,Other healthcare practitioners,2016,0.064,
LVA,Latvia,HP4,Providers of ancillary services,2016,0.409,
LVA,Latvia,HP82,All other industries as secondary providers of healthcare,2016,0.028,
LVA,Latvia,HP5,Retailers and other providers of medical goods,2016,1.971,
LVA,Latvia,HP2,Residential long-term care facilities,2016,0.179,
LVA,Latvia,HP31,Medical practices,2016,0.495,
LVA,Latvia,HP7,Providers of healthcare system administration and financing,2016,0.139,
LVA,Latvia,HP3,Providers of ambulatory healthcare,2016,1.584,
LVA,Latvia,HP42,Medical and diagnostic laboratories,2016,0.212,
LVA,Latvia,HP11,General hospitals,2016,1.545,
LVA,Latvia,HP41,Providers of patient transportation and emergency rescue,2016,0.197,
LVA,Latvia,HP32,Dental practices,2016,0.34,
LVA,Latvia,HP12,Mental health hospitals,2016,0.153,
LVA,Latvia,HP71,Government health administration agencies,2016,0.134,
LVA,Latvia,HP71,Government health administration agencies,2017,0.133,
LVA,Latvia,HP12,Mental health hospitals,2017,0.144,
LVA,Latvia,HP32,Dental practices,2017,0.371,
LVA,Latvia,HP41,Providers of patient transportation and emergency rescue,2017,0.2,
LVA,Latvia,HP11,General hospitals,2017,1.526,
LVA,Latvia,HP42,Medical and diagnostic laboratories,2017,0.205,
LVA,Latvia,HP3,Providers of ambulatory healthcare,2017,1.531,
LVA,Latvia,HP7,Providers of healthcare system administration and financing,2017,0.137,
LVA,Latvia,HP31,Medical practices,2017,0.424,
LVA,Latvia,HP2,Residential long-term care facilities,2017,0.183,
LVA,Latvia,HP5,Retailers and other providers of medical goods,2017,1.872,
LVA,Latvia,HP82,All other industries as secondary providers of healthcare,2017,0.031,
LVA,Latvia,HP4,Providers of ancillary services,2017,0.405,
LVA,Latvia,HP33,Other healthcare practitioners,2017,0.071,
LVA,Latvia,HP52,Retail sellers and other suppliers of durable medical goods and medical appliances,2017,0.132,
LVA,Latvia,HP51,Pharmacies,2017,1.74,
LVA,Latvia,HP1,Hospitals,2017,2,
LVA,Latvia,HP8,Rest of the economy,2017,0.035,
LVA,Latvia,HP13,Specialised hospitals (other than mental health hospitals),2017,0.331,
LVA,Latvia,HP22,Mental health and substance abuse facilities,2017,0.173,
LVA,Latvia,HP35,Providers of home healthcare services,2017,0.017,
LVA,Latvia,HP6,Providers of preventive care,2017,0.023,
LVA,Latvia,HP34,Ambulatory healthcare centres,2017,0.648,
LVA,Latvia,HP34,Ambulatory healthcare centres,2018,0.696,
LVA,Latvia,HP6,Providers of preventive care,2018,0.03,
LVA,Latvia,HP35,Providers of home healthcare services,2018,0.017,
LVA,Latvia,HP22,Mental health and substance abuse facilities,2018,0.18,
LVA,Latvia,HP13,Specialised hospitals (other than mental health hospitals),2018,0.344,
LVA,Latvia,HP8,Rest of the economy,2018,0.033,
LVA,Latvia,HP1,Hospitals,2018,2.152,
LVA,Latvia,HP51,Pharmacies,2018,1.733,
LVA,Latvia,HP52,Retail sellers and other suppliers of durable medical goods and medical appliances,2018,0.131,
LVA,Latvia,HP33,Other healthcare practitioners,2018,0.069,
LVA,Latvia,HP4,Providers of ancillary services,2018,0.439,
LVA,Latvia,HP82,All other industries as secondary providers of healthcare,2018,0.029,
LVA,Latvia,HP5,Retailers and other providers of medical goods,2018,1.864,
LVA,Latvia,HP2,Residential long-term care facilities,2018,0.183,
LVA,Latvia,HP31,Medical practices,2018,0.459,
LVA,Latvia,HP7,Providers of healthcare system administration and financing,2018,0.081,
LVA,Latvia,HP3,Providers of ambulatory healthcare,2018,1.627,
LVA,Latvia,HP42,Medical and diagnostic laboratories,2018,0.223,
LVA,Latvia,HP11,General hospitals,2018,1.652,
LVA,Latvia,HP41,Providers of patient transportation and emergency rescue,2018,0.216,
LVA,Latvia,HP32,Dental practices,2018,0.385,
LVA,Latvia,HP12,Mental health hospitals,2018,0.156,
LVA,Latvia,HP71,Government health administration agencies,2018,0.079,
LVA,Latvia,HP71,Government health administration agencies,2019,0.079,
LVA,Latvia,HP12,Mental health hospitals,2019,0.184,
LVA,Latvia,HP32,Dental practices,2019,0.435,
LVA,Latvia,HP41,Providers of patient transportation and emergency rescue,2019,0.253,
LVA,Latvia,HP11,General hospitals,2019,1.808,
LVA,Latvia,HP42,Medical and diagnostic laboratories,2019,0.249,
LVA,Latvia,HP3,Providers of ambulatory healthcare,2019,1.784,
LVA,Latvia,HP7,Providers of healthcare system administration and financing,2019,0.166,
LVA,Latvia,HP31,Medical practices,2019,0.519,
LVA,Latvia,HP2,Residential long-term care facilities,2019,0.194,
LVA,Latvia,HP5,Retailers and other providers of medical goods,2019,1.791,
LVA,Latvia,HP82,All other industries as secondary providers of healthcare,2019,0.042,
LVA,Latvia,HP4,Providers of ancillary services,2019,0.503,
LVA,Latvia,HP33,Other healthcare practitioners,2019,0.054,
LVA,Latvia,HP52,Retail sellers and other suppliers of durable medical goods and medical appliances,2019,0.139,
LVA,Latvia,HP51,Pharmacies,2019,1.652,
LVA,Latvia,HP1,Hospitals,2019,2.353,
LVA,Latvia,HP8,Rest of the economy,2019,0.045,
LVA,Latvia,HP13,Specialised hospitals (other than mental health hospitals),2019,0.36,
LVA,Latvia,HP22,Mental health and substance abuse facilities,2019,0.189,
LVA,Latvia,HP35,Providers of home healthcare services,2019,0.018,
LVA,Latvia,HP6,Providers of preventive care,2019,0.028,
LVA,Latvia,HP34,Ambulatory healthcare centres,2019,0.757,
LVA,Latvia,HP34,Ambulatory healthcare centres,2020,0.803,
LVA,Latvia,HP6,Providers of preventive care,2020,0.031,
LVA,Latvia,HP35,Providers of home healthcare services,2020,0.022,
LVA,Latvia,HP22,Mental health and substance abuse facilities,2020,0.204,
LVA,Latvia,HP13,Specialised hospitals (other than mental health hospitals),2020,0.385,
LVA,Latvia,HP8,Rest of the economy,2020,0.047,
LVA,Latvia,HP1,Hospitals,2020,2.596,
LVA,Latvia,HP73,Private health insurance administration agencies,2020,0.088,
LVA,Latvia,HP51,Pharmacies,2020,1.749,
LVA,Latvia,HP52,Retail sellers and other suppliers of durable medical goods and medical appliances,2020,0.145,
LVA,Latvia,HP33,Other healthcare practitioners,2020,0.044,
LVA,Latvia,HP4,Providers of ancillary services,2020,0.69,
LVA,Latvia,HP82,All other industries as secondary providers of healthcare,2020,0.046,
LVA,Latvia,HP5,Retailers and other providers of medical goods,2020,1.894,
LVA,Latvia,HP2,Residential long-term care facilities,2020,0.208,
LVA,Latvia,HP31,Medical practices,2020,0.567,
LVA,Latvia,HP7,Providers of healthcare system administration and financing,2020,0.16,
LVA,Latvia,HP3,Providers of ambulatory healthcare,2020,1.879,
LVA,Latvia,HP42,Medical and diagnostic laboratories,2020,0.367,
LVA,Latvia,HP11,General hospitals,2020,2.002,
LVA,Latvia,HP41,Providers of patient transportation and emergency rescue,2020,0.323,
LVA,Latvia,HP32,Dental practices,2020,0.443,
LVA,Latvia,HP12,Mental health hospitals,2020,0.209,
LVA,Latvia,HP71,Government health administration agencies,2020,0.072,
LVA,Latvia,HP71,Government health administration agencies,2021,0.107,
LVA,Latvia,HP12,Mental health hospitals,2021,0.233,
LVA,Latvia,HP32,Dental practices,2021,0.479,
LVA,Latvia,HP41,Providers of patient transportation and emergency rescue,2021,0.307,
LVA,Latvia,HP11,General hospitals,2021,2.455,
LVA,Latvia,HP42,Medical and diagnostic laboratories,2021,0.602,
LVA,Latvia,HP3,Providers of ambulatory healthcare,2021,3.139,
LVA,Latvia,HP7,Providers of healthcare system administration and financing,2021,0.189,
LVA,Latvia,HP31,Medical practices,2021,1.528,
LVA,Latvia,HP2,Residential long-term care facilities,2021,0.203,
LVA,Latvia,HP5,Retailers and other providers of medical goods,2021,1.79,
LVA,Latvia,HP82,All other industries as secondary providers of healthcare,2021,0.056,
LVA,Latvia,HP4,Providers of ancillary services,2021,0.908,
LVA,Latvia,HP33,Other healthcare practitioners,2021,0.064,
LVA,Latvia,HP52,Retail sellers and other suppliers of durable medical goods and medical appliances,2021,0.146,
LVA,Latvia,HP51,Pharmacies,2021,1.644,
LVA,Latvia,HP73,Private health insurance administration agencies,2021,0.082,
LVA,Latvia,HP1,Hospitals,2021,3.089,
LVA,Latvia,HP8,Rest of the economy,2021,0.057,
LVA,Latvia,HP13,Specialised hospitals (other than mental health hospitals),2021,0.401,
LVA,Latvia,HP22,Mental health and substance abuse facilities,2021,0.2,
LVA,Latvia,HP35,Providers of home healthcare services,2021,0.025,
LVA,Latvia,HP6,Providers of preventive care,2021,0.035,
LVA,Latvia,HP34,Ambulatory healthcare centres,2021,1.042,
LVA,Latvia,HP34,Ambulatory healthcare centres,2022,0.909,
LVA,Latvia,HP6,Providers of preventive care,2022,0.033,
LVA,Latvia,HP35,Providers of home healthcare services,2022,0.027,
LVA,Latvia,HP22,Mental health and substance abuse facilities,2022,0.203,
LVA,Latvia,HP13,Specialised hospitals (other than mental health hospitals),2022,0.37,
LVA,Latvia,HP8,Rest of the economy,2022,0.067,
LVA,Latvia,HP1,Hospitals,2022,2.791,
LVA,Latvia,HP73,Private health insurance administration agencies,2022,0.078,
LVA,Latvia,HP51,Pharmacies,2022,1.555,
LVA,Latvia,HP52,Retail sellers and other suppliers of durable medical goods and medical appliances,2022,0.213,
LVA,Latvia,HP33,Other healthcare practitioners,2022,0.079,
LVA,Latvia,HP4,Providers of ancillary services,2022,0.759,
LVA,Latvia,HP82,All other industries as secondary providers of healthcare,2022,0.065,
LVA,Latvia,HP5,Retailers and other providers of medical goods,2022,1.769,
LVA,Latvia,HP2,Residential long-term care facilities,2022,0.205,
LVA,Latvia,HP31,Medical practices,2022,0.782,
LVA,Latvia,HP7,Providers of healthcare system administration and financing,2022,0.164,
LVA,Latvia,HP3,Providers of ambulatory healthcare,2022,2.317,
LVA,Latvia,HP42,Medical and diagnostic laboratories,2022,0.475,
LVA,Latvia,HP11,General hospitals,2022,2.203,
LVA,Latvia,HP41,Providers of patient transportation and emergency rescue,2022,0.284,
LVA,Latvia,HP32,Dental practices,2022,0.52,
LVA,Latvia,HP12,Mental health hospitals,2022,0.218,
LVA,Latvia,HP71,Government health administration agencies,2022,0.084,
LVA,Latvia,HP71,Government health administration agencies,2023,0.087,
LVA,Latvia,HP12,Mental health hospitals,2023,0.196,
LVA,Latvia,HP32,Dental practices,2023,0.512,
LVA,Latvia,HP41,Providers of patient transportation and emergency rescue,2023,0.28,
LVA,Latvia,HP11,General hospitals,2023,1.974,
LVA,Latvia,HP42,Medical and diagnostic laboratories,2023,0.239,
LVA,Latvia,HP3,Providers of ambulatory healthcare,2023,1.91,
LVA,Latvia,HP7,Providers of healthcare system administration and financing,2023,0.203,
LVA,Latvia,HP31,Medical practices,2023,0.494,
LVA,Latvia,HP2,Residential long-term care facilities,2023,0.218,
LVA,Latvia,HP5,Retailers and other providers of medical goods,2023,1.731,
LVA,Latvia,HP82,All other industries as secondary providers of healthcare,2023,0.096,
LVA,Latvia,HP4,Providers of ancillary services,2023,0.52,
LVA,Latvia,HP33,Other healthcare practitioners,2023,0.081,
LVA,Latvia,HP52,Retail sellers and other suppliers of durable medical goods and medical appliances,2023,0.144,
LVA,Latvia,HP51,Pharmacies,2023,1.587,
LVA,Latvia,HP73,Private health insurance administration agencies,2023,0.109,
LVA,Latvia,HP1,Hospitals,2023,2.536,
LVA,Latvia,HP8,Rest of the economy,2023,0.098,
LVA,Latvia,HP13,Specialised hospitals (other than mental health hospitals),2023,0.365,
LVA,Latvia,HP22,Mental health and substance abuse facilities,2023,0.217,
LVA,Latvia,HP35,Providers of home healthcare services,2023,0.024,
LVA,Latvia,HP6,Providers of preventive care,2023,0.028,
LVA,Latvia,HP34,Ambulatory healthcare centres,2023,0.799,
LVA,Latvia,HP34,Ambulatory healthcare centres,2024,0.979,
LVA,Latvia,HP6,Providers of preventive care,2024,0.028,
LVA,Latvia,HP9,Rest of the world,2024,0.014,
LVA,Latvia,HP35,Providers of home healthcare services,2024,0.057,
LVA,Latvia,HP22,Mental health and substance abuse facilities,2024,0.233,
LVA,Latvia,HP13,Specialised hospitals (other than mental health hospitals),2024,0.416,
LVA,Latvia,HP8,Rest of the economy,2024,0.112,
LVA,Latvia,HP1,Hospitals,2024,2.932,
LVA,Latvia,HP73,Private health insurance administration agencies,2024,0.151,
LVA,Latvia,HP29,Other residential long-term care facilities,2024,0.012,
LVA,Latvia,HP51,Pharmacies,2024,0.953,
LVA,Latvia,HP52,Retail sellers and other suppliers of durable medical goods and medical appliances,2024,0.151,
LVA,Latvia,HP33,Other healthcare practitioners,2024,0.104,
LVA,Latvia,HP4,Providers of ancillary services,2024,0.605,
LVA,Latvia,HP82,All other industries as secondary providers of healthcare,2024,0.111,
LVA,Latvia,HP5,Retailers and other providers of medical goods,2024,1.104,
LVA,Latvia,HP2,Residential long-term care facilities,2024,0.247,
LVA,Latvia,HP31,Medical practices,2024,0.685,
LVA,Latvia,HP7,Providers of healthcare system administration and financing,2024,0.64,
LVA,Latvia,HP3,Providers of ambulatory healthcare,2024,2.397,
LVA,Latvia,HP42,Medical and diagnostic laboratories,2024,0.307,
LVA,Latvia,HP11,General hospitals,2024,2.283,
LVA,Latvia,HP41,Providers of patient transportation and emergency rescue,2024,0.296,
LVA,Latvia,HP32,Dental practices,2024,0.572,
LVA,Latvia,HP12,Mental health hospitals,2024,0.233,
LVA,Latvia,HP71,Government health administration agencies,2024,0.482,
LVA,Latvia,HP79,Other administration agencies,2015,0.004,
LVA,Latvia,HP81,Households as providers of home healthcare,2017,0.004,
LVA,Latvia,HP79,Other administration agencies,2017,0.004,
LVA,Latvia,HP81,Households as providers of home healthcare,2018,0.004,
LVA,Latvia,HP21,Long-term nursing care facilities,2019,0.004,
LVA,Latvia,HP21,Long-term nursing care facilities,2017,0.009,
LVA,Latvia,HP21,Long-term nursing care facilities,2016,0.005,
LVA,Latvia,HP79,Other administration agencies,2024,0.008,
LVA,Latvia,HP35,Providers of home healthcare services,2015,0.006,
LVA,Latvia,HP79,Other administration agencies,2016,0.006,
LVA,Latvia,HP79,Other administration agencies,2023,0.006,
LVA,Latvia,HP21,Long-term nursing care facilities,2015,0.003,
LVA,Latvia,HP81,Households as providers of home healthcare,2019,0.003,
LVA,Latvia,HP21,Long-term nursing care facilities,2020,0.003,
LVA,Latvia,HP21,Long-term nursing care facilities,2018,0.002,
LVA,Latvia,HP79,Other administration agencies,2019,0.002,
LVA,Latvia,HP81,Households as providers of home healthcare,2020,0.002,
LVA,Latvia,HP21,Long-term nursing care facilities,2021,0.002,
LVA,Latvia,HP79,Other administration agencies,2022,0.002,
LVA,Latvia,HP21,Long-term nursing care facilities,2024,0.002,
LVA,Latvia,HP49,Other providers of ancillary services,2024,0.002,
LVA,Latvia,HP81,Households as providers of home healthcare,2024,0.002,
LVA,Latvia,HP29,Other residential long-term care facilities,2015,0.001,
LVA,Latvia,HP29,Other residential long-term care facilities,2016,0.001,
LVA,Latvia,HP81,Households as providers of home healthcare,2016,0.001,
LVA,Latvia,HP29,Other residential long-term care facilities,2017,0.001,
LVA,Latvia,HP29,Other residential long-term care facilities,2018,0.001,
LVA,Latvia,HP79,Other administration agencies,2018,0.001,
LVA,Latvia,HP29,Other residential long-term care facilities,2019,0.001,
LVA,Latvia,HP29,Other residential long-term care facilities,2020,0.001,
LVA,Latvia,HP79,Other administration agencies,2020,0.001,
LVA,Latvia,HP81,Households as providers of home healthcare,2021,0.001,
LVA,Latvia,HP29,Other residential long-term care facilities,2021,0.001,
LVA,Latvia,HP9,Rest of the world,2021,0.001,
LVA,Latvia,HP9,Rest of the world,2022,0.001,
LVA,Latvia,HP21,Long-term nursing care facilities,2022,0.001,
LVA,Latvia,HP29,Other residential long-term care facilities,2022,0.001,
LVA,Latvia,HP81,Households as providers of home healthcare,2022,0.001,
LVA,Latvia,HP81,Households as providers of home healthcare,2023,0.001,
LVA,Latvia,HP29,Other residential long-term care facilities,2023,0.001,
LVA,Latvia,HP49,Other providers of ancillary services,2015,0,
LVA,Latvia,HP49,Other providers of ancillary services,2021,0,
LVA,Latvia,HP79,Other administration agencies,2021,0,
LVA,Latvia,HP9,Rest of the world,2016,0,
LVA,Latvia,HP9,Rest of the world,2017,0,
LVA,Latvia,HP9,Rest of the world,2018,0,
LVA,Latvia,HP9,Rest of the world,2019,0,
LVA,Latvia,HP9,Rest of the world,2020,0,
LVA,Latvia,HP9,Rest of the world,2023,0,
LVA,Latvia,HP21,Long-term nursing care facilities,2023,0,
LVA,Latvia,_T,Total,2015,5.849,
LVA,Latvia,_T,Total,2016,6.352,
LVA,Latvia,_T,Total,2017,6.187,
LVA,Latvia,_T,Total,2018,6.409,
LVA,Latvia,_T,Total,2019,6.863,
LVA,Latvia,_T,Total,2020,7.506,
LVA,Latvia,_T,Total,2021,9.411,
LVA,Latvia,_T,Total,2022,8.107,
LVA,Latvia,_T,Total,2023,7.243,
LVA,Latvia,_T,Total,2024,8.08,
NOR,Norway,_T,Total,2015,9.756,
NOR,Norway,_T,Total,2016,10.192,
NOR,Norway,_T,Total,2017,9.887,
NOR,Norway,_T,Total,2018,9.636,
NOR,Norway,_T,Total,2019,10.057,
NOR,Norway,_T,Total,2020,10.987,
NOR,Norway,_T,Total,2021,9.471,
NOR,Norway,_T,Total,2022,7.639,
FIN,Finland,_T,Total,2016,9.456,
FIN,Finland,_T,Total,2017,9.191,
FIN,Finland,_T,Total,2018,9.103,
COL,Colombia,_T,Total,2018,7.718,
COL,Colombia,_T,Total,2019,7.834,
COL,Colombia,_T,Total,2020,8.698,
COL,Colombia,_T,Total,2021,9.142,
COL,Colombia,_T,Total,2022,7.59,
COL,Colombia,_T,Total,2023,8.145,
COL,Colombia,_T,Total,2024,8.527,
COL,Colombia,_T,Total,2015,7.523,
COL,Colombia,_T,Total,2017,7.679,
COL,Colombia,_T,Total,2016,7.531,
CZE,Czechia,_T,Total,2023,8.382,
CZE,Czechia,_T,Total,2020,8.97,
CZE,Czechia,_T,Total,2022,8.471,
CZE,Czechia,_T,Total,2021,9.154,
CAN,Canada,_T,Total,2015,10.757,
EST,Estonia,_T,Total,2019,6.648,
EST,Estonia,_T,Total,2018,6.563,
NZL,New Zealand,_T,Total,2015,8.893,
NZL,New Zealand,_T,Total,2016,8.774,
NZL,New Zealand,_T,Total,2017,8.626,
NZL,New Zealand,_T,Total,2018,8.58,
NZL,New Zealand,_T,Total,2019,8.616,
NZL,New Zealand,_T,Total,2020,9.24,
NZL,New Zealand,_T,Total,2021,9.56,
NZL,New Zealand,_T,Total,2022,10.559,
NZL,New Zealand,_T,Total,2023,10.083,
CRI,Costa Rica,HP13,Specialised hospitals (other than mental health hospitals),2019,1.796,B
CRI,Costa Rica,HP82,All other industries as secondary providers of healthcare,2019,0.052,B
CRI,Costa Rica,HP33,Other healthcare practitioners,2019,0.041,B
CRI,Costa Rica,HP2,Residential long-term care facilities,2019,0.031,B
CRI,Costa Rica,HP3,Providers of ambulatory healthcare,2019,1.909,B
CRI,Costa Rica,HP52,Retail sellers and other suppliers of durable medical goods and medical appliances,2019,0.308,B
CRI,Costa Rica,HP22,Mental health and substance abuse facilities,2019,0.021,B
CRI,Costa Rica,HP35,Providers of home healthcare services,2019,0.006,B
CRI,Costa Rica,HP59,All other miscellaneous sellers and other suppliers of pharmaceuticals and medical goods,2019,0.004,B
CRI,Costa Rica,HP12,Mental health hospitals,2019,0.078,B
CRI,Costa Rica,_U,Unknown,2019,0.002,B
CRI,Costa Rica,HP7,Providers of healthcare system administration and financing,2019,0.596,B
CRI,Costa Rica,HP72,Social health insurance agencies,2019,0.435,B
CRI,Costa Rica,HP49,Other providers of ancillary services,2019,0,B
CRI,Costa Rica,HP71,Government health administration agencies,2019,0.162,B
CRI,Costa Rica,HP5,Retailers and other providers of medical goods,2019,0.908,B
CRI,Costa Rica,HP42,Medical and diagnostic laboratories,2019,0.088,B
CRI,Costa Rica,HP51,Pharmacies,2019,0.596,B
CRI,Costa Rica,HP41,Providers of patient transportation and emergency rescue,2019,0.011,B
CRI,Costa Rica,HP34,Ambulatory healthcare centres,2019,1.334,B
CRI,Costa Rica,HP32,Dental practices,2019,0.137,B
CRI,Costa Rica,HP31,Medical practices,2018,0.416,B
CRI,Costa Rica,HP1,Hospitals,2018,3.556,B
CRI,Costa Rica,HP21,Long-term nursing care facilities,2018,0.011,B
CRI,Costa Rica,HP8,Rest of the economy,2018,0.053,B
CRI,Costa Rica,HP4,Providers of ancillary services,2018,0.1,B
CRI,Costa Rica,HP6,Providers of preventive care,2018,0.039,B
CRI,Costa Rica,HP11,General hospitals,2018,1.71,B
CRI,Costa Rica,HP32,Dental practices,2018,0.138,B
CRI,Costa Rica,HP34,Ambulatory healthcare centres,2018,1.361,B
CRI,Costa Rica,HP41,Providers of patient transportation and emergency rescue,2018,0.012,B
CRI,Costa Rica,HP51,Pharmacies,2018,0.603,B
CRI,Costa Rica,HP42,Medical and diagnostic laboratories,2018,0.088,B
CRI,Costa Rica,HP5,Retailers and other providers of medical goods,2018,0.94,B
CRI,Costa Rica,HP71,Government health administration agencies,2018,0.165,B
CRI,Costa Rica,HP72,Social health insurance agencies,2018,0.435,B
CRI,Costa Rica,HP7,Providers of healthcare system administration and financing,2018,0.6,B
CRI,Costa Rica,_U,Unknown,2018,0.002,B
CRI,Costa Rica,HP12,Mental health hospitals,2018,0.082,B
CRI,Costa Rica,HP59,All other miscellaneous sellers and other suppliers of pharmaceuticals and medical goods,2018,0.025,B
CRI,Costa Rica,HP35,Providers of home healthcare services,2018,0.007,B
CRI,Costa Rica,HP22,Mental health and substance abuse facilities,2018,0.021,B
CRI,Costa Rica,HP52,Retail sellers and other suppliers of durable medical goods and medical appliances,2018,0.312,B
CRI,Costa Rica,HP3,Providers of ambulatory healthcare,2018,1.964,B
CRI,Costa Rica,HP2,Residential long-term care facilities,2018,0.032,B
CRI,Costa Rica,HP33,Other healthcare practitioners,2018,0.041,B
CRI,Costa Rica,HP82,All other industries as secondary providers of healthcare,2018,0.053,B
CRI,Costa Rica,HP13,Specialised hospitals (other than mental health hospitals),2018,1.765,B
CRI,Costa Rica,HP49,Other providers of ancillary services,2018,0,B
DNK,Denmark,HP22,Mental health and substance abuse facilities,2016,0.037,
DNK,Denmark,HP51,Pharmacies,2016,0.554,
DNK,Denmark,HP1,Hospitals,2016,4.712,
DNK,Denmark,HP33,Other healthcare practitioners,2016,0.423,
DNK,Denmark,HP5,Retailers and other providers of medical goods,2016,1.082,
DNK,Denmark,HP11,General hospitals,2016,4.283,
DNK,Denmark,HP12,Mental health hospitals,2016,0.423,
DNK,Denmark,HP31,Medical practices,2016,0.605,
DNK,Denmark,HP52,Retail sellers and other suppliers of durable medical goods and medical appliances,2016,0.396,
DNK,Denmark,HP21,Long-term nursing care facilities,2016,1.119,
DNK,Denmark,HP2,Residential long-term care facilities,2016,1.156,
DNK,Denmark,HP2,Residential long-term care facilities,2017,1.127,
DNK,Denmark,HP21,Long-term nursing care facilities,2017,1.099,
DNK,Denmark,HP52,Retail sellers and other suppliers of durable medical goods and medical appliances,2017,0.397,
DNK,Denmark,HP31,Medical practices,2017,0.589,
DNK,Denmark,HP12,Mental health hospitals,2017,0.406,
DNK,Denmark,HP11,General hospitals,2017,4.221,
DNK,Denmark,HP5,Retailers and other providers of medical goods,2017,1.066,
DNK,Denmark,HP33,Other healthcare practitioners,2017,0.421,
DNK,Denmark,HP1,Hospitals,2017,4.635,
DNK,Denmark,HP51,Pharmacies,2017,0.528,
DNK,Denmark,HP22,Mental health and substance abuse facilities,2017,0.029,
DNK,Denmark,HP59,All other miscellaneous sellers and other suppliers of pharmaceuticals and medical goods,2017,0.141,
DNK,Denmark,HP34,Ambulatory healthcare centres,2017,0.057,
DNK,Denmark,HP71,Government health administration agencies,2017,0.445,
DNK,Denmark,HP35,Providers of home healthcare services,2017,1.045,
DNK,Denmark,HP73,Private health insurance administration agencies,2017,0.009,
DNK,Denmark,HP6,Providers of preventive care,2017,0.142,
DNK,Denmark,HP32,Dental practices,2017,0.553,
DNK,Denmark,HP9,Rest of the world,2017,0.016,
DNK,Denmark,HP3,Providers of ambulatory healthcare,2017,2.665,
DNK,Denmark,HP7,Providers of healthcare system administration and financing,2017,0.453,
DNK,Denmark,HP13,Specialised hospitals (other than mental health hospitals),2017,0.007,
DNK,Denmark,HP13,Specialised hospitals (other than mental health hospitals),2018,0.009,
DNK,Denmark,HP7,Providers of healthcare system administration and financing,2018,0.461,
DNK,Denmark,HP81,Households as providers of home healthcare,2018,0.009,
DNK,Denmark,HP3,Providers of ambulatory healthcare,2018,2.625,
DNK,Denmark,HP9,Rest of the world,2018,0.018,
DNK,Denmark,HP32,Dental practices,2018,0.548,
DNK,Denmark,HP6,Providers of preventive care,2018,0.133,
DNK,Denmark,HP73,Private health insurance administration agencies,2018,0.009,
DNK,Denmark,HP35,Providers of home healthcare services,2018,0.995,
DNK,Denmark,HP71,Government health administration agencies,2018,0.453,
DNK,Denmark,HP34,Ambulatory healthcare centres,2018,0.055,
DNK,Denmark,HP59,All other miscellaneous sellers and other suppliers of pharmaceuticals and medical goods,2018,0.142,
DNK,Denmark,HP22,Mental health and substance abuse facilities,2018,0.043,
DNK,Denmark,HP51,Pharmacies,2018,0.523,
DNK,Denmark,HP8,Rest of the economy,2018,0.009,
DNK,Denmark,HP1,Hospitals,2018,4.614,
DNK,Denmark,HP33,Other healthcare practitioners,2018,0.421,
DNK,Denmark,HP5,Retailers and other providers of medical goods,2018,1.076,
DNK,Denmark,HP11,General hospitals,2018,4.195,
DNK,Denmark,HP12,Mental health hospitals,2018,0.409,
DNK,Denmark,HP31,Medical practices,2018,0.607,
DNK,Denmark,HP52,Retail sellers and other suppliers of durable medical goods and medical appliances,2018,0.412,
DNK,Denmark,HP21,Long-term nursing care facilities,2018,1.161,
DNK,Denmark,HP2,Residential long-term care facilities,2018,1.205,
DNK,Denmark,HP2,Residential long-term care facilities,2019,1.196,
DNK,Denmark,HP21,Long-term nursing care facilities,2019,1.155,
DNK,Denmark,HP52,Retail sellers and other suppliers of durable medical goods and medical appliances,2019,0.417,
DNK,Denmark,HP31,Medical practices,2019,0.609,
DNK,Denmark,HP12,Mental health hospitals,2019,0.424,
DNK,Denmark,HP11,General hospitals,2019,4.193,
DNK,Denmark,HP5,Retailers and other providers of medical goods,2019,1.1,
DNK,Denmark,HP33,Other healthcare practitioners,2019,0.45,
DNK,Denmark,HP1,Hospitals,2019,4.624,
DNK,Denmark,HP8,Rest of the economy,2019,0.009,
DNK,Denmark,HP51,Pharmacies,2019,0.54,
DNK,Denmark,HP22,Mental health and substance abuse facilities,2019,0.041,
DNK,Denmark,HP59,All other miscellaneous sellers and other suppliers of pharmaceuticals and medical goods,2019,0.144,
DNK,Denmark,HP34,Ambulatory healthcare centres,2019,0.056,
DNK,Denmark,HP71,Government health administration agencies,2019,0.472,
DNK,Denmark,HP35,Providers of home healthcare services,2019,0.985,
DNK,Denmark,HP73,Private health insurance administration agencies,2019,0.009,
DNK,Denmark,HP6,Providers of preventive care,2019,0.131,
DNK,Denmark,HP32,Dental practices,2019,0.524,
DNK,Denmark,HP9,Rest of the world,2019,0.019,
DNK,Denmark,HP3,Providers of ambulatory healthcare,2019,2.624,
DNK,Denmark,HP81,Households as providers of home healthcare,2019,0.009,
DNK,Denmark,HP7,Providers of healthcare system administration and financing,2019,0.481,
DNK,Denmark,HP13,Specialised hospitals (other than mental health hospitals),2020,0.007,
DNK,Denmark,HP7,Providers of healthcare system administration and financing,2020,0.52,
DNK,Denmark,HP81,Households as providers of home healthcare,2020,0.01,
DNK,Denmark,HP3,Providers of ambulatory healthcare,2020,2.677,
DNK,Denmark,HP9,Rest of the world,2020,0.014,
DNK,Denmark,HP32,Dental practices,2020,0.514,
DNK,Denmark,HP6,Providers of preventive care,2020,0.183,
DNK,Denmark,HP73,Private health insurance administration agencies,2020,0.009,
DNK,Denmark,HP35,Providers of home healthcare services,2020,0.989,
DNK,Denmark,HP71,Government health administration agencies,2020,0.511,
DNK,Denmark,HP34,Ambulatory healthcare centres,2020,0.098,
DNK,Denmark,HP59,All other miscellaneous sellers and other suppliers of pharmaceuticals and medical goods,2020,0.156,
DNK,Denmark,HP22,Mental health and substance abuse facilities,2020,0.04,
DNK,Denmark,HP51,Pharmacies,2020,0.545,
DNK,Denmark,HP8,Rest of the economy,2020,0.01,
DNK,Denmark,HP1,Hospitals,2020,4.948,
DNK,Denmark,HP33,Other healthcare practitioners,2020,0.448,
DNK,Denmark,HP5,Retailers and other providers of medical goods,2020,1.116,
DNK,Denmark,HP11,General hospitals,2020,4.507,
DNK,Denmark,HP12,Mental health hospitals,2020,0.434,
DNK,Denmark,HP31,Medical practices,2020,0.629,
DNK,Denmark,HP52,Retail sellers and other suppliers of durable medical goods and medical appliances,2020,0.416,
DNK,Denmark,HP21,Long-term nursing care facilities,2020,1.185,
DNK,Denmark,HP2,Residential long-term care facilities,2020,1.224,
DNK,Denmark,HP2,Residential long-term care facilities,2021,1.161,
DNK,Denmark,HP21,Long-term nursing care facilities,2021,1.122,
DNK,Denmark,HP52,Retail sellers and other suppliers of durable medical goods and medical appliances,2021,0.456,
DNK,Denmark,HP31,Medical practices,2021,0.587,
DNK,Denmark,HP12,Mental health hospitals,2021,0.423,
DNK,Denmark,HP11,General hospitals,2021,4.231,
DNK,Denmark,HP5,Retailers and other providers of medical goods,2021,1.131,
DNK,Denmark,HP33,Other healthcare practitioners,2021,0.404,
DNK,Denmark,HP1,Hospitals,2021,4.66,
DNK,Denmark,HP51,Pharmacies,2021,0.496,
DNK,Denmark,HP22,Mental health and substance abuse facilities,2021,0.039,
DNK,Denmark,HP59,All other miscellaneous sellers and other suppliers of pharmaceuticals and medical goods,2021,0.178,
DNK,Denmark,HP34,Ambulatory healthcare centres,2021,0.514,
DNK,Denmark,HP71,Government health administration agencies,2021,0.456,
DNK,Denmark,HP35,Providers of home healthcare services,2021,0.959,
DNK,Denmark,HP6,Providers of preventive care,2021,0.354,
DNK,Denmark,HP32,Dental practices,2021,0.461,
DNK,Denmark,HP9,Rest of the world,2021,0.012,
DNK,Denmark,HP3,Providers of ambulatory healthcare,2021,2.925,
DNK,Denmark,HP7,Providers of healthcare system administration and financing,2021,0.464,
DNK,Denmark,HP13,Specialised hospitals (other than mental health hospitals),2022,0.005,
DNK,Denmark,HP7,Providers of healthcare system administration and financing,2022,0.397,
DNK,Denmark,HP81,Households as providers of home healthcare,2022,0.007,
DNK,Denmark,HP3,Providers of ambulatory healthcare,2022,2.481,
DNK,Denmark,HP9,Rest of the world,2022,0.013,
DNK,Denmark,HP32,Dental practices,2022,0.458,
DNK,Denmark,HP6,Providers of preventive care,2022,0.219,
DNK,Denmark,HP35,Providers of home healthcare services,2022,0.885,
DNK,Denmark,HP71,Government health administration agencies,2022,0.389,
DNK,Denmark,HP34,Ambulatory healthcare centres,2022,0.205,
DNK,Denmark,HP59,All other miscellaneous sellers and other suppliers of pharmaceuticals and medical goods,2022,0.132,
DNK,Denmark,HP22,Mental health and substance abuse facilities,2022,0.037,
DNK,Denmark,HP51,Pharmacies,2022,0.486,
DNK,Denmark,HP8,Rest of the economy,2022,0.007,
DNK,Denmark,HP1,Hospitals,2022,4.376,
DNK,Denmark,HP33,Other healthcare practitioners,2022,0.387,
DNK,Denmark,HP5,Retailers and other providers of medical goods,2022,1.022,
DNK,Denmark,HP11,General hospitals,2022,3.966,
DNK,Denmark,HP12,Mental health hospitals,2022,0.405,
DNK,Denmark,HP31,Medical practices,2022,0.546,
DNK,Denmark,HP52,Retail sellers and other suppliers of durable medical goods and medical appliances,2022,0.404,
DNK,Denmark,HP21,Long-term nursing care facilities,2022,1.051,
DNK,Denmark,HP2,Residential long-term care facilities,2022,1.088,
DNK,Denmark,HP2,Residential long-term care facilities,2023,1.108,
DNK,Denmark,HP21,Long-term nursing care facilities,2023,1.069,
DNK,Denmark,HP52,Retail sellers and other suppliers of durable medical goods and medical appliances,2023,0.446,
DNK,Denmark,HP31,Medical practices,2023,0.583,
DNK,Denmark,HP12,Mental health hospitals,2023,0.422,
DNK,Denmark,HP11,General hospitals,2023,3.915,
DNK,Denmark,HP5,Retailers and other providers of medical goods,2023,1.174,
DNK,Denmark,HP33,Other healthcare practitioners,2023,0.41,
DNK,Denmark,HP1,Hospitals,2023,4.343,
DNK,Denmark,HP51,Pharmacies,2023,0.604,
DNK,Denmark,HP22,Mental health and substance abuse facilities,2023,0.039,
DNK,Denmark,HP59,All other miscellaneous sellers and other suppliers of pharmaceuticals and medical goods,2023,0.123,
DNK,Denmark,HP34,Ambulatory healthcare centres,2023,0.053,
DNK,Denmark,HP71,Government health administration agencies,2023,0.389,
DNK,Denmark,HP35,Providers of home healthcare services,2023,0.909,
DNK,Denmark,HP6,Providers of preventive care,2023,0.152,
DNK,Denmark,HP32,Dental practices,2023,0.464,
DNK,Denmark,HP9,Rest of the world,2023,0.013,
DNK,Denmark,HP3,Providers of ambulatory healthcare,2023,2.419,
DNK,Denmark,HP7,Providers of healthcare system administration and financing,2023,0.397,
DNK,Denmark,HP7,Providers of healthcare system administration and financing,2024,0.398,
DNK,Denmark,HP3,Providers of ambulatory healthcare,2024,2.422,
DNK,Denmark,HP9,Rest of the world,2024,0.015,
DNK,Denmark,HP32,Dental practices,2024,0.463,
DNK,Denmark,HP6,Providers of preventive care,2024,0.145,
DNK,Denmark,HP73,Private health insurance administration agencies,2024,0.009,
DNK,Denmark,HP35,Providers of home healthcare services,2024,0.919,
DNK,Denmark,HP71,Government health administration agencies,2024,0.389,
DNK,Denmark,HP34,Ambulatory healthcare centres,2024,0.052,
DNK,Denmark,HP59,All other miscellaneous sellers and other suppliers of pharmaceuticals and medical goods,2024,0.12,
DNK,Denmark,HP22,Mental health and substance abuse facilities,2024,0.04,
DNK,Denmark,HP51,Pharmacies,2024,0.594,
DNK,Denmark,HP1,Hospitals,2024,4.348,
DNK,Denmark,HP33,Other healthcare practitioners,2024,0.408,
DNK,Denmark,HP5,Retailers and other providers of medical goods,2024,1.153,
DNK,Denmark,HP8,Rest of the economy,2016,0.008,
DNK,Denmark,HP8,Rest of the economy,2017,0.008,
DNK,Denmark,HP81,Households as providers of home healthcare,2017,0.008,
DNK,Denmark,HP8,Rest of the economy,2021,0.008,
DNK,Denmark,HP73,Private health insurance administration agencies,2021,0.008,
DNK,Denmark,HP81,Households as providers of home healthcare,2021,0.008,
DNK,Denmark,HP73,Private health insurance administration agencies,2022,0.008,
DNK,Denmark,HP8,Rest of the economy,2023,0.008,
DNK,Denmark,HP73,Private health insurance administration agencies,2023,0.008,
DNK,Denmark,HP81,Households as providers of home healthcare,2023,0.008,
DNK,Denmark,HP81,Households as providers of home healthcare,2024,0.008,
DNK,Denmark,HP8,Rest of the economy,2024,0.008,
FRA,France,HP5,Retailers and other providers of medical goods,2016,2.001,
FRA,France,HP52,Retail sellers and other suppliers of durable medical goods and medical appliances,2016,0.487,
FRA,France,HP35,Providers of home healthcare services,2016,0.15,
FRA,France,HP33,Other healthcare practitioners,2016,0.84,
FRA,France,HP12,Mental health hospitals,2016,0.418,
FRA,France,HP72,Social health insurance agencies,2016,0.311,
FRA,France,HP6,Providers of preventive care,2016,0.137,
FRA,France,HP6,Providers of preventive care,2021,0.247,
FRA,France,HP72,Social health insurance agencies,2021,0.263,
FRA,France,HP12,Mental health hospitals,2021,0.461,
FRA,France,HP33,Other healthcare practitioners,2021,0.952,
FRA,France,HP35,Providers of home healthcare services,2021,0.16,
FRA,France,HP52,Retail sellers and other suppliers of durable medical goods and medical appliances,2021,0.558,
FRA,France,HP5,Retailers and other providers of medical goods,2021,2.031,
FRA,France,HP31,Medical practices,2021,0.952,
FRA,France,HP11,General hospitals,2021,3.761,
FRA,France,HP6,Providers of preventive care,2017,0.144,
FRA,France,HP72,Social health insurance agencies,2017,0.303,
FRA,France,HP12,Mental health hospitals,2017,0.414,
FRA,France,HP33,Other healthcare practitioners,2017,0.845,
FRA,France,HP35,Providers of home healthcare services,2017,0.151,
FRA,France,HP52,Retail sellers and other suppliers of durable medical goods and medical appliances,2017,0.478,
FRA,France,HP5,Retailers and other providers of medical goods,2017,1.951,
FRA,France,HP31,Medical practices,2017,0.946,
FRA,France,HP11,General hospitals,2017,3.534,
FRA,France,HP41,Providers of patient transportation and emergency rescue,2017,0.132,
FRA,France,HP22,Mental health and substance abuse facilities,2017,0.071,
FRA,France,HP3,Providers of ambulatory healthcare,2017,2.58,
FRA,France,HP34,Ambulatory healthcare centres,2017,0.157,
FRA,France,HP82,All other industries as secondary providers of healthcare,2017,0.111,
FRA,France,HP42,Medical and diagnostic laboratories,2017,0.256,
FRA,France,HP71,Government health administration agencies,2017,0.044,
FRA,France,HP73,Private health insurance administration agencies,2017,0.318,
FRA,France,HP13,Specialised hospitals (other than mental health hospitals),2017,0.111,
FRA,France,HP2,Residential long-term care facilities,2017,1.349,
FRA,France,HP7,Providers of healthcare system administration and financing,2017,0.664,
FRA,France,HP1,Hospitals,2017,4.059,
FRA,France,HP21,Long-term nursing care facilities,2017,1.278,
FRA,France,HP4,Providers of ancillary services,2017,0.389,
FRA,France,HP59,All other miscellaneous sellers and other suppliers of pharmaceuticals and medical goods,2017,0.018,
FRA,France,HP32,Dental practices,2017,0.479,
FRA,France,HP51,Pharmacies,2017,1.455,
FRA,France,HP8,Rest of the economy,2017,0.111,
FRA,France,HP6,Providers of preventive care,2019,0.141,
FRA,France,HP72,Social health insurance agencies,2019,0.272,
FRA,France,HP12,Mental health hospitals,2019,0.406,
FRA,France,HP33,Other healthcare practitioners,2019,0.866,
FRA,France,HP35,Providers of home healthcare services,2019,0.153,
FRA,France,HP52,Retail sellers and other suppliers of durable medical goods and medical appliances,2019,0.506,
FRA,France,HP5,Retailers and other providers of medical goods,2019,1.903,
FRA,France,HP31,Medical practices,2019,0.931,
FRA,France,HP11,General hospitals,2019,3.4,
FRA,France,HP41,Providers of patient transportation and emergency rescue,2019,0.12,
FRA,France,HP22,Mental health and substance abuse facilities,2019,0.073,
FRA,France,HP3,Providers of ambulatory healthcare,2019,2.575,
FRA,France,HP34,Ambulatory healthcare centres,2019,0.166,
FRA,France,HP82,All other industries as secondary providers of healthcare,2019,0.11,
FRA,France,HP42,Medical and diagnostic laboratories,2019,0.253,
FRA,France,HP71,Government health administration agencies,2019,0.039,
FRA,France,HP73,Private health insurance administration agencies,2019,0.311,
FRA,France,HP13,Specialised hospitals (other than mental health hospitals),2019,0.109,
FRA,France,HP2,Residential long-term care facilities,2019,1.346,
FRA,France,HP7,Providers of healthcare system administration and financing,2019,0.622,
FRA,France,HP1,Hospitals,2019,3.914,
FRA,France,HP21,Long-term nursing care facilities,2019,1.273,
FRA,France,HP4,Providers of ancillary services,2019,0.373,
FRA,France,HP59,All other miscellaneous sellers and other suppliers of pharmaceuticals and medical goods,2019,0.018,
FRA,France,HP32,Dental practices,2019,0.459,
FRA,France,HP51,Pharmacies,2019,1.379,
FRA,France,HP8,Rest of the economy,2019,0.11,
FRA,France,HP8,Rest of the economy,2018,0.113,
FRA,France,HP51,Pharmacies,2018,1.428,
FRA,France,HP32,Dental practices,2018,0.466,
FRA,France,HP59,All other miscellaneous sellers and other suppliers of pharmaceuticals and medical goods,2018,0.018,
FRA,France,HP4,Providers of ancillary services,2018,0.378,
FRA,France,HP21,Long-term nursing care facilities,2018,1.272,
FRA,France,HP1,Hospitals,2018,3.973,
FRA,France,HP7,Providers of healthcare system administration and financing,2018,0.651,
FRA,France,HP2,Residential long-term care facilities,2018,1.344,
FRA,France,HP13,Specialised hospitals (other than mental health hospitals),2018,0.111,
FRA,France,HP73,Private health insurance administration agencies,2018,0.317,
FRA,France,HP71,Government health administration agencies,2018,0.042,
FRA,France,HP42,Medical and diagnostic laboratories,2018,0.249,
FRA,France,HP82,All other industries as secondary providers of healthcare,2018,0.113,
FRA,France,HP34,Ambulatory healthcare centres,2018,0.158,
FRA,France,HP3,Providers of ambulatory healthcare,2018,2.576,
FRA,France,HP22,Mental health and substance abuse facilities,2018,0.072,
FRA,France,HP41,Providers of patient transportation and emergency rescue,2018,0.128,
FRA,France,HP11,General hospitals,2018,3.454,
FRA,France,HP31,Medical practices,2018,0.945,
FRA,France,HP5,Retailers and other providers of medical goods,2018,1.936,
FRA,France,HP52,Retail sellers and other suppliers of durable medical goods and medical appliances,2018,0.49,
FRA,France,HP35,Providers of home healthcare services,2018,0.152,
FRA,France,HP33,Other healthcare practitioners,2018,0.854,
FRA,France,HP12,Mental health hospitals,2018,0.409,
FRA,France,HP72,Social health insurance agencies,2018,0.292,
FRA,France,HP6,Providers of preventive care,2018,0.14,
FRA,France,HP8,Rest of the economy,2020,0.113,
FRA,France,HP51,Pharmacies,2020,1.452,
FRA,France,HP32,Dental practices,2020,0.452,
FRA,France,HP59,All other miscellaneous sellers and other suppliers of pharmaceuticals and medical goods,2020,0.017,
FRA,France,HP4,Providers of ancillary services,2020,0.451,
FRA,France,HP21,Long-term nursing care facilities,2020,1.429,
FRA,France,HP1,Hospitals,2020,4.369,
FRA,France,HP7,Providers of healthcare system administration and financing,2020,0.653,
FRA,France,HP2,Residential long-term care facilities,2020,1.511,
FRA,France,HP13,Specialised hospitals (other than mental health hospitals),2020,0.107,
FRA,France,HP73,Private health insurance administration agencies,2020,0.329,
FRA,France,HP71,Government health administration agencies,2020,0.043,
FRA,France,HP42,Medical and diagnostic laboratories,2020,0.336,
FRA,France,HP82,All other industries as secondary providers of healthcare,2020,0.113,
FRA,France,HP34,Ambulatory healthcare centres,2020,0.184,
FRA,France,HP3,Providers of ambulatory healthcare,2020,2.655,
FRA,France,HP22,Mental health and substance abuse facilities,2020,0.083,
FRA,France,HP41,Providers of patient transportation and emergency rescue,2020,0.116,
FRA,France,HP11,General hospitals,2020,3.806,
FRA,France,HP31,Medical practices,2020,0.95,
FRA,France,HP5,Retailers and other providers of medical goods,2020,1.98,
FRA,France,HP52,Retail sellers and other suppliers of durable medical goods and medical appliances,2020,0.511,
FRA,France,HP35,Providers of home healthcare services,2020,0.166,
FRA,France,HP33,Other healthcare practitioners,2020,0.904,
FRA,France,HP12,Mental health hospitals,2020,0.456,
FRA,France,HP72,Social health insurance agencies,2020,0.281,
FRA,France,HP6,Providers of preventive care,2020,0.182,
CZE,Czechia,HP82,All other industries as secondary providers of healthcare,2018,0.121,
CZE,Czechia,HP51,Pharmacies,2018,1.004,
CZE,Czechia,_U,Unknown,2018,0.097,
CZE,Czechia,HP8,Rest of the economy,2018,0.121,
CZE,Czechia,HP7,Providers of healthcare system administration and financing,2018,0.168,
CZE,Czechia,HP4,Providers of ancillary services,2018,0.31,
CZE,Czechia,HP1,Hospitals,2018,3.274,
CZE,Czechia,HP42,Medical and diagnostic laboratories,2018,0.148,
CZE,Czechia,HP35,Providers of home healthcare services,2018,0.035,
CZE,Czechia,HP31,Medical practices,2018,0.888,
CZE,Czechia,HP21,Long-term nursing care facilities,2018,0.306,
CZE,Czechia,HP5,Retailers and other providers of medical goods,2018,1.158,
CZE,Czechia,HP2,Residential long-term care facilities,2018,0.591,
CZE,Czechia,HP71,Government health administration agencies,2018,0.044,
CZE,Czechia,HP9,Rest of the world,2018,0.011,
CZE,Czechia,HP72,Social health insurance agencies,2018,0.124,
CZE,Czechia,HP34,Ambulatory healthcare centres,2018,0.217,
CZE,Czechia,HP13,Specialised hospitals (other than mental health hospitals),2018,0.344,
CZE,Czechia,HP32,Dental practices,2018,0.356,
CZE,Czechia,HP11,General hospitals,2018,2.817,
CZE,Czechia,HP41,Providers of patient transportation and emergency rescue,2018,0.161,
CZE,Czechia,HP12,Mental health hospitals,2018,0.114,
CZE,Czechia,HP6,Providers of preventive care,2018,0.039,
CZE,Czechia,HP3,Providers of ambulatory healthcare,2018,1.603,
CZE,Czechia,HP33,Other healthcare practitioners,2018,0.106,
CZE,Czechia,HP22,Mental health and substance abuse facilities,2018,0.285,
CZE,Czechia,HP52,Retail sellers and other suppliers of durable medical goods and medical appliances,2018,0.151,
CZE,Czechia,HP3,Providers of ambulatory healthcare,2017,1.604,
CZE,Czechia,HP6,Providers of preventive care,2017,0.051,
CZE,Czechia,HP12,Mental health hospitals,2017,0.109,
CZE,Czechia,HP41,Providers of patient transportation and emergency rescue,2017,0.157,
CZE,Czechia,HP11,General hospitals,2017,2.75,
CZE,Czechia,HP32,Dental practices,2017,0.362,
CZE,Czechia,HP13,Specialised hospitals (other than mental health hospitals),2017,0.328,
CZE,Czechia,HP34,Ambulatory healthcare centres,2017,0.221,
CZE,Czechia,HP72,Social health insurance agencies,2017,0.123,
CZE,Czechia,HP9,Rest of the world,2017,0.01,
CZE,Czechia,HP71,Government health administration agencies,2017,0.043,
CZE,Czechia,HP2,Residential long-term care facilities,2017,0.547,
CZE,Czechia,HP5,Retailers and other providers of medical goods,2017,1.186,
CZE,Czechia,HP21,Long-term nursing care facilities,2017,0.289,
CZE,Czechia,HP31,Medical practices,2017,0.886,
CZE,Czechia,HP35,Providers of home healthcare services,2017,0.034,
CZE,Czechia,HP42,Medical and diagnostic laboratories,2017,0.142,
CZE,Czechia,HP1,Hospitals,2017,3.187,
CZE,Czechia,HP4,Providers of ancillary services,2017,0.299,
CZE,Czechia,HP7,Providers of healthcare system administration and financing,2017,0.167,
CZE,Czechia,HP8,Rest of the economy,2017,0.111,
CZE,Czechia,_U,Unknown,2017,0.081,
CZE,Czechia,HP51,Pharmacies,2017,1.027,
CZE,Czechia,HP82,All other industries as secondary providers of healthcare,2017,0.111,
CZE,Czechia,HP52,Retail sellers and other suppliers of durable medical goods and medical appliances,2019,0.149,
CZE,Czechia,HP22,Mental health and substance abuse facilities,2019,0.295,
CZE,Czechia,HP33,Other healthcare practitioners,2019,0.107,
CZE,Czechia,HP3,Providers of ambulatory healthcare,2019,1.644,
CZE,Czechia,HP6,Providers of preventive care,2019,0.037,
CZE,Czechia,HP12,Mental health hospitals,2019,0.105,
CZE,Czechia,HP41,Providers of patient transportation and emergency rescue,2019,0.162,
CZE,Czechia,HP11,General hospitals,2019,2.859,
CZE,Czechia,HP32,Dental practices,2019,0.364,
CZE,Czechia,HP13,Specialised hospitals (other than mental health hospitals),2019,0.357,
CZE,Czechia,HP34,Ambulatory healthcare centres,2019,0.227,
CZE,Czechia,HP72,Social health insurance agencies,2019,0.125,
CZE,Czechia,HP9,Rest of the world,2019,0.011,
CZE,Czechia,HP71,Government health administration agencies,2019,0.044,
CZE,Czechia,HP2,Residential long-term care facilities,2019,0.609,
CZE,Czechia,HP5,Retailers and other providers of medical goods,2019,1.15,
CZE,Czechia,HP21,Long-term nursing care facilities,2019,0.313,
CZE,Czechia,HP31,Medical practices,2019,0.909,
CZE,Czechia,HP35,Providers of home healthcare services,2019,0.037,
CRI,Costa Rica,HP72,Social health insurance agencies,2016,0.527,
CRI,Costa Rica,HP7,Providers of healthcare system administration and financing,2016,0.698,
CRI,Costa Rica,_U,Unknown,2016,0.011,
CRI,Costa Rica,HP12,Mental health hospitals,2016,0.103,
CRI,Costa Rica,HP35,Providers of home healthcare services,2016,0.005,
CRI,Costa Rica,HP52,Retail sellers and other suppliers of durable medical goods and medical appliances,2016,0.187,
CRI,Costa Rica,HP3,Providers of ambulatory healthcare,2016,2.024,
CRI,Costa Rica,HP33,Other healthcare practitioners,2016,0.041,
CRI,Costa Rica,HP82,All other industries as secondary providers of healthcare,2016,0.054,
CRI,Costa Rica,HP13,Specialised hospitals (other than mental health hospitals),2016,0.49,
CRI,Costa Rica,HP13,Specialised hospitals (other than mental health hospitals),2017,1.637,
CRI,Costa Rica,HP82,All other industries as secondary providers of healthcare,2017,0.052,
CRI,Costa Rica,HP33,Other healthcare practitioners,2017,0.049,
CRI,Costa Rica,HP2,Residential long-term care facilities,2017,0.027,
CRI,Costa Rica,HP3,Providers of ambulatory healthcare,2017,1.973,
CRI,Costa Rica,HP52,Retail sellers and other suppliers of durable medical goods and medical appliances,2017,0.177,
CRI,Costa Rica,HP22,Mental health and substance abuse facilities,2017,0.018,
CRI,Costa Rica,HP35,Providers of home healthcare services,2017,0.009,
CRI,Costa Rica,HP59,All other miscellaneous sellers and other suppliers of pharmaceuticals and medical goods,2017,0.018,
CRI,Costa Rica,HP12,Mental health hospitals,2017,0.082,
CRI,Costa Rica,HP7,Providers of healthcare system administration and financing,2017,0.666,
CRI,Costa Rica,HP72,Social health insurance agencies,2017,0.509,
CRI,Costa Rica,HP71,Government health administration agencies,2017,0.157,
CRI,Costa Rica,HP5,Retailers and other providers of medical goods,2017,0.666,
CRI,Costa Rica,HP42,Medical and diagnostic laboratories,2017,0.121,
CRI,Costa Rica,HP51,Pharmacies,2017,0.47,
CRI,Costa Rica,HP41,Providers of patient transportation and emergency rescue,2017,0.013,
CRI,Costa Rica,HP34,Ambulatory healthcare centres,2017,1.31,
CRI,Costa Rica,HP32,Dental practices,2017,0.241,
CRI,Costa Rica,HP11,General hospitals,2017,1.78,
CRI,Costa Rica,HP6,Providers of preventive care,2017,0.027,
CRI,Costa Rica,HP4,Providers of ancillary services,2017,0.134,
CRI,Costa Rica,HP8,Rest of the economy,2017,0.052,
CRI,Costa Rica,HP21,Long-term nursing care facilities,2017,0.009,
CRI,Costa Rica,HP1,Hospitals,2017,3.499,
CRI,Costa Rica,HP31,Medical practices,2017,0.363,
CRI,Costa Rica,HP2,Residential long-term care facilities,2016,0.006,
DNK,Denmark,HP13,Specialised hospitals (other than mental health hospitals),2019,0.006,
DNK,Denmark,HP13,Specialised hospitals (other than mental health hospitals),2021,0.006,
DNK,Denmark,HP13,Specialised hospitals (other than mental health hospitals),2023,0.006,
DNK,Denmark,HP13,Specialised hospitals (other than mental health hospitals),2024,0.006,
CZE,Czechia,HP59,All other miscellaneous sellers and other suppliers of pharmaceuticals and medical goods,2017,0.003,
CZE,Czechia,HP59,All other miscellaneous sellers and other suppliers of pharmaceuticals and medical goods,2018,0.003,
CZE,Czechia,HP59,All other miscellaneous sellers and other suppliers of pharmaceuticals and medical goods,2019,0.003,
CRI,Costa Rica,_U,Unknown,2017,0.002,
DNK,Denmark,HP4,Providers of ancillary services,2017,0.001,
DNK,Denmark,HP42,Medical and diagnostic laboratories,2017,0.001,
DNK,Denmark,HP42,Medical and diagnostic laboratories,2018,0.001,
DNK,Denmark,HP4,Providers of ancillary services,2018,0.001,
CRI,Costa Rica,HP49,Other providers of ancillary services,2017,0,
DNK,Denmark,HP4,Providers of ancillary services,2019,0,
DNK,Denmark,HP42,Medical and diagnostic laboratories,2019,0,
DNK,Denmark,HP42,Medical and diagnostic laboratories,2020,0,
DNK,Denmark,HP4,Providers of ancillary services,2020,0,
DNK,Denmark,HP4,Providers of ancillary services,2021,0,
DNK,Denmark,HP42,Medical and diagnostic laboratories,2021,0,
DNK,Denmark,HP42,Medical and diagnostic laboratories,2022,0,
DNK,Denmark,HP4,Providers of ancillary services,2022,0,
DNK,Denmark,HP4,Providers of ancillary services,2023,0,
DNK,Denmark,HP42,Medical and diagnostic laboratories,2023,0,
DNK,Denmark,HP42,Medical and diagnostic laboratories,2024,0,
DNK,Denmark,HP4,Providers of ancillary services,2024,0,
CZE,Czechia,HP29,Other residential long-term care facilities,2019,0,
CZE,Czechia,HP73,Private health insurance administration agencies,2019,0,
CZE,Czechia,HP29,Other residential long-term care facilities,2017,0,
CZE,Czechia,HP73,Private health insurance administration agencies,2017,0,
CZE,Czechia,HP73,Private health insurance administration agencies,2018,0,
CZE,Czechia,HP29,Other residential long-term care facilities,2018,0,
CRI,Costa Rica,_T,Total,2018,7.286,B
FRA,France,_T,Total,2020,11.916,
FRA,France,_T,Total,2019,10.984,
FRA,France,_T,Total,2017,11.245,
FRA,France,_T,Total,2018,11.11,
FRA,France,_T,Total,2021,12.08,
FRA,France,_T,Total,2016,11.346,
DNK,Denmark,_T,Total,2017,10.114,
DNK,Denmark,_T,Total,2018,10.142,
DNK,Denmark,_T,Total,2019,10.185,
DNK,Denmark,_T,Total,2020,10.692,
DNK,Denmark,_T,Total,2021,10.715,
DNK,Denmark,_T,Total,2022,9.603,
DNK,Denmark,_T,Total,2023,9.614,
DNK,Denmark,_T,Total,2024,9.593,
CZE,Czechia,_T,Total,2019,7.488,
CZE,Czechia,_T,Total,2017,7.242,
CZE,Czechia,_T,Total,2018,7.372,
CRI,Costa Rica,_T,Total,2017,7.045,
CRI,Costa Rica,HP31,Medical practices,2020,0.412,D
CRI,Costa Rica,HP1,Hospitals,2020,3.945,D
CRI,Costa Rica,HP21,Long-term nursing care facilities,2020,0.01,D
CRI,Costa Rica,HP8,Rest of the economy,2020,0.051,D
CRI,Costa Rica,HP4,Providers of ancillary services,2020,0.103,D
CRI,Costa Rica,HP6,Providers of preventive care,2020,0.164,D
CRI,Costa Rica,HP11,General hospitals,2020,1.88,D
CRI,Costa Rica,HP32,Dental practices,2020,0.134,D
CRI,Costa Rica,HP34,Ambulatory healthcare centres,2020,1.451,D
CRI,Costa Rica,HP41,Providers of patient transportation and emergency rescue,2020,0.019,D
CRI,Costa Rica,HP51,Pharmacies,2020,0.58,D
CRI,Costa Rica,HP42,Medical and diagnostic laboratories,2020,0.084,D
CRI,Costa Rica,HP5,Retailers and other providers of medical goods,2020,0.885,D
CRI,Costa Rica,HP71,Government health administration agencies,2020,0.112,D
CRI,Costa Rica,HP49,Other providers of ancillary services,2020,0.001,D
CRI,Costa Rica,HP72,Social health insurance agencies,2020,0.485,D
CRI,Costa Rica,HP7,Providers of healthcare system administration and financing,2020,0.597,D
CRI,Costa Rica,_U,Unknown,2020,0.002,D
CRI,Costa Rica,HP12,Mental health hospitals,2020,0.083,D
CRI,Costa Rica,HP59,All other miscellaneous sellers and other suppliers of pharmaceuticals and medical goods,2020,0,D
CRI,Costa Rica,HP35,Providers of home healthcare services,2020,0.007,D
CRI,Costa Rica,HP22,Mental health and substance abuse facilities,2020,0.022,D
CRI,Costa Rica,HP52,Retail sellers and other suppliers of durable medical goods and medical appliances,2020,0.305,D
CRI,Costa Rica,HP3,Providers of ambulatory healthcare,2020,2.046,D
CRI,Costa Rica,HP2,Residential long-term care facilities,2020,0.032,D
CRI,Costa Rica,HP33,Other healthcare practitioners,2020,0.041,D
CRI,Costa Rica,HP82,All other industries as secondary providers of healthcare,2020,0.051,D
CRI,Costa Rica,HP13,Specialised hospitals (other than mental health hospitals),2020,1.981,D
CRI,Costa Rica,HP11,General hospitals,2019,1.719,B
CRI,Costa Rica,HP6,Providers of preventive care,2019,0.03,B
CRI,Costa Rica,HP4,Providers of ancillary services,2019,0.1,B
CRI,Costa Rica,HP8,Rest of the economy,2019,0.052,B
CRI,Costa Rica,HP21,Long-term nursing care facilities,2019,0.011,B
CRI,Costa Rica,HP1,Hospitals,2019,3.593,B
CRI,Costa Rica,HP31,Medical practices,2019,0.391,B
CAN,Canada,HP4,Providers of ancillary services,2021,0.151,D
CAN,Canada,HP59,All other miscellaneous sellers and other suppliers of pharmaceuticals and medical goods,2021,0.149,D
CAN,Canada,HP21,Long-term nursing care facilities,2021,1.492,D
CAN,Canada,HP8,Rest of the economy,2021,0.023,D
CAN,Canada,HP34,Ambulatory healthcare centres,2021,0.055,D
CAN,Canada,HP51,Pharmacies,2021,1.716,D
CAN,Canada,HP73,Private health insurance administration agencies,2025,0.216,P
CAN,Canada,HP22,Mental health and substance abuse facilities,2025,0.026,P
CAN,Canada,HP51,Pharmacies,2022,1.628,D
CAN,Canada,HP34,Ambulatory healthcare centres,2022,0.054,D
CAN,Canada,HP8,Rest of the economy,2022,0.022,D
CAN,Canada,HP21,Long-term nursing care facilities,2022,1.476,D
CAN,Canada,HP59,All other miscellaneous sellers and other suppliers of pharmaceuticals and medical goods,2022,0.126,D
CAN,Canada,HP4,Providers of ancillary services,2022,0.158,D
CAN,Canada,HP29,Other residential long-term care facilities,2022,0.011,D
CAN,Canada,HP32,Dental practices,2022,0.659,D
CAN,Canada,HP12,Mental health hospitals,2022,0.1,D
CAN,Canada,HP71,Government health administration agencies,2022,0.164,D
CAN,Canada,HP11,General hospitals,2022,2.559,D
CAN,Canada,HP41,Providers of patient transportation and emergency rescue,2022,0.158,D
CAN,Canada,HP7,Providers of healthcare system administration and financing,2022,0.378,D
CAN,Canada,HP31,Medical practices,2022,1.536,D
CAN,Canada,HP33,Other healthcare practitioners,2022,0.401,D
CAN,Canada,HP1,Hospitals,2022,2.903,D
CAN,Canada,HP13,Specialised hospitals (other than mental health hospitals),2022,0.244,D
CAN,Canada,HP3,Providers of ambulatory healthcare,2022,3.112,D
CAN,Canada,HP81,Households as providers of home healthcare,2022,0.001,D
CAN,Canada,HP2,Residential long-term care facilities,2022,1.51,D
CAN,Canada,HP82,All other industries as secondary providers of healthcare,2022,0.022,D
CAN,Canada,HP52,Retail sellers and other suppliers of durable medical goods and medical appliances,2022,0.158,D
CAN,Canada,_U,Unknown,2022,0.359,D
CAN,Canada,HP5,Retailers and other providers of medical goods,2022,1.912,D
CAN,Canada,HP35,Providers of home healthcare services,2022,0.462,D
CAN,Canada,HP6,Providers of preventive care,2022,0.666,D
CAN,Canada,HP22,Mental health and substance abuse facilities,2022,0.024,D
CAN,Canada,HP73,Private health insurance administration agencies,2022,0.214,D
KOR,Korea,HP11,General hospitals,2021,2.731,B
KOR,Korea,HP13,Specialised hospitals (other than mental health hospitals),2021,0.781,B
KOR,Korea,HP29,Other residential long-term care facilities,2025,0.322,P
KOR,Korea,HP7,Providers of healthcare system administration and financing,2025,0.323,P
KOR,Korea,HP5,Retailers and other providers of medical goods,2025,1.329,P
KOR,Korea,HP1,Hospitals,2025,3.515,P
KOR,Korea,HP4,Providers of ancillary services,2025,0.134,P
KOR,Korea,HP41,Providers of patient transportation and emergency rescue,2025,0.012,P
KOR,Korea,HP82,All other industries as secondary providers of healthcare,2025,0.017,P
KOR,Korea,HP11,General hospitals,2025,2.744,P
KOR,Korea,HP72,Social health insurance agencies,2025,0.04,P
KOR,Korea,HP13,Specialised hospitals (other than mental health hospitals),2025,0.696,P
KOR,Korea,HP2,Residential long-term care facilities,2025,0.359,P
KOR,Korea,HP3,Providers of ambulatory healthcare,2025,2.615,P
KOR,Korea,HP6,Providers of preventive care,2025,0.155,P
KOR,Korea,HP73,Private health insurance administration agencies,2025,0.116,P
KOR,Korea,HP59,All other miscellaneous sellers and other suppliers of pharmaceuticals and medical goods,2025,0.089,P
KOR,Korea,HP22,Mental health and substance abuse facilities,2025,0.037,P
KOR,Korea,HP52,Retail sellers and other suppliers of durable medical goods and medical appliances,2025,0.102,P
KOR,Korea,HP35,Providers of home healthcare services,2025,0.374,P
KOR,Korea,HP12,Mental health hospitals,2025,0.075,P
KOR,Korea,HP71,Government health administration agencies,2025,0.166,P
KOR,Korea,HP32,Dental practices,2025,0.43,P
KOR,Korea,HP31,Medical practices,2025,1.811,P
KOR,Korea,HP51,Pharmacies,2025,1.138,P
KOR,Korea,HP8,Rest of the economy,2025,0.017,P
KOR,Korea,HP42,Medical and diagnostic laboratories,2025,0.122,P
KOR,Korea,HP33,Other healthcare practitioners,2025,0,P
KOR,Korea,HP81,Households as providers of home healthcare,2025,0,P
CAN,Canada,_T,Total,2022,11.02,D
CAN,Canada,_T,Total,2025,11.484,P
KOR,Korea,_T,Total,2025,8.448,P
PRT,Portugal,HP8,Rest of the economy,2015,0.385,
PRT,Portugal,HP51,Pharmacies,2015,1.482,
PRT,Portugal,HP52,Retail sellers and other suppliers of durable medical goods and medical appliances,2015,0.342,
PRT,Portugal,HP59,All other miscellaneous sellers and other suppliers of pharmaceuticals and medical goods,2015,0.048,
PRT,Portugal,HP73,Private health insurance administration agencies,2015,0.107,
PRT,Portugal,HP5,Retailers and other providers of medical goods,2015,1.872,
PRT,Portugal,HP2,Residential long-term care facilities,2015,0.172,
PRT,Portugal,HP81,Households as providers of home healthcare,2015,0.061,
PRT,Portugal,HP41,Providers of patient transportation and emergency rescue,2015,0.121,
PRT,Portugal,HP82,All other industries as secondary providers of healthcare,2015,0.324,
PRT,Portugal,HP1,Hospitals,2015,3.861,
PRT,Portugal,HP33,Other healthcare practitioners,2015,0.198,
PRT,Portugal,HP42,Medical and diagnostic laboratories,2015,0.344,
PRT,Portugal,HP71,Government health administration agencies,2015,0.084,
PRT,Portugal,HP4,Providers of ancillary services,2015,0.465,
PRT,Portugal,HP11,General hospitals,2015,3.791,
PRT,Portugal,HP7,Providers of healthcare system administration and financing,2015,0.191,
PRT,Portugal,HP9,Rest of the world,2015,0.051,
PRT,Portugal,HP31,Medical practices,2015,0.335,
PRT,Portugal,HP12,Mental health hospitals,2015,0.07,
PRT,Portugal,HP32,Dental practices,2015,0.352,
PRT,Portugal,HP34,Ambulatory healthcare centres,2015,1.518,
PRT,Portugal,HP3,Providers of ambulatory healthcare,2015,2.41,
PRT,Portugal,HP3,Providers of ambulatory healthcare,2016,2.405,
PRT,Portugal,HP34,Ambulatory healthcare centres,2016,1.502,
PRT,Portugal,HP32,Dental practices,2016,0.357,
PRT,Portugal,HP12,Mental health hospitals,2016,0.068,
PRT,Portugal,HP31,Medical practices,2016,0.337,
PRT,Portugal,HP9,Rest of the world,2016,0.08,
PRT,Portugal,HP7,Providers of healthcare system administration and financing,2016,0.195,
PRT,Portugal,HP11,General hospitals,2016,3.842,
PRT,Portugal,HP4,Providers of ancillary services,2016,0.451,
PRT,Portugal,HP71,Government health administration agencies,2016,0.079,
PRT,Portugal,HP42,Medical and diagnostic laboratories,2016,0.33,
PRT,Portugal,HP33,Other healthcare practitioners,2016,0.202,
PRT,Portugal,HP1,Hospitals,2016,3.91,
PRT,Portugal,HP82,All other industries as secondary providers of healthcare,2016,0.338,
PRT,Portugal,HP41,Providers of patient transportation and emergency rescue,2016,0.121,
PRT,Portugal,HP81,Households as providers of home healthcare,2016,0.064,
PRT,Portugal,HP2,Residential long-term care facilities,2016,0.168,
PRT,Portugal,HP5,Retailers and other providers of medical goods,2016,1.85,
PRT,Portugal,HP73,Private health insurance administration agencies,2016,0.117,
PRT,Portugal,HP59,All other miscellaneous sellers and other suppliers of pharmaceuticals and medical goods,2016,0.054,
PRT,Portugal,HP52,Retail sellers and other suppliers of durable medical goods and medical appliances,2016,0.348,
PRT,Portugal,HP51,Pharmacies,2016,1.448,
PRT,Portugal,HP8,Rest of the economy,2016,0.402,
PRT,Portugal,HP8,Rest of the economy,2017,0.401,
PRT,Portugal,HP51,Pharmacies,2017,1.401,
PRT,Portugal,HP52,Retail sellers and other suppliers of durable medical goods and medical appliances,2017,0.354,
PRT,Portugal,HP59,All other miscellaneous sellers and other suppliers of pharmaceuticals and medical goods,2017,0.064,
PRT,Portugal,HP73,Private health insurance administration agencies,2017,0.128,
PRT,Portugal,HP5,Retailers and other providers of medical goods,2017,1.818,
PRT,Portugal,HP2,Residential long-term care facilities,2017,0.172,
PRT,Portugal,HP81,Households as providers of home healthcare,2017,0.065,
PRT,Portugal,HP41,Providers of patient transportation and emergency rescue,2017,0.12,
PRT,Portugal,HP82,All other industries as secondary providers of healthcare,2017,0.335,
PRT,Portugal,HP1,Hospitals,2017,3.898,
PRT,Portugal,HP33,Other healthcare practitioners,2017,0.211,
PRT,Portugal,HP42,Medical and diagnostic laboratories,2017,0.318,
PRT,Portugal,HP71,Government health administration agencies,2017,0.072,
PRT,Portugal,HP4,Providers of ancillary services,2017,0.438,
PRT,Portugal,HP11,General hospitals,2017,3.832,
PRT,Portugal,HP7,Providers of healthcare system administration and financing,2017,0.2,
PRT,Portugal,HP9,Rest of the world,2017,0.06,
PRT,Portugal,HP31,Medical practices,2017,0.339,
PRT,Portugal,HP12,Mental health hospitals,2017,0.065,
PRT,Portugal,HP32,Dental practices,2017,0.379,
PRT,Portugal,HP34,Ambulatory healthcare centres,2017,1.479,
PRT,Portugal,HP3,Providers of ambulatory healthcare,2017,2.415,
PRT,Portugal,HP3,Providers of ambulatory healthcare,2018,2.431,
PRT,Portugal,HP34,Ambulatory healthcare centres,2018,1.473,
PRT,Portugal,HP32,Dental practices,2018,0.393,
PRT,Portugal,HP12,Mental health hospitals,2018,0.064,
PRT,Portugal,HP31,Medical practices,2018,0.337,
PRT,Portugal,HP9,Rest of the world,2018,0.079,
PRT,Portugal,HP7,Providers of healthcare system administration and financing,2018,0.208,
PRT,Portugal,HP11,General hospitals,2018,3.895,
PRT,Portugal,HP4,Providers of ancillary services,2018,0.434,
PRT,Portugal,HP71,Government health administration agencies,2018,0.086,
PRT,Portugal,HP42,Medical and diagnostic laboratories,2018,0.312,
PRT,Portugal,HP33,Other healthcare practitioners,2018,0.221,
PRT,Portugal,HP1,Hospitals,2018,3.959,
PRT,Portugal,HP82,All other industries as secondary providers of healthcare,2018,0.347,
PRT,Portugal,HP41,Providers of patient transportation and emergency rescue,2018,0.122,
PRT,Portugal,HP81,Households as providers of home healthcare,2018,0.069,
PRT,Portugal,HP2,Residential long-term care facilities,2018,0.169,
PRT,Portugal,HP5,Retailers and other providers of medical goods,2018,1.797,
PRT,Portugal,HP73,Private health insurance administration agencies,2018,0.121,
PRT,Portugal,HP59,All other miscellaneous sellers and other suppliers of pharmaceuticals and medical goods,2018,0.07,
PRT,Portugal,HP52,Retail sellers and other suppliers of durable medical goods and medical appliances,2018,0.345,
PRT,Portugal,HP51,Pharmacies,2018,1.382,
PRT,Portugal,HP8,Rest of the economy,2018,0.415,
PRT,Portugal,HP8,Rest of the economy,2019,0.421,
PRT,Portugal,HP51,Pharmacies,2019,1.407,
PRT,Portugal,HP52,Retail sellers and other suppliers of durable medical goods and medical appliances,2019,0.348,
PRT,Portugal,HP59,All other miscellaneous sellers and other suppliers of pharmaceuticals and medical goods,2019,0.071,
PRT,Portugal,HP73,Private health insurance administration agencies,2019,0.13,
PRT,Portugal,HP5,Retailers and other providers of medical goods,2019,1.826,
PRT,Portugal,HP2,Residential long-term care facilities,2019,0.166,
PRT,Portugal,HP81,Households as providers of home healthcare,2019,0.072,
PRT,Portugal,HP41,Providers of patient transportation and emergency rescue,2019,0.124,
PRT,Portugal,HP82,All other industries as secondary providers of healthcare,2019,0.348,
PRT,Portugal,HP1,Hospitals,2019,4.044,
PRT,Portugal,HP33,Other healthcare practitioners,2019,0.227,
PRT,Portugal,HP42,Medical and diagnostic laboratories,2019,0.31,
PRT,Portugal,HP71,Government health administration agencies,2019,0.077,
PRT,Portugal,HP4,Providers of ancillary services,2019,0.434,
PRT,Portugal,HP11,General hospitals,2019,3.98,
PRT,Portugal,HP7,Providers of healthcare system administration and financing,2019,0.206,
PRT,Portugal,HP9,Rest of the world,2019,0.067,
PRT,Portugal,HP31,Medical practices,2019,0.33,
PRT,Portugal,HP12,Mental health hospitals,2019,0.065,
PRT,Portugal,HP32,Dental practices,2019,0.405,
PRT,Portugal,HP34,Ambulatory healthcare centres,2019,1.464,
PRT,Portugal,HP3,Providers of ambulatory healthcare,2019,2.434,
PRT,Portugal,HP3,Providers of ambulatory healthcare,2020,2.466,
PRT,Portugal,HP34,Ambulatory healthcare centres,2020,1.538,
PRT,Portugal,HP32,Dental practices,2020,0.384,
PRT,Portugal,HP12,Mental health hospitals,2020,0.07,
PRT,Portugal,HP31,Medical practices,2020,0.31,
PRT,Portugal,HP9,Rest of the world,2020,0.061,
PRT,Portugal,HP7,Providers of healthcare system administration and financing,2020,0.271,
PRT,Portugal,HP11,General hospitals,2020,4.478,
PRT,Portugal,HP4,Providers of ancillary services,2020,0.523,
PRT,Portugal,HP71,Government health administration agencies,2020,0.095,
PRT,Portugal,HP42,Medical and diagnostic laboratories,2020,0.385,
PRT,Portugal,HP33,Other healthcare practitioners,2020,0.223,
PRT,Portugal,HP1,Hospitals,2020,4.547,
PRT,Portugal,HP82,All other industries as secondary providers of healthcare,2020,0.489,
PRT,Portugal,HP41,Providers of patient transportation and emergency rescue,2020,0.138,
PRT,Portugal,HP81,Households as providers of home healthcare,2020,0.078,
PRT,Portugal,HP2,Residential long-term care facilities,2020,0.194,
PRT,Portugal,HP5,Retailers and other providers of medical goods,2020,2.001,
PRT,Portugal,HP73,Private health insurance administration agencies,2020,0.176,
PRT,Portugal,HP59,All other miscellaneous sellers and other suppliers of pharmaceuticals and medical goods,2020,0.088,
PRT,Portugal,HP52,Retail sellers and other suppliers of durable medical goods and medical appliances,2020,0.357,
PRT,Portugal,HP51,Pharmacies,2020,1.556,
PRT,Portugal,HP8,Rest of the economy,2020,0.567,
PRT,Portugal,HP8,Rest of the economy,2021,0.536,
PRT,Portugal,HP51,Pharmacies,2021,1.574,
PRT,Portugal,HP52,Retail sellers and other suppliers of durable medical goods and medical appliances,2021,0.395,
PRT,Portugal,HP59,All other miscellaneous sellers and other suppliers of pharmaceuticals and medical goods,2021,0.077,
PRT,Portugal,HP73,Private health insurance administration agencies,2021,0.151,
PRT,Portugal,HP5,Retailers and other providers of medical goods,2021,2.046,
PRT,Portugal,HP2,Residential long-term care facilities,2021,0.198,
PRT,Portugal,HP81,Households as providers of home healthcare,2021,0.073,
PRT,Portugal,HP41,Providers of patient transportation and emergency rescue,2021,0.145,
PRT,Portugal,HP82,All other industries as secondary providers of healthcare,2021,0.464,
PRT,Portugal,HP1,Hospitals,2021,4.608,
PRT,Portugal,HP33,Other healthcare practitioners,2021,0.271,
PRT,Portugal,HP42,Medical and diagnostic laboratories,2021,0.509,
PRT,Portugal,HP71,Government health administration agencies,2021,0.113,
PRT,Portugal,HP4,Providers of ancillary services,2021,0.653,
PRT,Portugal,HP11,General hospitals,2021,4.54,
PRT,Portugal,HP7,Providers of healthcare system administration and financing,2021,0.265,
PRT,Portugal,HP9,Rest of the world,2021,0.056,
PRT,Portugal,HP31,Medical practices,2021,0.332,
PRT,Portugal,HP12,Mental health hospitals,2021,0.068,
PRT,Portugal,HP32,Dental practices,2021,0.455,
PRT,Portugal,HP34,Ambulatory healthcare centres,2021,1.779,
PRT,Portugal,HP3,Providers of ambulatory healthcare,2021,2.848,
PRT,Portugal,HP3,Providers of ambulatory healthcare,2022,2.681,
PRT,Portugal,HP34,Ambulatory healthcare centres,2022,1.63,
PRT,Portugal,HP32,Dental practices,2022,0.448,
PRT,Portugal,HP12,Mental health hospitals,2022,0.066,
PRT,Portugal,HP31,Medical practices,2022,0.321,
PRT,Portugal,HP9,Rest of the world,2022,0.061,
PRT,Portugal,HP7,Providers of healthcare system administration and financing,2022,0.235,
PRT,Portugal,HP11,General hospitals,2022,4.326,
PRT,Portugal,HP4,Providers of ancillary services,2022,0.547,
DEU,Germany,HP59,All other miscellaneous sellers and other suppliers of pharmaceuticals and medical goods,2018,0.115,
DEU,Germany,HP35,Providers of home healthcare services,2018,0.673,
DEU,Germany,HP52,Retail sellers and other suppliers of durable medical goods and medical appliances,2018,0.506,
DEU,Germany,HP82,All other industries as secondary providers of healthcare,2018,0.096,
DEU,Germany,HP82,All other industries as secondary providers of healthcare,2019,0.099,
DEU,Germany,HP52,Retail sellers and other suppliers of durable medical goods and medical appliances,2019,0.509,
DEU,Germany,HP35,Providers of home healthcare services,2019,0.701,
DEU,Germany,HP59,All other miscellaneous sellers and other suppliers of pharmaceuticals and medical goods,2019,0.075,
DEU,Germany,HP2,Residential long-term care facilities,2019,1.074,
DEU,Germany,HP33,Other healthcare practitioners,2019,0.459,
DEU,Germany,HP4,Providers of ancillary services,2019,0.17,
DEU,Germany,HP34,Ambulatory healthcare centres,2019,0.055,
DEU,Germany,HP51,Pharmacies,2019,1.54,
DEU,Germany,HP21,Long-term nursing care facilities,2019,1.074,
DEU,Germany,HP9,Rest of the world,2019,0.053,
DEU,Germany,HP13,Specialised hospitals (other than mental health hospitals),2019,0.301,
DEU,Germany,HP32,Dental practices,2019,0.795,
DEU,Germany,HP3,Providers of ambulatory healthcare,2019,3.566,
DEU,Germany,HP73,Private health insurance administration agencies,2019,0.111,
DEU,Germany,HP11,General hospitals,2019,2.927,
DEU,Germany,HP8,Rest of the economy,2019,0.533,
DEU,Germany,HP6,Providers of preventive care,2019,0.1,
DEU,Germany,HP81,Households as providers of home healthcare,2019,0.433,
DEU,Germany,HP72,Social health insurance agencies,2019,0.454,
DEU,Germany,HP5,Retailers and other providers of medical goods,2019,2.124,
DEU,Germany,HP7,Providers of healthcare system administration and financing,2019,0.572,
DEU,Germany,HP41,Providers of patient transportation and emergency rescue,2019,0.167,
DEU,Germany,HP31,Medical practices,2019,1.557,
DEU,Germany,HP1,Hospitals,2019,3.229,
DEU,Germany,HP1,Hospitals,2020,3.614,
DEU,Germany,HP31,Medical practices,2020,1.681,
DEU,Germany,HP41,Providers of patient transportation and emergency rescue,2020,0.191,
DEU,Germany,HP7,Providers of healthcare system administration and financing,2020,0.621,
DEU,Germany,HP5,Retailers and other providers of medical goods,2020,2.272,
DEU,Germany,HP72,Social health insurance agencies,2020,0.49,
DEU,Germany,HP81,Households as providers of home healthcare,2020,0.49,
DEU,Germany,HP6,Providers of preventive care,2020,0.135,
DEU,Germany,HP8,Rest of the economy,2020,0.585,
DEU,Germany,HP11,General hospitals,2020,3.317,
DEU,Germany,HP73,Private health insurance administration agencies,2020,0.123,
DEU,Germany,HP3,Providers of ambulatory healthcare,2020,3.813,
DEU,Germany,HP32,Dental practices,2020,0.776,
DEU,Germany,HP13,Specialised hospitals (other than mental health hospitals),2020,0.297,
DEU,Germany,HP9,Rest of the world,2020,0.053,
DEU,Germany,HP21,Long-term nursing care facilities,2020,1.173,
DEU,Germany,HP51,Pharmacies,2020,1.681,
DEU,Germany,HP34,Ambulatory healthcare centres,2020,0.057,
DEU,Germany,HP4,Providers of ancillary services,2020,0.195,
DEU,Germany,HP33,Other healthcare practitioners,2020,0.497,
DEU,Germany,HP2,Residential long-term care facilities,2020,1.173,
DEU,Germany,HP59,All other miscellaneous sellers and other suppliers of pharmaceuticals and medical goods,2020,0.081,
DEU,Germany,HP35,Providers of home healthcare services,2020,0.801,
DEU,Germany,HP52,Retail sellers and other suppliers of durable medical goods and medical appliances,2020,0.51,
DEU,Germany,HP82,All other industries as secondary providers of healthcare,2020,0.095,
DEU,Germany,HP82,All other industries as secondary providers of healthcare,2021,0.098,
DEU,Germany,HP52,Retail sellers and other suppliers of durable medical goods and medical appliances,2021,0.517,
DEU,Germany,HP35,Providers of home healthcare services,2021,0.818,
DEU,Germany,HP59,All other miscellaneous sellers and other suppliers of pharmaceuticals and medical goods,2021,0.07,
DEU,Germany,HP2,Residential long-term care facilities,2021,1.151,
DEU,Germany,HP33,Other healthcare practitioners,2021,0.504,
DEU,Germany,HP4,Providers of ancillary services,2021,0.195,
DEU,Germany,HP34,Ambulatory healthcare centres,2021,0.054,
DEU,Germany,HP51,Pharmacies,2021,1.777,
DEU,Germany,HP21,Long-term nursing care facilities,2021,1.151,
DEU,Germany,HP71,Government health administration agencies,2021,0.013,
DEU,Germany,HP9,Rest of the world,2021,0.043,
DEU,Germany,HP13,Specialised hospitals (other than mental health hospitals),2021,0.297,
DEU,Germany,HP32,Dental practices,2021,0.798,
DEU,Germany,HP3,Providers of ambulatory healthcare,2021,3.825,
DEU,Germany,HP73,Private health insurance administration agencies,2021,0.12,
DEU,Germany,HP11,General hospitals,2021,3.124,
DEU,Germany,HP8,Rest of the economy,2021,0.605,
DEU,Germany,HP6,Providers of preventive care,2021,0.501,
DEU,Germany,HP81,Households as providers of home healthcare,2021,0.507,
DEU,Germany,HP72,Social health insurance agencies,2021,0.467,
DEU,Germany,HP5,Retailers and other providers of medical goods,2021,2.364,
DEU,Germany,HP7,Providers of healthcare system administration and financing,2021,0.6,
DEU,Germany,HP41,Providers of patient transportation and emergency rescue,2021,0.192,
DEU,Germany,HP31,Medical practices,2021,1.652,
DEU,Germany,HP1,Hospitals,2021,3.421,
DEU,Germany,HP1,Hospitals,2022,3.305,
DEU,Germany,HP31,Medical practices,2022,1.649,
DEU,Germany,HP41,Providers of patient transportation and emergency rescue,2022,0.197,
DEU,Germany,HP7,Providers of healthcare system administration and financing,2022,0.589,
DEU,Germany,HP5,Retailers and other providers of medical goods,2022,2.166,
DEU,Germany,HP72,Social health insurance agencies,2022,0.458,
DEU,Germany,HP81,Households as providers of home healthcare,2022,0.501,
DEU,Germany,HP6,Providers of preventive care,2022,0.541,
DEU,Germany,HP8,Rest of the economy,2022,0.594,
DEU,Germany,HP11,General hospitals,2022,3.021,
DEU,Germany,HP73,Private health insurance administration agencies,2022,0.119,
DEU,Germany,HP3,Providers of ambulatory healthcare,2022,3.728,
DEU,Germany,HP32,Dental practices,2022,0.729,
DEU,Germany,HP13,Specialised hospitals (other than mental health hospitals),2022,0.284,
DEU,Germany,HP9,Rest of the world,2022,0.045,
DEU,Germany,HP71,Government health administration agencies,2022,0.012,
DEU,Germany,HP21,Long-term nursing care facilities,2022,1.132,
DEU,Germany,HP51,Pharmacies,2022,1.639,
DEU,Germany,HP34,Ambulatory healthcare centres,2022,0.05,
DEU,Germany,HP4,Providers of ancillary services,2022,0.201,
DEU,Germany,HP33,Other healthcare practitioners,2022,0.485,
DEU,Germany,HP2,Residential long-term care facilities,2022,1.132,
DEU,Germany,HP59,All other miscellaneous sellers and other suppliers of pharmaceuticals and medical goods,2022,0.069,
DEU,Germany,HP35,Providers of home healthcare services,2022,0.814,
DEU,Germany,HP52,Retail sellers and other suppliers of durable medical goods and medical appliances,2022,0.458,
DEU,Germany,HP82,All other industries as secondary providers of healthcare,2022,0.094,
DEU,Germany,HP82,All other industries as secondary providers of healthcare,2023,0.099,
EST,Estonia,HP7,Providers of healthcare system administration and financing,2019,0.125,
EST,Estonia,HP33,Other healthcare practitioners,2019,0.026,
EST,Estonia,HP12,Mental health hospitals,2019,0.017,
EST,Estonia,HP72,Social health insurance agencies,2019,0.047,
EST,Estonia,HP22,Mental health and substance abuse facilities,2019,0.095,
EST,Estonia,HP52,Retail sellers and other suppliers of durable medical goods and medical appliances,2019,0.19,
EST,Estonia,HP31,Medical practices,2019,0.672,
EST,Estonia,HP29,Other residential long-term care facilities,2019,0.304,
EST,Estonia,HP42,Medical and diagnostic laboratories,2019,0.029,
EST,Estonia,HP8,Rest of the economy,2019,0.069,
EST,Estonia,HP32,Dental practices,2019,0.576,
EST,Estonia,HP32,Dental practices,2020,0.603,
EST,Estonia,HP8,Rest of the economy,2020,0.083,
EST,Estonia,HP42,Medical and diagnostic laboratories,2020,0.128,
EST,Estonia,HP29,Other residential long-term care facilities,2020,0.354,
EST,Estonia,HP31,Medical practices,2020,0.813,
EST,Estonia,HP52,Retail sellers and other suppliers of durable medical goods and medical appliances,2020,0.199,
EST,Estonia,HP22,Mental health and substance abuse facilities,2020,0.098,
EST,Estonia,HP72,Social health insurance agencies,2020,0.055,
EST,Estonia,HP12,Mental health hospitals,2020,0.018,
EST,Estonia,HP33,Other healthcare practitioners,2020,0.019,
EST,Estonia,HP7,Providers of healthcare system administration and financing,2020,0.137,
EST,Estonia,HP82,All other industries as secondary providers of healthcare,2020,0.041,
EST,Estonia,HP34,Ambulatory healthcare centres,2020,0.254,
EST,Estonia,HP71,Government health administration agencies,2020,0.082,
EST,Estonia,HP51,Pharmacies,2020,1.118,
EST,Estonia,HP13,Specialised hospitals (other than mental health hospitals),2020,0.053,
EST,Estonia,HP5,Retailers and other providers of medical goods,2020,1.316,
EST,Estonia,HP21,Long-term nursing care facilities,2020,0.059,
EST,Estonia,HP4,Providers of ancillary services,2020,0.283,
EST,Estonia,HP1,Hospitals,2020,3.301,
EST,Estonia,HP11,General hospitals,2020,3.23,
EST,Estonia,HP41,Providers of patient transportation and emergency rescue,2020,0.153,
EST,Estonia,HP3,Providers of ambulatory healthcare,2020,1.709,
EST,Estonia,HP6,Providers of preventive care,2020,0.084,
EST,Estonia,HP9,Rest of the world,2020,0.048,
EST,Estonia,HP2,Residential long-term care facilities,2020,0.511,
EST,Estonia,HP35,Providers of home healthcare services,2020,0.02,
EST,Estonia,HP81,Households as providers of home healthcare,2020,0.042,
EST,Estonia,HP81,Households as providers of home healthcare,2021,0.039,
EST,Estonia,HP35,Providers of home healthcare services,2021,0.03,
EST,Estonia,HP2,Residential long-term care facilities,2021,0.493,
EST,Estonia,HP9,Rest of the world,2021,0.033,
EST,Estonia,HP6,Providers of preventive care,2021,0.049,
EST,Estonia,HP3,Providers of ambulatory healthcare,2021,1.801,
EST,Estonia,HP41,Providers of patient transportation and emergency rescue,2021,0.14,
EST,Estonia,HP11,General hospitals,2021,3.077,
EST,Estonia,HP1,Hospitals,2021,3.141,
EST,Estonia,HP4,Providers of ancillary services,2021,0.426,
EST,Estonia,HP21,Long-term nursing care facilities,2021,0.065,
EST,Estonia,HP5,Retailers and other providers of medical goods,2021,1.273,
EST,Estonia,HP13,Specialised hospitals (other than mental health hospitals),2021,0.06,
EST,Estonia,HP51,Pharmacies,2021,1.027,
EST,Estonia,HP71,Government health administration agencies,2021,0.101,
EST,Estonia,HP49,Other providers of ancillary services,2021,0.05,
EST,Estonia,HP34,Ambulatory healthcare centres,2021,0.321,
EST,Estonia,HP82,All other industries as secondary providers of healthcare,2021,0.075,
EST,Estonia,HP7,Providers of healthcare system administration and financing,2021,0.145,
EST,Estonia,HP33,Other healthcare practitioners,2021,0.038,
EST,Estonia,HP72,Social health insurance agencies,2021,0.044,
EST,Estonia,HP22,Mental health and substance abuse facilities,2021,0.089,
EST,Estonia,HP52,Retail sellers and other suppliers of durable medical goods and medical appliances,2021,0.241,
EST,Estonia,HP31,Medical practices,2021,0.79,
EST,Estonia,HP29,Other residential long-term care facilities,2021,0.339,
EST,Estonia,HP42,Medical and diagnostic laboratories,2021,0.235,
EST,Estonia,HP8,Rest of the economy,2021,0.114,
EST,Estonia,HP32,Dental practices,2021,0.623,
EST,Estonia,HP32,Dental practices,2022,0.655,
EST,Estonia,HP8,Rest of the economy,2022,0.093,
EST,Estonia,HP42,Medical and diagnostic laboratories,2022,0.034,
EST,Estonia,HP29,Other residential long-term care facilities,2022,0.343,
EST,Estonia,HP31,Medical practices,2022,0.816,
EST,Estonia,HP52,Retail sellers and other suppliers of durable medical goods and medical appliances,2022,0.218,
EST,Estonia,HP22,Mental health and substance abuse facilities,2022,0.089,
EST,Estonia,HP72,Social health insurance agencies,2022,0.048,
EST,Estonia,HP33,Other healthcare practitioners,2022,0.037,
EST,Estonia,HP7,Providers of healthcare system administration and financing,2022,0.14,
EST,Estonia,HP82,All other industries as secondary providers of healthcare,2022,0.058,
EST,Estonia,HP34,Ambulatory healthcare centres,2022,0.294,
EST,Estonia,HP49,Other providers of ancillary services,2022,0.042,
EST,Estonia,HP71,Government health administration agencies,2022,0.091,
EST,Estonia,HP51,Pharmacies,2022,0.983,
EST,Estonia,HP13,Specialised hospitals (other than mental health hospitals),2022,0.058,
EST,Estonia,HP5,Retailers and other providers of medical goods,2022,1.203,
EST,Estonia,HP21,Long-term nursing care facilities,2022,0.072,
EST,Estonia,HP4,Providers of ancillary services,2022,0.203,
EST,Estonia,HP1,Hospitals,2022,2.926,
EST,Estonia,HP11,General hospitals,2022,2.864,
EST,Estonia,HP41,Providers of patient transportation and emergency rescue,2022,0.127,
EST,Estonia,HP3,Providers of ambulatory healthcare,2022,1.828,
EST,Estonia,HP6,Providers of preventive care,2022,0.041,
EST,Estonia,HP9,Rest of the world,2022,0.027,
EST,Estonia,HP2,Residential long-term care facilities,2022,0.504,
EST,Estonia,HP35,Providers of home healthcare services,2022,0.026,
EST,Estonia,HP81,Households as providers of home healthcare,2022,0.035,
EST,Estonia,HP81,Households as providers of home healthcare,2023,0.036,
EST,Estonia,HP35,Providers of home healthcare services,2023,0.026,
EST,Estonia,HP2,Residential long-term care facilities,2023,0.593,
EST,Estonia,HP9,Rest of the world,2023,0.028,
EST,Estonia,HP6,Providers of preventive care,2023,0.041,
EST,Estonia,HP3,Providers of ambulatory healthcare,2023,1.917,
EST,Estonia,HP41,Providers of patient transportation and emergency rescue,2023,0.132,
EST,Estonia,HP11,General hospitals,2023,3.088,
EST,Estonia,HP1,Hospitals,2023,3.164,
CRI,Costa Rica,HP31,Medical practices,2024,0.319,
CRI,Costa Rica,HP1,Hospitals,2024,3.461,
CRI,Costa Rica,HP8,Rest of the economy,2024,0.059,
CRI,Costa Rica,HP4,Providers of ancillary services,2024,0.155,
CRI,Costa Rica,HP6,Providers of preventive care,2024,0.02,
CRI,Costa Rica,HP11,General hospitals,2024,1.853,
CRI,Costa Rica,HP32,Dental practices,2024,0.162,
CRI,Costa Rica,HP34,Ambulatory healthcare centres,2024,1.143,
CRI,Costa Rica,HP41,Providers of patient transportation and emergency rescue,2024,0.018,
CRI,Costa Rica,HP51,Pharmacies,2024,0.635,
CRI,Costa Rica,HP42,Medical and diagnostic laboratories,2024,0.135,
CRI,Costa Rica,HP5,Retailers and other providers of medical goods,2024,0.899,
CRI,Costa Rica,HP71,Government health administration agencies,2024,0.126,
CRI,Costa Rica,HP72,Social health insurance agencies,2024,0.451,
CRI,Costa Rica,HP7,Providers of healthcare system administration and financing,2024,0.577,
CRI,Costa Rica,HP12,Mental health hospitals,2024,0.066,
CRI,Costa Rica,HP35,Providers of home healthcare services,2024,0.04,
CRI,Costa Rica,HP22,Mental health and substance abuse facilities,2024,0.016,
CRI,Costa Rica,HP52,Retail sellers and other suppliers of durable medical goods and medical appliances,2024,0.263,
CRI,Costa Rica,HP13,Specialised hospitals (other than mental health hospitals),2021,1.92,
CRI,Costa Rica,HP82,All other industries as secondary providers of healthcare,2021,0.051,
CRI,Costa Rica,HP33,Other healthcare practitioners,2021,0.041,
CRI,Costa Rica,HP2,Residential long-term care facilities,2021,0.031,
CRI,Costa Rica,HP3,Providers of ambulatory healthcare,2021,1.963,
CRI,Costa Rica,HP52,Retail sellers and other suppliers of durable medical goods and medical appliances,2021,0.304,
CRI,Costa Rica,HP22,Mental health and substance abuse facilities,2021,0.02,
CRI,Costa Rica,HP12,Mental health hospitals,2021,0.087,
CRI,Costa Rica,HP7,Providers of healthcare system administration and financing,2021,0.625,
CRI,Costa Rica,HP72,Social health insurance agencies,2021,0.475,
CRI,Costa Rica,HP71,Government health administration agencies,2021,0.149,
CRI,Costa Rica,HP5,Retailers and other providers of medical goods,2021,0.884,
CRI,Costa Rica,HP42,Medical and diagnostic laboratories,2021,0.084,
CRI,Costa Rica,HP51,Pharmacies,2021,0.579,
CRI,Costa Rica,HP41,Providers of patient transportation and emergency rescue,2021,0.023,
CRI,Costa Rica,HP34,Ambulatory healthcare centres,2021,1.385,
CRI,Costa Rica,HP32,Dental practices,2021,0.135,
CRI,Costa Rica,HP11,General hospitals,2021,1.837,
CRI,Costa Rica,HP6,Providers of preventive care,2021,0.103,
CRI,Costa Rica,HP4,Providers of ancillary services,2021,0.108,
CRI,Costa Rica,HP8,Rest of the economy,2021,0.051,
CRI,Costa Rica,HP1,Hospitals,2021,3.844,
CRI,Costa Rica,HP31,Medical practices,2021,0.395,
CRI,Costa Rica,HP31,Medical practices,2022,0.377,
CRI,Costa Rica,HP1,Hospitals,2022,3.46,
CRI,Costa Rica,HP8,Rest of the economy,2022,0.052,
CRI,Costa Rica,HP4,Providers of ancillary services,2022,0.105,
CRI,Costa Rica,HP6,Providers of preventive care,2022,0.13,
CRI,Costa Rica,HP11,General hospitals,2022,1.714,
CRI,Costa Rica,HP32,Dental practices,2022,0.137,
CRI,Costa Rica,HP34,Ambulatory healthcare centres,2022,1.338,
CRI,Costa Rica,HP41,Providers of patient transportation and emergency rescue,2022,0.012,
CRI,Costa Rica,HP51,Pharmacies,2022,0.595,
CRI,Costa Rica,HP42,Medical and diagnostic laboratories,2022,0.091,
CRI,Costa Rica,HP5,Retailers and other providers of medical goods,2022,0.909,
CRI,Costa Rica,HP71,Government health administration agencies,2022,0.131,
CRI,Costa Rica,HP72,Social health insurance agencies,2022,0.465,
CRI,Costa Rica,HP7,Providers of healthcare system administration and financing,2022,0.596,
CRI,Costa Rica,HP12,Mental health hospitals,2022,0.072,
CRI,Costa Rica,HP22,Mental health and substance abuse facilities,2022,0.017,
CRI,Costa Rica,HP52,Retail sellers and other suppliers of durable medical goods and medical appliances,2022,0.314,
CRI,Costa Rica,HP3,Providers of ambulatory healthcare,2022,1.902,
CRI,Costa Rica,HP2,Residential long-term care facilities,2022,0.028,
CRI,Costa Rica,HP33,Other healthcare practitioners,2022,0.042,
CRI,Costa Rica,HP82,All other industries as secondary providers of healthcare,2022,0.052,
CRI,Costa Rica,HP13,Specialised hospitals (other than mental health hospitals),2022,1.675,
CRI,Costa Rica,HP13,Specialised hospitals (other than mental health hospitals),2023,1.638,
CRI,Costa Rica,HP82,All other industries as secondary providers of healthcare,2023,0.052,
CRI,Costa Rica,HP33,Other healthcare practitioners,2023,0.044,
CRI,Costa Rica,HP2,Residential long-term care facilities,2023,0.026,
CRI,Costa Rica,HP3,Providers of ambulatory healthcare,2023,1.851,
CRI,Costa Rica,HP52,Retail sellers and other suppliers of durable medical goods and medical appliances,2023,0.313,
CRI,Costa Rica,HP22,Mental health and substance abuse facilities,2023,0.016,
CRI,Costa Rica,HP12,Mental health hospitals,2023,0.064,
CRI,Costa Rica,HP7,Providers of healthcare system administration and financing,2023,0.556,
CRI,Costa Rica,HP72,Social health insurance agencies,2023,0.435,
CRI,Costa Rica,HP71,Government health administration agencies,2023,0.121,
CRI,Costa Rica,HP5,Retailers and other providers of medical goods,2023,0.907,
CRI,Costa Rica,HP42,Medical and diagnostic laboratories,2023,0.081,
CRI,Costa Rica,HP51,Pharmacies,2023,0.594,
CRI,Costa Rica,HP41,Providers of patient transportation and emergency rescue,2023,0.024,
CRI,Costa Rica,HP34,Ambulatory healthcare centres,2023,1.271,
CRI,Costa Rica,HP32,Dental practices,2023,0.138,
CRI,Costa Rica,HP11,General hospitals,2023,1.643,
CRI,Costa Rica,HP6,Providers of preventive care,2023,0.021,
CRI,Costa Rica,HP4,Providers of ancillary services,2023,0.105,
CRI,Costa Rica,HP8,Rest of the economy,2023,0.052,
CRI,Costa Rica,HP1,Hospitals,2023,3.345,
CRI,Costa Rica,HP31,Medical practices,2023,0.389,
DNK,Denmark,HP2,Residential long-term care facilities,2015,1.175,
DNK,Denmark,HP21,Long-term nursing care facilities,2015,1.138,
DNK,Denmark,HP52,Retail sellers and other suppliers of durable medical goods and medical appliances,2015,0.378,
DNK,Denmark,HP31,Medical practices,2015,0.625,
DNK,Denmark,HP12,Mental health hospitals,2015,0.425,
DNK,Denmark,HP11,General hospitals,2015,4.341,
DNK,Denmark,HP5,Retailers and other providers of medical goods,2015,1.085,
DNK,Denmark,HP33,Other healthcare practitioners,2015,0.409,
DNK,Denmark,HP1,Hospitals,2015,4.773,
DNK,Denmark,HP51,Pharmacies,2015,0.576,
DNK,Denmark,HP22,Mental health and substance abuse facilities,2015,0.038,
DNK,Denmark,HP59,All other miscellaneous sellers and other suppliers of pharmaceuticals and medical goods,2015,0.131,
DNK,Denmark,HP34,Ambulatory healthcare centres,2015,0.058,
DNK,Denmark,HP71,Government health administration agencies,2015,0.45,
DNK,Denmark,HP35,Providers of home healthcare services,2015,1.055,
DNK,Denmark,HP6,Providers of preventive care,2015,0.131,
DNK,Denmark,HP32,Dental practices,2015,0.564,
DNK,Denmark,HP9,Rest of the world,2015,0.016,
DNK,Denmark,HP3,Providers of ambulatory healthcare,2015,2.71,
DNK,Denmark,HP7,Providers of healthcare system administration and financing,2015,0.459,
DNK,Denmark,HP7,Providers of healthcare system administration and financing,2016,0.457,
DNK,Denmark,HP3,Providers of ambulatory healthcare,2016,2.694,
DNK,Denmark,HP9,Rest of the world,2016,0.015,
DNK,Denmark,HP32,Dental practices,2016,0.558,
DNK,Denmark,HP6,Providers of preventive care,2016,0.143,
DNK,Denmark,HP35,Providers of home healthcare services,2016,1.051,
DNK,Denmark,HP71,Government health administration agencies,2016,0.449,
DNK,Denmark,HP34,Ambulatory healthcare centres,2016,0.057,
DNK,Denmark,HP59,All other miscellaneous sellers and other suppliers of pharmaceuticals and medical goods,2016,0.132,
CAN,Canada,HP51,Pharmacies,2024,1.646,
CAN,Canada,HP34,Ambulatory healthcare centres,2024,0.055,
CAN,Canada,HP8,Rest of the economy,2024,0.022,
CAN,Canada,HP21,Long-term nursing care facilities,2024,1.611,
CAN,Canada,HP59,All other miscellaneous sellers and other suppliers of pharmaceuticals and medical goods,2024,0.176,
CAN,Canada,HP4,Providers of ancillary services,2024,0.178,
CAN,Canada,HP29,Other residential long-term care facilities,2024,0.012,
CAN,Canada,HP32,Dental practices,2024,0.716,
CAN,Canada,HP12,Mental health hospitals,2024,0.103,
CAN,Canada,HP71,Government health administration agencies,2024,0.172,
CAN,Canada,HP11,General hospitals,2024,2.752,
CAN,Canada,HP41,Providers of patient transportation and emergency rescue,2024,0.178,
CAN,Canada,HP7,Providers of healthcare system administration and financing,2024,0.39,
CAN,Canada,HP31,Medical practices,2024,1.715,
CAN,Canada,HP33,Other healthcare practitioners,2024,0.44,
CAN,Canada,HP1,Hospitals,2024,3.132,
CAN,Canada,HP13,Specialised hospitals (other than mental health hospitals),2024,0.276,
CAN,Canada,HP3,Providers of ambulatory healthcare,2024,3.452,
CAN,Canada,HP2,Residential long-term care facilities,2024,1.649,
CAN,Canada,HP82,All other industries as secondary providers of healthcare,2024,0.021,
CAN,Canada,HP52,Retail sellers and other suppliers of durable medical goods and medical appliances,2024,0.178,
CAN,Canada,_U,Unknown,2024,0.046,
CAN,Canada,HP5,Retailers and other providers of medical goods,2024,2.001,
CAN,Canada,HP35,Providers of home healthcare services,2024,0.526,
CAN,Canada,HP6,Providers of preventive care,2024,0.654,
CAN,Canada,HP22,Mental health and substance abuse facilities,2024,0.026,
CAN,Canada,HP73,Private health insurance administration agencies,2024,0.219,
CAN,Canada,HP73,Private health insurance administration agencies,2023,0.229,
CAN,Canada,HP22,Mental health and substance abuse facilities,2023,0.025,
CAN,Canada,HP6,Providers of preventive care,2023,0.699,
CAN,Canada,HP35,Providers of home healthcare services,2023,0.505,
CAN,Canada,HP5,Retailers and other providers of medical goods,2023,1.994,
CAN,Canada,_U,Unknown,2023,0.061,
CAN,Canada,HP52,Retail sellers and other suppliers of durable medical goods and medical appliances,2023,0.176,
CAN,Canada,HP82,All other industries as secondary providers of healthcare,2023,0.022,
CAN,Canada,HP2,Residential long-term care facilities,2023,1.599,
CAN,Canada,HP3,Providers of ambulatory healthcare,2023,3.32,
CAN,Canada,HP13,Specialised hospitals (other than mental health hospitals),2023,0.269,
CAN,Canada,HP1,Hospitals,2023,3.111,
CAN,Canada,HP33,Other healthcare practitioners,2023,0.43,
CAN,Canada,HP31,Medical practices,2023,1.619,
CAN,Canada,HP7,Providers of healthcare system administration and financing,2023,0.404,
CAN,Canada,HP41,Providers of patient transportation and emergency rescue,2023,0.179,
CAN,Canada,HP11,General hospitals,2023,2.74,
CAN,Canada,HP71,Government health administration agencies,2023,0.175,
CAN,Canada,HP12,Mental health hospitals,2023,0.102,
CAN,Canada,HP32,Dental practices,2023,0.707,
CAN,Canada,HP4,Providers of ancillary services,2023,0.179,
CAN,Canada,HP59,All other miscellaneous sellers and other suppliers of pharmaceuticals and medical goods,2023,0.165,
CAN,Canada,HP21,Long-term nursing care facilities,2023,1.562,
CAN,Canada,HP8,Rest of the economy,2023,0.022,
CAN,Canada,HP34,Ambulatory healthcare centres,2023,0.058,
CAN,Canada,HP51,Pharmacies,2023,1.654,
CAN,Canada,HP29,Other residential long-term care facilities,2023,0.011,
CRI,Costa Rica,HP21,Long-term nursing care facilities,2021,0.011,
CRI,Costa Rica,HP21,Long-term nursing care facilities,2022,0.011,
PRT,Portugal,HP6,Providers of preventive care,2015,0.011,
PRT,Portugal,HP6,Providers of preventive care,2016,0.011,
PRT,Portugal,HP6,Providers of preventive care,2018,0.011,
PRT,Portugal,HP6,Providers of preventive care,2019,0.011,
PRT,Portugal,HP6,Providers of preventive care,2020,0.011,
PRT,Portugal,HP35,Providers of home healthcare services,2020,0.011,
PRT,Portugal,HP35,Providers of home healthcare services,2021,0.011,
PRT,Portugal,HP6,Providers of preventive care,2021,0.011,
CRI,Costa Rica,HP21,Long-term nursing care facilities,2023,0.01,
PRT,Portugal,HP6,Providers of preventive care,2017,0.01,
CRI,Costa Rica,HP35,Providers of home healthcare services,2022,0.009,
DNK,Denmark,HP8,Rest of the economy,2015,0.009,
DNK,Denmark,HP73,Private health insurance administration agencies,2015,0.009,
DNK,Denmark,HP81,Households as providers of home healthcare,2015,0.009,
DNK,Denmark,HP73,Private health insurance administration agencies,2016,0.009,
PRT,Portugal,HP35,Providers of home healthcare services,2019,0.009,
CRI,Costa Rica,HP35,Providers of home healthcare services,2021,0.006,
DNK,Denmark,HP13,Specialised hospitals (other than mental health hospitals),2016,0.006,
PRT,Portugal,HP35,Providers of home healthcare services,2015,0.006,
PRT,Portugal,HP35,Providers of home healthcare services,2016,0.006,
EST,Estonia,HP59,All other miscellaneous sellers and other suppliers of pharmaceuticals and medical goods,2021,0.005,
DEU,Germany,HP71,Government health administration agencies,2019,0.007,
PRT,Portugal,HP35,Providers of home healthcare services,2017,0.007,
CRI,Costa Rica,HP35,Providers of home healthcare services,2023,0.008,
CRI,Costa Rica,HP21,Long-term nursing care facilities,2024,0.008,
DNK,Denmark,HP13,Specialised hospitals (other than mental health hospitals),2015,0.008,
DNK,Denmark,HP81,Households as providers of home healthcare,2016,0.008,
DEU,Germany,HP71,Government health administration agencies,2020,0.008,
PRT,Portugal,HP35,Providers of home healthcare services,2018,0.008,
EST,Estonia,HP12,Mental health hospitals,2021,0.004,
DEU,Germany,HP49,Other providers of ancillary services,2020,0.004,
DEU,Germany,HP49,Other providers of ancillary services,2021,0.004,
DEU,Germany,HP49,Other providers of ancillary services,2022,0.004,
EST,Estonia,HP12,Mental health hospitals,2022,0.003,
DEU,Germany,HP49,Other providers of ancillary services,2019,0.003,
CRI,Costa Rica,_U,Unknown,2021,0.002,
CRI,Costa Rica,_U,Unknown,2022,0.002,
CRI,Costa Rica,_U,Unknown,2023,0.002,
CRI,Costa Rica,HP49,Other providers of ancillary services,2024,0.002,
EST,Estonia,HP49,Other providers of ancillary services,2020,0.002,
EST,Estonia,HP59,All other miscellaneous sellers and other suppliers of pharmaceuticals and medical goods,2022,0.001,
CRI,Costa Rica,HP49,Other providers of ancillary services,2021,0.001,
CRI,Costa Rica,HP49,Other providers of ancillary services,2022,0.001,
CRI,Costa Rica,HP59,All other miscellaneous sellers and other suppliers of pharmaceuticals and medical goods,2024,0.001,
CAN,Canada,HP81,Households as providers of home healthcare,2023,0.001,
CAN,Canada,HP81,Households as providers of home healthcare,2024,0.001,
DNK,Denmark,HP42,Medical and diagnostic laboratories,2016,0,
DNK,Denmark,HP4,Providers of ancillary services,2016,0,
CRI,Costa Rica,HP59,All other miscellaneous sellers and other suppliers of pharmaceuticals and medical goods,2021,0,
CRI,Costa Rica,HP59,All other miscellaneous sellers and other suppliers of pharmaceuticals and medical goods,2022,0,
CRI,Costa Rica,HP49,Other providers of ancillary services,2023,0,
CRI,Costa Rica,_U,Unknown,2024,0,
EST,Estonia,HP59,All other miscellaneous sellers and other suppliers of pharmaceuticals and medical goods,2020,0,
KOR,Korea,HP29,Other residential long-term care facilities,2015,0.155,
KOR,Korea,HP7,Providers of healthcare system administration and financing,2015,0.204,
KOR,Korea,HP5,Retailers and other providers of medical goods,2015,1.148,
KOR,Korea,HP1,Hospitals,2015,2.964,
KOR,Korea,HP4,Providers of ancillary services,2015,0.063,
KOR,Korea,HP82,All other industries as secondary providers of healthcare,2015,0.014,
KOR,Korea,HP11,General hospitals,2015,2.424,
KOR,Korea,HP72,Social health insurance agencies,2015,0.064,
KOR,Korea,HP13,Specialised hospitals (other than mental health hospitals),2015,0.54,
KOR,Korea,HP2,Residential long-term care facilities,2015,0.175,
KOR,Korea,HP3,Providers of ambulatory healthcare,2015,1.766,
KOR,Korea,HP6,Providers of preventive care,2015,0.114,
KOR,Korea,HP73,Private health insurance administration agencies,2015,0.074,
KOR,Korea,HP59,All other miscellaneous sellers and other suppliers of pharmaceuticals and medical goods,2015,0.089,
KOR,Korea,HP22,Mental health and substance abuse facilities,2015,0.02,
KOR,Korea,HP52,Retail sellers and other suppliers of durable medical goods and medical appliances,2015,0.078,
KOR,Korea,HP35,Providers of home healthcare services,2015,0.119,
KOR,Korea,HP71,Government health administration agencies,2015,0.066,
KOR,Korea,HP32,Dental practices,2015,0.44,
KOR,Korea,HP31,Medical practices,2015,1.207,
KOR,Korea,HP51,Pharmacies,2015,0.981,
KOR,Korea,HP8,Rest of the economy,2015,0.014,
KOR,Korea,HP42,Medical and diagnostic laboratories,2015,0.052,
KOR,Korea,HP42,Medical and diagnostic laboratories,2016,0.059,
KOR,Korea,HP8,Rest of the economy,2016,0.014,
KOR,Korea,HP51,Pharmacies,2016,1.02,
KOR,Korea,HP31,Medical practices,2016,1.234,
KOR,Korea,HP32,Dental practices,2016,0.456,
KOR,Korea,HP71,Government health administration agencies,2016,0.054,
KOR,Korea,HP35,Providers of home healthcare services,2016,0.127,
KOR,Korea,HP52,Retail sellers and other suppliers of durable medical goods and medical appliances,2016,0.092,
KOR,Korea,HP22,Mental health and substance abuse facilities,2016,0.021,
KOR,Korea,HP59,All other miscellaneous sellers and other suppliers of pharmaceuticals and medical goods,2016,0.08,
KOR,Korea,HP73,Private health insurance administration agencies,2016,0.079,
KOR,Korea,HP6,Providers of preventive care,2016,0.113,
KOR,Korea,HP3,Providers of ambulatory healthcare,2016,1.818,
KOR,Korea,HP2,Residential long-term care facilities,2016,0.181,
KOR,Korea,HP13,Specialised hospitals (other than mental health hospitals),2016,0.593,
KOR,Korea,HP72,Social health insurance agencies,2016,0.066,
KOR,Korea,HP11,General hospitals,2016,2.442,
KOR,Korea,HP82,All other industries as secondary providers of healthcare,2016,0.014,
KOR,Korea,HP4,Providers of ancillary services,2016,0.07,
KOR,Korea,HP1,Hospitals,2016,3.035,
KOR,Korea,HP5,Retailers and other providers of medical goods,2016,1.192,
KOR,Korea,HP7,Providers of healthcare system administration and financing,2016,0.198,
KOR,Korea,HP29,Other residential long-term care facilities,2016,0.16,
KOR,Korea,HP29,Other residential long-term care facilities,2017,0.166,
KOR,Korea,HP7,Providers of healthcare system administration and financing,2017,0.208,
KOR,Korea,HP5,Retailers and other providers of medical goods,2017,1.189,
KOR,Korea,HP1,Hospitals,2017,3.106,
KOR,Korea,HP4,Providers of ancillary services,2017,0.077,
KOR,Korea,HP9,Rest of the world,2017,0.012,
KOR,Korea,HP82,All other industries as secondary providers of healthcare,2017,0.014,
KOR,Korea,HP11,General hospitals,2017,2.484,
KOR,Korea,HP72,Social health insurance agencies,2017,0.067,
KOR,Korea,HP13,Specialised hospitals (other than mental health hospitals),2017,0.623,
KOR,Korea,HP2,Residential long-term care facilities,2017,0.188,
KOR,Korea,HP3,Providers of ambulatory healthcare,2017,1.87,
KOR,Korea,HP6,Providers of preventive care,2017,0.132,
KOR,Korea,HP73,Private health insurance administration agencies,2017,0.081,
KOR,Korea,HP59,All other miscellaneous sellers and other suppliers of pharmaceuticals and medical goods,2017,0.077,
KOR,Korea,HP22,Mental health and substance abuse facilities,2017,0.021,
KOR,Korea,HP52,Retail sellers and other suppliers of durable medical goods and medical appliances,2017,0.081,
KOR,Korea,HP35,Providers of home healthcare services,2017,0.147,
KOR,Korea,HP71,Government health administration agencies,2017,0.06,
KOR,Korea,HP32,Dental practices,2017,0.469,
KOR,Korea,HP31,Medical practices,2017,1.254,
KOR,Korea,HP51,Pharmacies,2017,1.03,
KOR,Korea,HP8,Rest of the economy,2017,0.014,
KOR,Korea,HP42,Medical and diagnostic laboratories,2017,0.066,
KOR,Korea,HP42,Medical and diagnostic laboratories,2018,0.09,
KOR,Korea,HP8,Rest of the economy,2018,0.016,
KOR,Korea,HP51,Pharmacies,2018,1.06,
KOR,Korea,HP31,Medical practices,2018,1.376,
KOR,Korea,HP32,Dental practices,2018,0.459,
KOR,Korea,HP71,Government health administration agencies,2018,0.056,
KOR,Korea,HP35,Providers of home healthcare services,2018,0.184,
KOR,Korea,HP52,Retail sellers and other suppliers of durable medical goods and medical appliances,2018,0.083,
KOR,Korea,HP22,Mental health and substance abuse facilities,2018,0.024,
KOR,Korea,HP59,All other miscellaneous sellers and other suppliers of pharmaceuticals and medical goods,2018,0.08,
KOR,Korea,HP73,Private health insurance administration agencies,2018,0.088,
KOR,Korea,HP6,Providers of preventive care,2018,0.12,
KOR,Korea,HP3,Providers of ambulatory healthcare,2018,2.019,
KOR,Korea,HP2,Residential long-term care facilities,2018,0.209,
KOR,Korea,HP13,Specialised hospitals (other than mental health hospitals),2018,0.633,
KOR,Korea,HP72,Social health insurance agencies,2018,0.069,
KOR,Korea,HP11,General hospitals,2018,2.594,
KOR,Korea,HP82,All other industries as secondary providers of healthcare,2018,0.016,
KOR,Korea,HP9,Rest of the world,2018,0.012,
KOR,Korea,HP4,Providers of ancillary services,2018,0.101,
KOR,Korea,HP1,Hospitals,2018,3.228,
KOR,Korea,HP5,Retailers and other providers of medical goods,2018,1.224,
KOR,Korea,HP7,Providers of healthcare system administration and financing,2018,0.212,
KOR,Korea,HP29,Other residential long-term care facilities,2018,0.184,
KOR,Korea,HP29,Other residential long-term care facilities,2019,0.207,
KOR,Korea,HP7,Providers of healthcare system administration and financing,2019,0.243,
KOR,Korea,HP5,Retailers and other providers of medical goods,2019,1.294,
KOR,Korea,HP1,Hospitals,2019,3.464,
KOR,Korea,HP4,Providers of ancillary services,2019,0.097,
KOR,Korea,HP9,Rest of the world,2019,0.012,
KOR,Korea,HP82,All other industries as secondary providers of healthcare,2019,0.017,
KOR,Korea,HP11,General hospitals,2019,2.762,
KOR,Korea,HP72,Social health insurance agencies,2019,0.077,
KOR,Korea,HP13,Specialised hospitals (other than mental health hospitals),2019,0.702,
KOR,Korea,HP2,Residential long-term care facilities,2019,0.235,
KOR,Korea,HP3,Providers of ambulatory healthcare,2019,2.199,
KOR,Korea,HP6,Providers of preventive care,2019,0.131,
KOR,Korea,HP73,Private health insurance administration agencies,2019,0.101,
KOR,Korea,HP59,All other miscellaneous sellers and other suppliers of pharmaceuticals and medical goods,2019,0.086,
KOR,Korea,HP22,Mental health and substance abuse facilities,2019,0.028,
KOR,Korea,HP52,Retail sellers and other suppliers of durable medical goods and medical appliances,2019,0.093,
KOR,Korea,HP35,Providers of home healthcare services,2019,0.228,
KOR,Korea,HP71,Government health administration agencies,2019,0.065,
KOR,Korea,HP32,Dental practices,2019,0.482,
KOR,Korea,HP31,Medical practices,2019,1.489,
KOR,Korea,HP51,Pharmacies,2019,1.115,
KOR,Korea,HP8,Rest of the economy,2019,0.017,
KOR,Korea,HP42,Medical and diagnostic laboratories,2019,0.086,
KOR,Korea,HP42,Medical and diagnostic laboratories,2020,0.092,
KOR,Korea,HP8,Rest of the economy,2020,0.029,
KOR,Korea,HP51,Pharmacies,2020,1.19,
KOR,Korea,HP31,Medical practices,2020,1.452,
KOR,Korea,HP32,Dental practices,2020,0.488,
KOR,Korea,HP71,Government health administration agencies,2020,0.143,
KOR,Korea,HP35,Providers of home healthcare services,2020,0.271,
KOR,Korea,HP52,Retail sellers and other suppliers of durable medical goods and medical appliances,2020,0.092,
KOR,Korea,HP22,Mental health and substance abuse facilities,2020,0.031,
KOR,Korea,HP59,All other miscellaneous sellers and other suppliers of pharmaceuticals and medical goods,2020,0.119,
KOR,Korea,HP73,Private health insurance administration agencies,2020,0.109,
KOR,Korea,HP6,Providers of preventive care,2020,0.15,
KOR,Korea,HP3,Providers of ambulatory healthcare,2020,2.212,
KOR,Korea,HP2,Residential long-term care facilities,2020,0.254,
KOR,Korea,HP13,Specialised hospitals (other than mental health hospitals),2020,0.719,
KOR,Korea,HP72,Social health insurance agencies,2020,0.077,
KOR,Korea,HP11,General hospitals,2020,2.821,
KOR,Korea,HP82,All other industries as secondary providers of healthcare,2020,0.029,
KOR,Korea,HP4,Providers of ancillary services,2020,0.102,
KOR,Korea,HP1,Hospitals,2020,3.54,
KOR,Korea,HP5,Retailers and other providers of medical goods,2020,1.401,
KOR,Korea,HP7,Providers of healthcare system administration and financing,2020,0.329,
KOR,Korea,HP29,Other residential long-term care facilities,2020,0.222,
KOR,Korea,HP29,Other residential long-term care facilities,2021,0.218,
KOR,Korea,HP7,Providers of healthcare system administration and financing,2021,0.341,
KOR,Korea,HP5,Retailers and other providers of medical goods,2021,1.323,
KOR,Korea,HP1,Hospitals,2021,3.566,
KOR,Korea,HP4,Providers of ancillary services,2021,0.12,
KOR,Korea,HP82,All other industries as secondary providers of healthcare,2021,0.017,
KOR,Korea,HP72,Social health insurance agencies,2021,0.073,
KOR,Korea,HP2,Residential long-term care facilities,2021,0.249,
KOR,Korea,HP3,Providers of ambulatory healthcare,2021,2.523,
KOR,Korea,HP6,Providers of preventive care,2021,0.179,
KOR,Korea,HP73,Private health insurance administration agencies,2021,0.106,
KOR,Korea,HP59,All other miscellaneous sellers and other suppliers of pharmaceuticals and medical goods,2021,0.096,
KOR,Korea,HP22,Mental health and substance abuse facilities,2021,0.031,
KOR,Korea,HP52,Retail sellers and other suppliers of durable medical goods and medical appliances,2021,0.089,
KOR,Korea,HP35,Providers of home healthcare services,2021,0.296,
KOR,Korea,HP12,Mental health hospitals,2021,0.055,
KOR,Korea,HP71,Government health administration agencies,2021,0.162,
KOR,Korea,HP32,Dental practices,2021,0.495,
KOR,Korea,HP31,Medical practices,2021,1.732,
KOR,Korea,HP51,Pharmacies,2021,1.138,
KOR,Korea,HP8,Rest of the economy,2021,0.017,
KOR,Korea,HP42,Medical and diagnostic laboratories,2021,0.109,
KOR,Korea,HP42,Medical and diagnostic laboratories,2022,0.121,
KOR,Korea,HP8,Rest of the economy,2022,0.017,
KOR,Korea,HP51,Pharmacies,2022,1.225,
KOR,Korea,HP31,Medical practices,2022,1.766,
KOR,Korea,HP32,Dental practices,2022,0.496,
KOR,Korea,HP71,Government health administration agencies,2022,0.314,
KOR,Korea,HP12,Mental health hospitals,2022,0.07,
KOR,Korea,HP35,Providers of home healthcare services,2022,0.324,
KOR,Korea,HP52,Retail sellers and other suppliers of durable medical goods and medical appliances,2022,0.091,
KOR,Korea,HP22,Mental health and substance abuse facilities,2022,0.031,
KOR,Korea,HP59,All other miscellaneous sellers and other suppliers of pharmaceuticals and medical goods,2022,0.103,
KOR,Korea,HP73,Private health insurance administration agencies,2022,0.099,
KOR,Korea,HP6,Providers of preventive care,2022,0.224,
KOR,Korea,HP3,Providers of ambulatory healthcare,2022,2.586,
KOR,Korea,HP2,Residential long-term care facilities,2022,0.261,
KOR,Korea,HP13,Specialised hospitals (other than mental health hospitals),2022,0.793,
KOR,Korea,HP72,Social health insurance agencies,2022,0.072,
KOR,Korea,HP11,General hospitals,2022,2.844,
KOR,Korea,HP82,All other industries as secondary providers of healthcare,2022,0.017,
KOR,Korea,HP41,Providers of patient transportation and emergency rescue,2022,0.012,
KOR,Korea,HP4,Providers of ancillary services,2022,0.133,
KOR,Korea,HP1,Hospitals,2022,3.707,
KOR,Korea,HP5,Retailers and other providers of medical goods,2022,1.419,
KOR,Korea,HP7,Providers of healthcare system administration and financing,2022,0.486,
KOR,Korea,HP29,Other residential long-term care facilities,2022,0.23,
KOR,Korea,HP29,Other residential long-term care facilities,2023,0.252,
KOR,Korea,HP7,Providers of healthcare system administration and financing,2023,0.302,
KOR,Korea,HP5,Retailers and other providers of medical goods,2023,1.429,
KOR,Korea,HP1,Hospitals,2023,3.519,
KOR,Korea,HP4,Providers of ancillary services,2023,0.133,
KOR,Korea,HP41,Providers of patient transportation and emergency rescue,2023,0.012,
KOR,Korea,HP82,All other industries as secondary providers of healthcare,2023,0.017,
KOR,Korea,HP11,General hospitals,2023,2.667,
KOR,Korea,HP72,Social health insurance agencies,2023,0.071,
KOR,Korea,HP13,Specialised hospitals (other than mental health hospitals),2023,0.781,
KOR,Korea,HP2,Residential long-term care facilities,2023,0.283,
KOR,Korea,HP3,Providers of ambulatory healthcare,2023,2.602,
KOR,Korea,HP6,Providers of preventive care,2023,0.148,
KOR,Korea,HP73,Private health insurance administration agencies,2023,0.111,
KOR,Korea,HP59,All other miscellaneous sellers and other suppliers of pharmaceuticals and medical goods,2023,0.093,
KOR,Korea,HP22,Mental health and substance abuse facilities,2023,0.031,
KOR,Korea,HP52,Retail sellers and other suppliers of durable medical goods and medical appliances,2023,0.096,
KOR,Korea,HP35,Providers of home healthcare services,2023,0.361,
KOR,Korea,HP12,Mental health hospitals,2023,0.071,
KOR,Korea,HP71,Government health administration agencies,2023,0.119,
KOR,Korea,HP32,Dental practices,2023,0.492,
KOR,Korea,HP31,Medical practices,2023,1.748,
KOR,Korea,HP51,Pharmacies,2023,1.24,
KOR,Korea,HP8,Rest of the economy,2023,0.018,
KOR,Korea,HP42,Medical and diagnostic laboratories,2023,0.121,
KOR,Korea,HP42,Medical and diagnostic laboratories,2024,0.128,
KOR,Korea,HP8,Rest of the economy,2024,0.017,
KOR,Korea,HP51,Pharmacies,2024,1.183,
KOR,Korea,HP31,Medical practices,2024,1.812,
KOR,Korea,HP32,Dental practices,2024,0.415,
KOR,Korea,HP71,Government health administration agencies,2024,0.106,
KOR,Korea,HP12,Mental health hospitals,2024,0.077,
KOR,Korea,HP35,Providers of home healthcare services,2024,0.383,
KOR,Korea,HP52,Retail sellers and other suppliers of durable medical goods and medical appliances,2024,0.104,
KOR,Korea,HP22,Mental health and substance abuse facilities,2024,0.037,
KOR,Korea,HP59,All other miscellaneous sellers and other suppliers of pharmaceuticals and medical goods,2024,0.091,
KOR,Korea,HP73,Private health insurance administration agencies,2024,0.104,
KOR,Korea,HP6,Providers of preventive care,2024,0.156,
KOR,Korea,HP3,Providers of ambulatory healthcare,2024,2.61,
KOR,Korea,HP2,Residential long-term care facilities,2024,0.352,
KOR,Korea,HP13,Specialised hospitals (other than mental health hospitals),2024,0.705,
KOR,Korea,HP72,Social health insurance agencies,2024,0.073,
KOR,Korea,HP11,General hospitals,2024,2.743,
KOR,Korea,HP82,All other industries as secondary providers of healthcare,2024,0.017,
KOR,Korea,HP41,Providers of patient transportation and emergency rescue,2024,0.013,
KOR,Korea,HP4,Providers of ancillary services,2024,0.141,
KOR,Korea,HP1,Hospitals,2024,3.525,
KOR,Korea,HP5,Retailers and other providers of medical goods,2024,1.377,
KOR,Korea,HP7,Providers of healthcare system administration and financing,2024,0.284,
KOR,Korea,HP29,Other residential long-term care facilities,2024,0.315,
KOR,Korea,HP41,Providers of patient transportation and emergency rescue,2020,0.01,
KOR,Korea,HP9,Rest of the world,2022,0.01,
KOR,Korea,HP9,Rest of the world,2020,0.008,
KOR,Korea,HP9,Rest of the world,2021,0.008,
KOR,Korea,HP41,Providers of patient transportation and emergency rescue,2015,0.011,
KOR,Korea,HP9,Rest of the world,2015,0.011,
KOR,Korea,HP9,Rest of the world,2016,0.011,
KOR,Korea,HP41,Providers of patient transportation and emergency rescue,2016,0.011,
KOR,Korea,HP41,Providers of patient transportation and emergency rescue,2017,0.011,
KOR,Korea,HP41,Providers of patient transportation and emergency rescue,2018,0.011,
KOR,Korea,HP41,Providers of patient transportation and emergency rescue,2019,0.011,
KOR,Korea,HP41,Providers of patient transportation and emergency rescue,2021,0.011,
KOR,Korea,HP9,Rest of the world,2023,0.011,
KOR,Korea,HP33,Other healthcare practitioners,2015,0,
KOR,Korea,HP33,Other healthcare practitioners,2016,0,
KOR,Korea,HP33,Other healthcare practitioners,2017,0,
KOR,Korea,HP33,Other healthcare practitioners,2018,0,
KOR,Korea,HP33,Other healthcare practitioners,2019,0,
KOR,Korea,HP33,Other healthcare practitioners,2020,0,
KOR,Korea,HP33,Other healthcare practitioners,2021,0,
KOR,Korea,HP33,Other healthcare practitioners,2022,0,
KOR,Korea,HP33,Other healthcare practitioners,2023,0,
KOR,Korea,HP33,Other healthcare practitioners,2024,0,
KOR,Korea,HP81,Households as providers of home healthcare,2015,0,
KOR,Korea,HP81,Households as providers of home healthcare,2016,0,
KOR,Korea,HP81,Households as providers of home healthcare,2017,0,
KOR,Korea,HP81,Households as providers of home healthcare,2018,0,
KOR,Korea,HP81,Households as providers of home healthcare,2019,0,
KOR,Korea,HP81,Households as providers of home healthcare,2020,0,
KOR,Korea,HP81,Households as providers of home healthcare,2021,0,
KOR,Korea,HP81,Households as providers of home healthcare,2022,0,
KOR,Korea,HP81,Households as providers of home healthcare,2023,0,
KOR,Korea,HP81,Households as providers of home healthcare,2024,0,
DEU,Germany,_T,Total,2021,12.705,
DEU,Germany,_T,Total,2022,12.301,
DEU,Germany,_T,Total,2020,12.461,
DEU,Germany,_T,Total,2019,11.42,
CRI,Costa Rica,_T,Total,2019,7.221,
CRI,Costa Rica,_T,Total,2020,7.825,
CRI,Costa Rica,_T,Total,2021,7.611,
CRI,Costa Rica,_T,Total,2022,7.184,
CRI,Costa Rica,_T,Total,2023,6.866,
CRI,Costa Rica,_T,Total,2024,6.91,
EST,Estonia,_T,Total,2023,7.439,
EST,Estonia,_T,Total,2020,7.472,
EST,Estonia,_T,Total,2022,6.964,
EST,Estonia,_T,Total,2021,7.477,
DNK,Denmark,_T,Total,2015,10.359,
DNK,Denmark,_T,Total,2016,10.268,
CAN,Canada,_T,Total,2023,11.389,
CAN,Canada,_T,Total,2024,11.524,
PRT,Portugal,_T,Total,2015,9.417,
PRT,Portugal,_T,Total,2016,9.474,
PRT,Portugal,_T,Total,2017,9.412,
PRT,Portugal,_T,Total,2018,9.503,
PRT,Portugal,_T,Total,2019,9.61,
PRT,Portugal,_T,Total,2020,10.641,
PRT,Portugal,_T,Total,2021,11.222,
KOR,Korea,_T,Total,2015,6.46,
KOR,Korea,_T,Total,2016,6.634,
KOR,Korea,_T,Total,2017,6.796,
KOR,Korea,_T,Total,2018,7.14,
KOR,Korea,_T,Total,2019,7.691,
KOR,Korea,_T,Total,2020,8.025,
KOR,Korea,_T,Total,2021,8.327,
KOR,Korea,_T,Total,2022,8.843,
KOR,Korea,_T,Total,2023,8.445,
KOR,Korea,_T,Total,2024,8.462,
LUX,Luxembourg,_T,Total,2015,5.081,
LUX,Luxembourg,_T,Total,2016,5.071,
LUX,Luxembourg,_T,Total,2017,5.135,
LUX,Luxembourg,_T,Total,2018,5.274,
LUX,Luxembourg,_T,Total,2019,5.466,
LUX,Luxembourg,_T,Total,2020,5.767,
LUX,Luxembourg,_T,Total,2021,5.608,
LUX,Luxembourg,_T,Total,2022,5.609,
LUX,Luxembourg,_T,Total,2023,5.59,
LUX,Luxembourg,_T,Total,2024,5.739,
LUX,Luxembourg,_T,Total,2025,5.906,P
CHE,Switzerland,_T,Total,2025,11.611,P
CAN,Canada,_T,Total,2020,12.991,D
CAN,Canada,_T,Total,2021,12.366,D
HUN,Hungary,_T,Total,2017,6.733,
HUN,Hungary,_T,Total,2018,6.555,
HUN,Hungary,_T,Total,2015,6.85,
HUN,Hungary,_T,Total,2016,6.968,
EST,Estonia,_T,Total,2017,6.466,
EST,Estonia,_T,Total,2016,6.569,
EST,Estonia,_T,Total,2015,6.521,
CHE,Switzerland,_T,Total,2022,11.194,
CHE,Switzerland,_T,Total,2024,11.382,
CHE,Switzerland,_T,Total,2023,11.196,
CAN,Canada,_T,Total,2016,11.045,
CAN,Canada,_T,Total,2019,11.023,
CAN,Canada,_T,Total,2018,10.9,
CAN,Canada,_T,Total,2017,10.935,
FRA,France,_T,Total,2015,11.279,
CHE,Switzerland,HP51,Pharmacies,2023,0.723,B
CAN,Canada,HP73,Private health insurance administration agencies,2021,0.222,D
CAN,Canada,HP22,Mental health and substance abuse facilities,2021,0.024,D
CAN,Canada,HP6,Providers of preventive care,2021,0.577,D
CAN,Canada,HP35,Providers of home healthcare services,2021,0.463,D
CAN,Canada,HP5,Retailers and other providers of medical goods,2021,2.038,D
CAN,Canada,_U,Unknown,2021,1.499,D
CAN,Canada,HP52,Retail sellers and other suppliers of durable medical goods and medical appliances,2021,0.174,D
CAN,Canada,HP82,All other industries as secondary providers of healthcare,2021,0.022,D
CAN,Canada,HP2,Residential long-term care facilities,2021,1.527,D
CAN,Canada,HP81,Households as providers of home healthcare,2021,0,D
CAN,Canada,HP3,Providers of ambulatory healthcare,2021,3.226,D
CAN,Canada,HP13,Specialised hospitals (other than mental health hospitals),2021,0.257,D
CAN,Canada,HP1,Hospitals,2021,2.936,D
CAN,Canada,HP33,Other healthcare practitioners,2021,0.405,D
CAN,Canada,HP31,Medical practices,2021,1.594,D
CAN,Canada,HP7,Providers of healthcare system administration and financing,2021,0.389,D
CAN,Canada,HP41,Providers of patient transportation and emergency rescue,2021,0.151,D
CAN,Canada,HP11,General hospitals,2021,2.582,D
CAN,Canada,HP71,Government health administration agencies,2021,0.167,D
CAN,Canada,HP12,Mental health hospitals,2021,0.096,D
CAN,Canada,HP32,Dental practices,2021,0.708,D
CAN,Canada,HP29,Other residential long-term care facilities,2021,0.011,D
CAN,Canada,HP51,Pharmacies,2020,1.867,D
CAN,Canada,HP34,Ambulatory healthcare centres,2020,0.062,D
CAN,Canada,HP8,Rest of the economy,2020,0.025,D
CAN,Canada,HP21,Long-term nursing care facilities,2020,1.565,D
CAN,Canada,HP59,All other miscellaneous sellers and other suppliers of pharmaceuticals and medical goods,2020,0.108,D
CAN,Canada,HP4,Providers of ancillary services,2020,0.147,D
CAN,Canada,HP29,Other residential long-term care facilities,2020,0.012,D
CAN,Canada,HP32,Dental practices,2020,0.626,D
CAN,Canada,HP12,Mental health hospitals,2020,0.112,D
CAN,Canada,HP71,Government health administration agencies,2020,0.165,D
CAN,Canada,HP11,General hospitals,2020,2.833,D
CAN,Canada,HP41,Providers of patient transportation and emergency rescue,2020,0.147,D
CAN,Canada,HP7,Providers of healthcare system administration and financing,2020,0.388,D
CAN,Canada,HP31,Medical practices,2020,1.711,D
CAN,Canada,HP33,Other healthcare practitioners,2020,0.384,D
CAN,Canada,HP1,Hospitals,2020,3.229,D
CAN,Canada,HP13,Specialised hospitals (other than mental health hospitals),2020,0.284,D
CAN,Canada,HP3,Providers of ambulatory healthcare,2020,3.276,D
CAN,Canada,HP81,Households as providers of home healthcare,2020,0.001,D
CAN,Canada,HP2,Residential long-term care facilities,2020,1.602,D
CAN,Canada,HP82,All other industries as secondary providers of healthcare,2020,0.025,D
CAN,Canada,HP52,Retail sellers and other suppliers of durable medical goods and medical appliances,2020,0.172,D
CAN,Canada,_U,Unknown,2020,1.569,D
CAN,Canada,HP5,Retailers and other providers of medical goods,2020,2.147,D
CAN,Canada,HP35,Providers of home healthcare services,2020,0.493,D
CAN,Canada,HP6,Providers of preventive care,2020,0.608,D
CAN,Canada,HP22,Mental health and substance abuse facilities,2020,0.025,D
CAN,Canada,HP73,Private health insurance administration agencies,2020,0.223,D
FRA,France,HP8,Rest of the economy,2016,0.107,
FRA,France,HP51,Pharmacies,2016,1.496,
FRA,France,HP32,Dental practices,2016,0.489,
FRA,France,HP59,All other miscellaneous sellers and other suppliers of pharmaceuticals and medical goods,2016,0.018,
FRA,France,HP4,Providers of ancillary services,2016,0.386,
FRA,France,HP21,Long-term nursing care facilities,2016,1.279,
FRA,France,HP1,Hospitals,2016,4.099,
FRA,France,HP7,Providers of healthcare system administration and financing,2016,0.675,
FRA,France,HP2,Residential long-term care facilities,2016,1.349,
FRA,France,HP13,Specialised hospitals (other than mental health hospitals),2016,0.112,
FRA,France,HP73,Private health insurance administration agencies,2016,0.322,
FRA,France,HP71,Government health administration agencies,2016,0.042,
FRA,France,HP42,Medical and diagnostic laboratories,2016,0.253,
FRA,France,HP82,All other industries as secondary providers of healthcare,2016,0.107,
FRA,France,HP34,Ambulatory healthcare centres,2016,0.154,
FRA,France,HP3,Providers of ambulatory healthcare,2016,2.592,
FRA,France,HP22,Mental health and substance abuse facilities,2016,0.069,
FRA,France,HP41,Providers of patient transportation and emergency rescue,2016,0.134,
FRA,France,HP11,General hospitals,2016,3.569,
FRA,France,HP31,Medical practices,2016,0.959,
FRA,France,HP6,Providers of preventive care,2015,0.141,
FRA,France,HP72,Social health insurance agencies,2015,0.317,
FRA,France,HP12,Mental health hospitals,2015,0.415,
FRA,France,HP33,Other healthcare practitioners,2015,0.817,
FRA,France,HP35,Providers of home healthcare services,2015,0.147,
FRA,France,HP52,Retail sellers and other suppliers of durable medical goods and medical appliances,2015,0.485,
FRA,France,HP5,Retailers and other providers of medical goods,2015,2.012,
FRA,France,HP31,Medical practices,2015,0.955,
FRA,France,HP11,General hospitals,2015,3.54,
FRA,France,HP41,Providers of patient transportation and emergency rescue,2015,0.133,
FRA,France,HP22,Mental health and substance abuse facilities,2015,0.067,
FRA,France,HP3,Providers of ambulatory healthcare,2015,2.557,
FRA,France,HP34,Ambulatory healthcare centres,2015,0.149,
FRA,France,HP82,All other industries as secondary providers of healthcare,2015,0.102,
FRA,France,HP42,Medical and diagnostic laboratories,2015,0.251,
FRA,France,HP71,Government health administration agencies,2015,0.043,
FRA,France,HP73,Private health insurance administration agencies,2015,0.317,
FRA,France,HP13,Specialised hospitals (other than mental health hospitals),2015,0.11,
FRA,France,HP2,Residential long-term care facilities,2015,1.34,
FRA,France,HP7,Providers of healthcare system administration and financing,2015,0.677,
FRA,France,HP1,Hospitals,2015,4.066,
FRA,France,HP21,Long-term nursing care facilities,2015,1.272,
FRA,France,HP4,Providers of ancillary services,2015,0.384,
FRA,France,HP59,All other miscellaneous sellers and other suppliers of pharmaceuticals and medical goods,2015,0.017,
FRA,France,HP32,Dental practices,2015,0.488,
FRA,France,HP51,Pharmacies,2015,1.51,
FRA,France,HP8,Rest of the economy,2015,0.102,
CHE,Switzerland,HP4,Providers of ancillary services,2023,0.325,
CHE,Switzerland,HP72,Social health insurance agencies,2023,0.051,
CHE,Switzerland,HP1,Hospitals,2023,4.084,
CHE,Switzerland,HP8,Rest of the economy,2023,0.107,
CHE,Switzerland,HP21,Long-term nursing care facilities,2023,1.42,
CHE,Switzerland,HP6,Providers of preventive care,2023,0.207,
CHE,Switzerland,HP9,Rest of the world,2023,0.048,
CHE,Switzerland,HP73,Private health insurance administration agencies,2023,0.347,
CHE,Switzerland,HP59,All other miscellaneous sellers and other suppliers of pharmaceuticals and medical goods,2023,0.027,
CHE,Switzerland,HP29,Other residential long-term care facilities,2023,0.341,
CHE,Switzerland,HP3,Providers of ambulatory healthcare,2023,3.127,
CHE,Switzerland,HP81,Households as providers of home healthcare,2023,0.107,
CHE,Switzerland,HP35,Providers of home healthcare services,2023,0.4,
CHE,Switzerland,HP32,Dental practices,2023,0.48,
CHE,Switzerland,HP33,Other healthcare practitioners,2023,0.465,
CHE,Switzerland,HP71,Government health administration agencies,2023,0.101,
CHE,Switzerland,HP13,Specialised hospitals (other than mental health hospitals),2023,0.513,
CHE,Switzerland,HP42,Medical and diagnostic laboratories,2023,0.247,
CHE,Switzerland,HP52,Retail sellers and other suppliers of durable medical goods and medical appliances,2023,0.232,
CHE,Switzerland,HP5,Retailers and other providers of medical goods,2023,0.982,
CHE,Switzerland,HP22,Mental health and substance abuse facilities,2023,0.057,
CHE,Switzerland,HP2,Residential long-term care facilities,2023,1.818,
CHE,Switzerland,HP41,Providers of patient transportation and emergency rescue,2023,0.078,
CHE,Switzerland,HP12,Mental health hospitals,2023,0.318,
CHE,Switzerland,HP11,General hospitals,2023,3.253,
CHE,Switzerland,HP31,Medical practices,2023,1.783,
CHE,Switzerland,HP7,Providers of healthcare system administration and financing,2023,0.499,
CHE,Switzerland,HP52,Retail sellers and other suppliers of durable medical goods and medical appliances,2021,0.239,
CHE,Switzerland,HP5,Retailers and other providers of medical goods,2021,1.043,
CHE,Switzerland,HP51,Pharmacies,2021,0.77,
CHE,Switzerland,HP22,Mental health and substance abuse facilities,2021,0.056,
CHE,Switzerland,HP2,Residential long-term care facilities,2021,1.823,
CHE,Switzerland,HP41,Providers of patient transportation and emergency rescue,2021,0.078,
CHE,Switzerland,HP12,Mental health hospitals,2021,0.315,
CHE,Switzerland,HP11,General hospitals,2021,3.323,
CHE,Switzerland,HP31,Medical practices,2021,1.723,
CHE,Switzerland,HP7,Providers of healthcare system administration and financing,2021,0.466,
CHE,Switzerland,HP7,Providers of healthcare system administration and financing,2024,0.497,
CHE,Switzerland,HP31,Medical practices,2024,1.804,
CHE,Switzerland,HP11,General hospitals,2024,3.293,
CHE,Switzerland,HP12,Mental health hospitals,2024,0.306,
CHE,Switzerland,HP41,Providers of patient transportation and emergency rescue,2024,0.077,
CHE,Switzerland,HP2,Residential long-term care facilities,2024,1.854,
CHE,Switzerland,HP22,Mental health and substance abuse facilities,2024,0.061,
CHE,Switzerland,HP51,Pharmacies,2024,0.789,
CHE,Switzerland,HP5,Retailers and other providers of medical goods,2024,1.043,
CHE,Switzerland,HP52,Retail sellers and other suppliers of durable medical goods and medical appliances,2024,0.225,
CHE,Switzerland,HP42,Medical and diagnostic laboratories,2024,0.27,
CHE,Switzerland,HP13,Specialised hospitals (other than mental health hospitals),2024,0.522,
CHE,Switzerland,HP71,Government health administration agencies,2024,0.109,
CHE,Switzerland,HP33,Other healthcare practitioners,2024,0.5,
CHE,Switzerland,HP32,Dental practices,2024,0.463,
CHE,Switzerland,HP35,Providers of home healthcare services,2024,0.425,
CHE,Switzerland,HP81,Households as providers of home healthcare,2024,0.112,
CHE,Switzerland,HP3,Providers of ambulatory healthcare,2024,3.192,
CHE,Switzerland,HP29,Other residential long-term care facilities,2024,0.344,
CHE,Switzerland,HP59,All other miscellaneous sellers and other suppliers of pharmaceuticals and medical goods,2024,0.029,
CHE,Switzerland,HP73,Private health insurance administration agencies,2024,0.339,
CHE,Switzerland,HP9,Rest of the world,2024,0.047,
CHE,Switzerland,HP6,Providers of preventive care,2024,0.171,
CHE,Switzerland,HP21,Long-term nursing care facilities,2024,1.449,
CHE,Switzerland,HP8,Rest of the economy,2024,0.112,
CHE,Switzerland,HP1,Hospitals,2024,4.121,
CHE,Switzerland,HP72,Social health insurance agencies,2024,0.049,
CHE,Switzerland,HP4,Providers of ancillary services,2024,0.347,
CHE,Switzerland,HP7,Providers of healthcare system administration and financing,2022,0.46,
CHE,Switzerland,HP31,Medical practices,2022,1.695,
CHE,Switzerland,HP11,General hospitals,2022,3.134,
CHE,Switzerland,HP12,Mental health hospitals,2022,0.324,
CHE,Switzerland,HP41,Providers of patient transportation and emergency rescue,2022,0.08,
CHE,Switzerland,HP2,Residential long-term care facilities,2022,1.766,
CHE,Switzerland,HP22,Mental health and substance abuse facilities,2022,0.055,
CHE,Switzerland,HP51,Pharmacies,2022,0.782,
CHE,Switzerland,HP5,Retailers and other providers of medical goods,2022,1.045,
CHE,Switzerland,HP52,Retail sellers and other suppliers of durable medical goods and medical appliances,2022,0.228,
CHE,Switzerland,HP42,Medical and diagnostic laboratories,2022,0.305,
CHE,Switzerland,HP13,Specialised hospitals (other than mental health hospitals),2022,0.522,
CHE,Switzerland,HP71,Government health administration agencies,2022,0.094,
CHE,Switzerland,HP33,Other healthcare practitioners,2022,0.389,
CHE,Switzerland,HP32,Dental practices,2022,0.495,
CHE,Switzerland,HP35,Providers of home healthcare services,2022,0.376,
CHE,Switzerland,HP81,Households as providers of home healthcare,2022,0.1,
CHE,Switzerland,HP3,Providers of ambulatory healthcare,2022,2.955,
CHE,Switzerland,HP29,Other residential long-term care facilities,2022,0.339,
CHE,Switzerland,HP59,All other miscellaneous sellers and other suppliers of pharmaceuticals and medical goods,2022,0.035,
CHE,Switzerland,HP73,Private health insurance administration agencies,2022,0.318,
CHE,Switzerland,HP9,Rest of the world,2022,0.052,
CHE,Switzerland,HP6,Providers of preventive care,2022,0.452,
CHE,Switzerland,HP21,Long-term nursing care facilities,2022,1.372,
CHE,Switzerland,HP8,Rest of the economy,2022,0.1,
CHE,Switzerland,HP1,Hospitals,2022,3.98,
CHE,Switzerland,HP72,Social health insurance agencies,2022,0.048,
CHE,Switzerland,HP4,Providers of ancillary services,2022,0.385,
CAN,Canada,HP51,Pharmacies,2018,1.741,
CAN,Canada,HP34,Ambulatory healthcare centres,2018,0.058,
CAN,Canada,HP8,Rest of the economy,2018,0.027,
CAN,Canada,HP21,Long-term nursing care facilities,2018,1.376,
CAN,Canada,HP59,All other miscellaneous sellers and other suppliers of pharmaceuticals and medical goods,2018,0.111,
CAN,Canada,HP4,Providers of ancillary services,2018,0.145,
CAN,Canada,HP29,Other residential long-term care facilities,2018,0.01,
CAN,Canada,HP32,Dental practices,2018,0.707,
CAN,Canada,HP12,Mental health hospitals,2018,0.104,
CAN,Canada,HP71,Government health administration agencies,2018,0.152,
CAN,Canada,HP11,General hospitals,2018,2.651,
CAN,Canada,HP41,Providers of patient transportation and emergency rescue,2018,0.145,
CAN,Canada,HP7,Providers of healthcare system administration and financing,2018,0.374,
CAN,Canada,HP31,Medical practices,2018,1.7,
CAN,Canada,HP33,Other healthcare practitioners,2018,0.358,
CAN,Canada,HP1,Hospitals,2018,3.036,
CAN,Canada,HP13,Specialised hospitals (other than mental health hospitals),2018,0.281,
CAN,Canada,HP3,Providers of ambulatory healthcare,2018,3.253,
CAN,Canada,HP81,Households as providers of home healthcare,2018,0,
CAN,Canada,HP2,Residential long-term care facilities,2018,1.408,
CAN,Canada,HP82,All other industries as secondary providers of healthcare,2018,0.027,
CAN,Canada,HP52,Retail sellers and other suppliers of durable medical goods and medical appliances,2018,0.182,
CAN,Canada,_U,Unknown,2018,0.099,
CAN,Canada,HP5,Retailers and other providers of medical goods,2018,2.035,
CAN,Canada,HP35,Providers of home healthcare services,2018,0.431,
CAN,Canada,HP6,Providers of preventive care,2018,0.522,
CAN,Canada,HP22,Mental health and substance abuse facilities,2018,0.022,
CAN,Canada,HP73,Private health insurance administration agencies,2018,0.222,
CAN,Canada,HP73,Private health insurance administration agencies,2019,0.228,
CAN,Canada,HP22,Mental health and substance abuse facilities,2019,0.023,
CAN,Canada,HP6,Providers of preventive care,2019,0.552,
CAN,Canada,HP35,Providers of home healthcare services,2019,0.45,
CAN,Canada,HP5,Retailers and other providers of medical goods,2019,2.026,
CAN,Canada,_U,Unknown,2019,0.105,
CAN,Canada,HP52,Retail sellers and other suppliers of durable medical goods and medical appliances,2019,0.172,
CAN,Canada,HP82,All other industries as secondary providers of healthcare,2019,0.024,
CAN,Canada,HP2,Residential long-term care facilities,2019,1.444,
CAN,Canada,HP81,Households as providers of home healthcare,2019,0,
CAN,Canada,HP3,Providers of ambulatory healthcare,2019,3.304,
CAN,Canada,HP13,Specialised hospitals (other than mental health hospitals),2019,0.274,
CAN,Canada,HP1,Hospitals,2019,3.042,
CAN,Canada,HP33,Other healthcare practitioners,2019,0.377,
CAN,Canada,HP31,Medical practices,2019,1.707,
CAN,Canada,HP7,Providers of healthcare system administration and financing,2019,0.377,
CAN,Canada,HP41,Providers of patient transportation and emergency rescue,2019,0.148,
CAN,Canada,HP11,General hospitals,2019,2.665,
CAN,Canada,HP71,Government health administration agencies,2019,0.148,
CAN,Canada,HP12,Mental health hospitals,2019,0.103,
CAN,Canada,HP32,Dental practices,2019,0.71,
CAN,Canada,HP29,Other residential long-term care facilities,2019,0.01,
CAN,Canada,HP4,Providers of ancillary services,2019,0.148,
CAN,Canada,HP59,All other miscellaneous sellers and other suppliers of pharmaceuticals and medical goods,2019,0.106,
CAN,Canada,HP21,Long-term nursing care facilities,2019,1.41,
CAN,Canada,HP8,Rest of the economy,2019,0.025,
CAN,Canada,HP34,Ambulatory healthcare centres,2019,0.06,
CAN,Canada,HP51,Pharmacies,2019,1.748,
CAN,Canada,HP3,Providers of ambulatory healthcare,2016,3.338,
CAN,Canada,HP81,Households as providers of home healthcare,2016,0,
CAN,Canada,HP2,Residential long-term care facilities,2016,1.319,
CAN,Canada,HP82,All other industries as secondary providers of healthcare,2016,0.028,
CAN,Canada,HP52,Retail sellers and other suppliers of durable medical goods and medical appliances,2016,0.177,
CAN,Canada,_U,Unknown,2016,0.106,
CAN,Canada,HP5,Retailers and other providers of medical goods,2016,2.145,
CAN,Canada,HP35,Providers of home healthcare services,2016,0.441,
CAN,Canada,HP6,Providers of preventive care,2016,0.519,
CAN,Canada,HP22,Mental health and substance abuse facilities,2016,0.02,
CAN,Canada,HP73,Private health insurance administration agencies,2016,0.19,
CAN,Canada,HP73,Private health insurance administration agencies,2017,0.19,
CAN,Canada,HP22,Mental health and substance abuse facilities,2017,0.021,
CAN,Canada,HP6,Providers of preventive care,2017,0.509,
CAN,Canada,HP35,Providers of home healthcare services,2017,0.425,
CAN,Canada,HP5,Retailers and other providers of medical goods,2017,2.111,
CAN,Canada,_U,Unknown,2017,0.109,
CAN,Canada,HP52,Retail sellers and other suppliers of durable medical goods and medical appliances,2017,0.189,
CAN,Canada,HP82,All other industries as secondary providers of healthcare,2017,0.027,
CAN,Canada,HP2,Residential long-term care facilities,2017,1.38,
CAN,Canada,HP81,Households as providers of home healthcare,2017,0,
CAN,Canada,HP3,Providers of ambulatory healthcare,2017,3.271,
CAN,Canada,HP13,Specialised hospitals (other than mental health hospitals),2017,0.251,
CAN,Canada,HP1,Hospitals,2017,3.038,
CAN,Canada,HP33,Other healthcare practitioners,2017,0.334,
CAN,Canada,HP31,Medical practices,2017,1.731,
CAN,Canada,HP7,Providers of healthcare system administration and financing,2017,0.342,
CAN,Canada,HP41,Providers of patient transportation and emergency rescue,2017,0.145,
CAN,Canada,HP11,General hospitals,2017,2.684,
CAN,Canada,HP71,Government health administration agencies,2017,0.152,
CAN,Canada,HP12,Mental health hospitals,2017,0.103,
CAN,Canada,HP32,Dental practices,2017,0.725,
CAN,Canada,HP29,Other residential long-term care facilities,2017,0.01,
CAN,Canada,HP4,Providers of ancillary services,2017,0.145,
CAN,Canada,HP59,All other miscellaneous sellers and other suppliers of pharmaceuticals and medical goods,2017,0.127,
CAN,Canada,HP21,Long-term nursing care facilities,2017,1.349,
CAN,Canada,HP8,Rest of the economy,2017,0.028,
CAN,Canada,HP34,Ambulatory healthcare centres,2017,0.057,
CAN,Canada,HP51,Pharmacies,2017,1.795,
DEU,Germany,HP82,All other industries as secondary providers of healthcare,2015,0.09,
HUN,Hungary,HP6,Providers of preventive care,2015,0.029,
HUN,Hungary,HP9,Rest of the world,2015,0.028,
HUN,Hungary,HP33,Other healthcare practitioners,2015,0.121,
HUN,Hungary,HP72,Social health insurance agencies,2015,0.02,
HUN,Hungary,HP51,Pharmacies,2015,2.041,
HUN,Hungary,HP82,All other industries as secondary providers of healthcare,2015,0.077,
HUN,Hungary,HP42,Medical and diagnostic laboratories,2015,0.075,
HUN,Hungary,HP12,Mental health hospitals,2015,0.006,
HUN,Hungary,HP4,Providers of ancillary services,2015,0.207,
HUN,Hungary,HP11,General hospitals,2015,2.332,
HUN,Hungary,HP5,Retailers and other providers of medical goods,2015,2.236,
HUN,Hungary,HP32,Dental practices,2015,0.245,
HUN,Hungary,HP2,Residential long-term care facilities,2015,0.176,
HUN,Hungary,HP73,Private health insurance administration agencies,2015,0.012,
HUN,Hungary,HP13,Specialised hospitals (other than mental health hospitals),2015,0.201,
HUN,Hungary,HP31,Medical practices,2015,0.468,
HUN,Hungary,HP7,Providers of healthcare system administration and financing,2015,0.145,
HUN,Hungary,HP34,Ambulatory healthcare centres,2015,0.561,
HUN,Hungary,HP8,Rest of the economy,2015,0.077,
HUN,Hungary,HP1,Hospitals,2015,2.54,
HUN,Hungary,HP3,Providers of ambulatory healthcare,2015,1.411,
HUN,Hungary,HP35,Providers of home healthcare services,2015,0.017,
HUN,Hungary,HP71,Government health administration agencies,2015,0.113,
HUN,Hungary,HP52,Retail sellers and other suppliers of durable medical goods and medical appliances,2015,0.195,
HUN,Hungary,HP41,Providers of patient transportation and emergency rescue,2015,0.132,
HUN,Hungary,HP41,Providers of patient transportation and emergency rescue,2016,0.138,
HUN,Hungary,HP52,Retail sellers and other suppliers of durable medical goods and medical appliances,2016,0.193,
HUN,Hungary,HP71,Government health administration agencies,2016,0.112,
HUN,Hungary,HP35,Providers of home healthcare services,2016,0.015,
HUN,Hungary,HP3,Providers of ambulatory healthcare,2016,1.444,
HUN,Hungary,HP1,Hospitals,2016,2.582,
HUN,Hungary,HP8,Rest of the economy,2016,0.092,
HUN,Hungary,HP34,Ambulatory healthcare centres,2016,0.584,
HUN,Hungary,HP7,Providers of healthcare system administration and financing,2016,0.14,
HUN,Hungary,HP31,Medical practices,2016,0.47,
HUN,Hungary,HP13,Specialised hospitals (other than mental health hospitals),2016,0.21,
HUN,Hungary,HP73,Private health insurance administration agencies,2016,0.011,
HUN,Hungary,HP2,Residential long-term care facilities,2016,0.173,
HUN,Hungary,HP32,Dental practices,2016,0.273,
HUN,Hungary,HP5,Retailers and other providers of medical goods,2016,2.246,
HUN,Hungary,HP11,General hospitals,2016,2.364,
HUN,Hungary,HP4,Providers of ancillary services,2016,0.234,
HUN,Hungary,HP12,Mental health hospitals,2016,0.008,
HUN,Hungary,HP42,Medical and diagnostic laboratories,2016,0.097,
HUN,Hungary,HP82,All other industries as secondary providers of healthcare,2016,0.092,
HUN,Hungary,HP51,Pharmacies,2016,2.054,
HUN,Hungary,HP72,Social health insurance agencies,2016,0.016,
HUN,Hungary,HP33,Other healthcare practitioners,2016,0.103,
HUN,Hungary,HP9,Rest of the world,2016,0.026,
HUN,Hungary,HP6,Providers of preventive care,2016,0.029,
HUN,Hungary,HP6,Providers of preventive care,2017,0.028,
HUN,Hungary,HP9,Rest of the world,2017,0.03,
HUN,Hungary,HP33,Other healthcare practitioners,2017,0.081,
HUN,Hungary,HP72,Social health insurance agencies,2017,0.018,
HUN,Hungary,HP51,Pharmacies,2017,1.869,
HUN,Hungary,HP82,All other industries as secondary providers of healthcare,2017,0.078,
HUN,Hungary,HP42,Medical and diagnostic laboratories,2017,0.088,
HUN,Hungary,HP12,Mental health hospitals,2017,0.006,
HUN,Hungary,HP4,Providers of ancillary services,2017,0.237,
HUN,Hungary,HP11,General hospitals,2017,2.329,
HUN,Hungary,HP5,Retailers and other providers of medical goods,2017,2.062,
HUN,Hungary,HP32,Dental practices,2017,0.282,
HUN,Hungary,HP2,Residential long-term care facilities,2017,0.199,
HUN,Hungary,HP73,Private health insurance administration agencies,2017,0.01,
HUN,Hungary,HP13,Specialised hospitals (other than mental health hospitals),2017,0.197,
HUN,Hungary,HP31,Medical practices,2017,0.452,
HUN,Hungary,HP7,Providers of healthcare system administration and financing,2017,0.146,
HUN,Hungary,HP34,Ambulatory healthcare centres,2017,0.59,
HUN,Hungary,HP8,Rest of the economy,2017,0.078,
HUN,Hungary,HP1,Hospitals,2017,2.532,
HUN,Hungary,HP3,Providers of ambulatory healthcare,2017,1.421,
HUN,Hungary,HP35,Providers of home healthcare services,2017,0.017,
HUN,Hungary,HP71,Government health administration agencies,2017,0.118,
HUN,Hungary,HP52,Retail sellers and other suppliers of durable medical goods and medical appliances,2017,0.193,
HUN,Hungary,HP41,Providers of patient transportation and emergency rescue,2017,0.149,
HUN,Hungary,HP41,Providers of patient transportation and emergency rescue,2018,0.16,
HUN,Hungary,HP52,Retail sellers and other suppliers of durable medical goods and medical appliances,2018,0.194,
HUN,Hungary,HP71,Government health administration agencies,2018,0.123,
HUN,Hungary,HP35,Providers of home healthcare services,2018,0.016,
HUN,Hungary,HP3,Providers of ambulatory healthcare,2018,1.374,
HUN,Hungary,HP1,Hospitals,2018,2.513,
HUN,Hungary,HP8,Rest of the economy,2018,0.075,
HUN,Hungary,HP34,Ambulatory healthcare centres,2018,0.576,
HUN,Hungary,HP7,Providers of healthcare system administration and financing,2018,0.147,
HUN,Hungary,HP31,Medical practices,2018,0.436,
HUN,Hungary,HP13,Specialised hospitals (other than mental health hospitals),2018,0.192,
HUN,Hungary,HP73,Private health insurance administration agencies,2018,0.008,
HUN,Hungary,HP2,Residential long-term care facilities,2018,0.192,
HUN,Hungary,HP32,Dental practices,2018,0.271,
HUN,Hungary,HP5,Retailers and other providers of medical goods,2018,1.948,
HUN,Hungary,HP11,General hospitals,2018,2.315,
HUN,Hungary,HP4,Providers of ancillary services,2018,0.242,
HUN,Hungary,HP12,Mental health hospitals,2018,0.006,
HUN,Hungary,HP42,Medical and diagnostic laboratories,2018,0.081,
HUN,Hungary,HP82,All other industries as secondary providers of healthcare,2018,0.075,
HUN,Hungary,HP51,Pharmacies,2018,1.754,
HUN,Hungary,HP72,Social health insurance agencies,2018,0.016,
HUN,Hungary,HP33,Other healthcare practitioners,2018,0.076,
HUN,Hungary,HP9,Rest of the world,2018,0.031,
HUN,Hungary,HP6,Providers of preventive care,2018,0.032,
HUN,Hungary,HP6,Providers of preventive care,2019,0.037,
HUN,Hungary,HP9,Rest of the world,2019,0.027,
HUN,Hungary,HP33,Other healthcare practitioners,2019,0.069,
HUN,Hungary,HP79,Other administration agencies,2015,0,
EST,Estonia,HP81,Households as providers of home healthcare,2015,0.036,
EST,Estonia,HP35,Providers of home healthcare services,2015,0.018,
EST,Estonia,HP2,Residential long-term care facilities,2015,0.446,
EST,Estonia,HP9,Rest of the world,2015,0.062,
EST,Estonia,HP6,Providers of preventive care,2015,0.071,
EST,Estonia,HP3,Providers of ambulatory healthcare,2015,1.368,
EST,Estonia,HP41,Providers of patient transportation and emergency rescue,2015,0.103,
EST,Estonia,HP11,General hospitals,2015,2.819,
EST,Estonia,HP1,Hospitals,2015,2.964,
EST,Estonia,HP4,Providers of ancillary services,2015,0.112,
EST,Estonia,HP21,Long-term nursing care facilities,2015,0.056,
EST,Estonia,HP5,Retailers and other providers of medical goods,2015,1.31,
EST,Estonia,HP13,Specialised hospitals (other than mental health hospitals),2015,0.128,
EST,Estonia,HP51,Pharmacies,2015,1.121,
EST,Estonia,HP71,Government health administration agencies,2015,0.073,
EST,Estonia,HP49,Other providers of ancillary services,2015,0.003,
EST,Estonia,HP34,Ambulatory healthcare centres,2015,0.251,
EST,Estonia,HP82,All other industries as secondary providers of healthcare,2015,0.036,
EST,Estonia,HP7,Providers of healthcare system administration and financing,2015,0.117,
EST,Estonia,HP33,Other healthcare practitioners,2015,0.04,
EST,Estonia,HP12,Mental health hospitals,2015,0.017,
EST,Estonia,HP72,Social health insurance agencies,2015,0.044,
EST,Estonia,HP22,Mental health and substance abuse facilities,2015,0.109,
EST,Estonia,HP52,Retail sellers and other suppliers of durable medical goods and medical appliances,2015,0.189,
EST,Estonia,HP31,Medical practices,2015,0.574,
EST,Estonia,HP29,Other residential long-term care facilities,2015,0.282,
EST,Estonia,HP42,Medical and diagnostic laboratories,2015,0.007,
EST,Estonia,HP8,Rest of the economy,2015,0.072,
EST,Estonia,HP32,Dental practices,2015,0.485,
EST,Estonia,HP32,Dental practices,2016,0.485,
EST,Estonia,HP8,Rest of the economy,2016,0.061,
EST,Estonia,HP42,Medical and diagnostic laboratories,2016,0.008,
EST,Estonia,HP29,Other residential long-term care facilities,2016,0.274,
EST,Estonia,HP31,Medical practices,2016,0.599,
EST,Estonia,HP52,Retail sellers and other suppliers of durable medical goods and medical appliances,2016,0.195,
EST,Estonia,HP22,Mental health and substance abuse facilities,2016,0.108,
EST,Estonia,HP72,Social health insurance agencies,2016,0.041,
EST,Estonia,HP12,Mental health hospitals,2016,0.016,
EST,Estonia,HP33,Other healthcare practitioners,2016,0.039,
EST,Estonia,HP7,Providers of healthcare system administration and financing,2016,0.097,
EST,Estonia,HP82,All other industries as secondary providers of healthcare,2016,0.026,
EST,Estonia,HP34,Ambulatory healthcare centres,2016,0.24,
EST,Estonia,HP71,Government health administration agencies,2016,0.056,
EST,Estonia,HP51,Pharmacies,2016,1.173,
EST,Estonia,HP13,Specialised hospitals (other than mental health hospitals),2016,0.14,
EST,Estonia,HP5,Retailers and other providers of medical goods,2016,1.368,
EST,Estonia,HP21,Long-term nursing care facilities,2016,0.056,
EST,Estonia,HP4,Providers of ancillary services,2016,0.118,
EST,Estonia,HP1,Hospitals,2016,2.97,
EST,Estonia,HP11,General hospitals,2016,2.814,
EST,Estonia,HP41,Providers of patient transportation and emergency rescue,2016,0.108,
EST,Estonia,HP3,Providers of ambulatory healthcare,2016,1.38,
EST,Estonia,HP6,Providers of preventive care,2016,0.078,
EST,Estonia,HP9,Rest of the world,2016,0.059,
EST,Estonia,HP2,Residential long-term care facilities,2016,0.438,
EST,Estonia,HP35,Providers of home healthcare services,2016,0.018,
EST,Estonia,HP81,Households as providers of home healthcare,2016,0.034,
EST,Estonia,HP81,Households as providers of home healthcare,2017,0.033,
EST,Estonia,HP35,Providers of home healthcare services,2017,0.018,
EST,Estonia,HP2,Residential long-term care facilities,2017,0.446,
EST,Estonia,HP9,Rest of the world,2017,0.073,
EST,Estonia,HP6,Providers of preventive care,2017,0.08,
EST,Estonia,HP3,Providers of ambulatory healthcare,2017,1.435,
EST,Estonia,HP41,Providers of patient transportation and emergency rescue,2017,0.104,
EST,Estonia,HP11,General hospitals,2017,2.794,
EST,Estonia,HP49,Other providers of ancillary services,2016,0.002,
EST,Estonia,HP73,Private health insurance administration agencies,2015,0,
LUX,Luxembourg,HP1,Hospitals,2015,1.579,
LUX,Luxembourg,HP4,Providers of ancillary services,2015,0.207,
LUX,Luxembourg,HP35,Providers of home healthcare services,2015,0.16,
LUX,Luxembourg,HP52,Retail sellers and other suppliers of durable medical goods and medical appliances,2015,0.145,
LUX,Luxembourg,HP8,Rest of the economy,2015,0.303,
LUX,Luxembourg,HP34,Ambulatory healthcare centres,2015,0.113,
LUX,Luxembourg,HP33,Other healthcare practitioners,2015,0.219,
LUX,Luxembourg,HP2,Residential long-term care facilities,2015,0.474,
LUX,Luxembourg,HP72,Social health insurance agencies,2015,0.115,
LUX,Luxembourg,HP3,Providers of ambulatory healthcare,2015,1.493,
LUX,Luxembourg,HP82,All other industries as secondary providers of healthcare,2015,0.241,
LUX,Luxembourg,HP12,Mental health hospitals,2015,0.078,
LUX,Luxembourg,HP42,Medical and diagnostic laboratories,2015,0.196,
LUX,Luxembourg,HP51,Pharmacies,2015,0.511,
LUX,Luxembourg,HP21,Long-term nursing care facilities,2015,0.474,
LUX,Luxembourg,HP6,Providers of preventive care,2015,0.069,
LUX,Luxembourg,HP32,Dental practices,2015,0.287,
LUX,Luxembourg,HP71,Government health administration agencies,2015,0.053,
LUX,Luxembourg,HP9,Rest of the world,2015,0.132,
LUX,Luxembourg,HP11,General hospitals,2015,1.399,
LUX,Luxembourg,HP41,Providers of patient transportation and emergency rescue,2015,0.011,
LUX,Luxembourg,HP7,Providers of healthcare system administration and financing,2015,0.168,
LUX,Luxembourg,HP31,Medical practices,2015,0.715,
LUX,Luxembourg,HP81,Households as providers of home healthcare,2015,0.062,
LUX,Luxembourg,HP13,Specialised hospitals (other than mental health hospitals),2015,0.102,
LUX,Luxembourg,HP5,Retailers and other providers of medical goods,2015,0.657,
LUX,Luxembourg,HP5,Retailers and other providers of medical goods,2016,0.648,
LUX,Luxembourg,HP13,Specialised hospitals (other than mental health hospitals),2016,0.1,
LUX,Luxembourg,HP81,Households as providers of home healthcare,2016,0.058,
LUX,Luxembourg,HP31,Medical practices,2016,0.708,
LUX,Luxembourg,HP7,Providers of healthcare system administration and financing,2016,0.167,
LUX,Luxembourg,HP41,Providers of patient transportation and emergency rescue,2016,0.01,
LUX,Luxembourg,HP11,General hospitals,2016,1.402,
LUX,Luxembourg,HP9,Rest of the world,2016,0.127,
LUX,Luxembourg,HP71,Government health administration agencies,2016,0.054,
LUX,Luxembourg,HP32,Dental practices,2016,0.289,
LUX,Luxembourg,HP6,Providers of preventive care,2016,0.072,
LUX,Luxembourg,HP21,Long-term nursing care facilities,2016,0.473,
LUX,Luxembourg,HP51,Pharmacies,2016,0.505,
LUX,Luxembourg,HP42,Medical and diagnostic laboratories,2016,0.195,
LUX,Luxembourg,HP12,Mental health hospitals,2016,0.081,
LUX,Luxembourg,HP82,All other industries as secondary providers of healthcare,2016,0.242,
LUX,Luxembourg,HP3,Providers of ambulatory healthcare,2016,1.496,
LUX,Luxembourg,HP72,Social health insurance agencies,2016,0.113,
LUX,Luxembourg,HP2,Residential long-term care facilities,2016,0.473,
LUX,Luxembourg,HP33,Other healthcare practitioners,2016,0.225,
LUX,Luxembourg,HP34,Ambulatory healthcare centres,2016,0.113,
LUX,Luxembourg,HP8,Rest of the economy,2016,0.3,
LUX,Luxembourg,HP52,Retail sellers and other suppliers of durable medical goods and medical appliances,2016,0.143,
LUX,Luxembourg,HP35,Providers of home healthcare services,2016,0.161,
LUX,Luxembourg,HP4,Providers of ancillary services,2016,0.205,
LUX,Luxembourg,HP1,Hospitals,2016,1.584,
LUX,Luxembourg,HP1,Hospitals,2017,1.613,
LUX,Luxembourg,HP4,Providers of ancillary services,2017,0.204,
LUX,Luxembourg,HP35,Providers of home healthcare services,2017,0.177,
LUX,Luxembourg,HP52,Retail sellers and other suppliers of durable medical goods and medical appliances,2017,0.145,
LUX,Luxembourg,HP8,Rest of the economy,2017,0.297,
LUX,Luxembourg,HP34,Ambulatory healthcare centres,2017,0.115,
LUX,Luxembourg,HP33,Other healthcare practitioners,2017,0.238,
LUX,Luxembourg,HP2,Residential long-term care facilities,2017,0.472,
LUX,Luxembourg,HP72,Social health insurance agencies,2017,0.118,
LUX,Luxembourg,HP3,Providers of ambulatory healthcare,2017,1.534,
LUX,Luxembourg,HP82,All other industries as secondary providers of healthcare,2017,0.241,
LUX,Luxembourg,HP12,Mental health hospitals,2017,0.089,
LUX,Luxembourg,HP42,Medical and diagnostic laboratories,2017,0.194,
LUX,Luxembourg,HP51,Pharmacies,2017,0.494,
LUX,Luxembourg,HP21,Long-term nursing care facilities,2017,0.472,
LUX,Luxembourg,HP6,Providers of preventive care,2017,0.074,
LUX,Luxembourg,HP32,Dental practices,2017,0.293,
LUX,Luxembourg,HP71,Government health administration agencies,2017,0.06,
LUX,Luxembourg,HP9,Rest of the world,2017,0.125,
LUX,Luxembourg,HP11,General hospitals,2017,1.418,
LUX,Luxembourg,HP41,Providers of patient transportation and emergency rescue,2017,0.01,
LUX,Luxembourg,HP7,Providers of healthcare system administration and financing,2017,0.178,
LUX,Luxembourg,HP31,Medical practices,2017,0.711,
LUX,Luxembourg,HP81,Households as providers of home healthcare,2017,0.056,
LUX,Luxembourg,HP13,Specialised hospitals (other than mental health hospitals),2017,0.106,
LUX,Luxembourg,HP5,Retailers and other providers of medical goods,2017,0.639,
LUX,Luxembourg,HP5,Retailers and other providers of medical goods,2018,0.64,
LUX,Luxembourg,HP13,Specialised hospitals (other than mental health hospitals),2018,0.112,
LUX,Luxembourg,HP81,Households as providers of home healthcare,2018,0.062,
LUX,Luxembourg,HP31,Medical practices,2018,0.724,
LUX,Luxembourg,HP7,Providers of healthcare system administration and financing,2018,0.177,
LUX,Luxembourg,HP41,Providers of patient transportation and emergency rescue,2018,0.011,
LUX,Luxembourg,HP11,General hospitals,2018,1.532,
LUX,Luxembourg,HP9,Rest of the world,2018,0.129,
LUX,Luxembourg,HP71,Government health administration agencies,2018,0.06,
LUX,Luxembourg,HP32,Dental practices,2018,0.296,
LUX,Luxembourg,HP6,Providers of preventive care,2018,0.073,
LUX,Luxembourg,HP21,Long-term nursing care facilities,2018,0.468,
LUX,Luxembourg,HP51,Pharmacies,2018,0.496,
LUX,Luxembourg,HP42,Medical and diagnostic laboratories,2018,0.167,
LUX,Luxembourg,HP12,Mental health hospitals,2018,0.095,
LUX,Luxembourg,HP82,All other industries as secondary providers of healthcare,2018,0.236,
LUX,Luxembourg,HP3,Providers of ambulatory healthcare,2018,1.57,
LUX,Luxembourg,HP72,Social health insurance agencies,2018,0.117,
LUX,Luxembourg,HP2,Residential long-term care facilities,2018,0.468,
LUX,Luxembourg,HP33,Other healthcare practitioners,2018,0.255,
LUX,Luxembourg,HP34,Ambulatory healthcare centres,2018,0.114,
LUX,Luxembourg,HP8,Rest of the economy,2018,0.298,
LUX,Luxembourg,HP52,Retail sellers and other suppliers of durable medical goods and medical appliances,2018,0.144,
LUX,Luxembourg,HP35,Providers of home healthcare services,2018,0.181,
LUX,Luxembourg,HP4,Providers of ancillary services,2018,0.177,
LUX,Luxembourg,HP1,Hospitals,2018,1.739,
LUX,Luxembourg,HP1,Hospitals,2019,1.829,
LUX,Luxembourg,HP4,Providers of ancillary services,2019,0.186,
LUX,Luxembourg,HP35,Providers of home healthcare services,2019,0.217,
LUX,Luxembourg,HP52,Retail sellers and other suppliers of durable medical goods and medical appliances,2019,0.149,
LUX,Luxembourg,HP8,Rest of the economy,2019,0.294,
LUX,Luxembourg,HP34,Ambulatory healthcare centres,2019,0.115,
LUX,Luxembourg,HP33,Other healthcare practitioners,2019,0.29,
LUX,Luxembourg,HP2,Residential long-term care facilities,2019,0.488,
LUX,Luxembourg,HP72,Social health insurance agencies,2019,0.112,
LUX,Luxembourg,HP3,Providers of ambulatory healthcare,2019,1.641,
LUX,Luxembourg,HP82,All other industries as secondary providers of healthcare,2019,0.227,
LUX,Luxembourg,HP12,Mental health hospitals,2019,0.085,
LUX,Luxembourg,HP42,Medical and diagnostic laboratories,2019,0.171,
LUX,Luxembourg,HP51,Pharmacies,2019,0.478,
LUX,Luxembourg,HP21,Long-term nursing care facilities,2019,0.488,
LUX,Luxembourg,HP6,Providers of preventive care,2019,0.085,
LUX,Luxembourg,HP32,Dental practices,2019,0.28,
LUX,Luxembourg,HP71,Government health administration agencies,2019,0.076,
LUX,Luxembourg,HP9,Rest of the world,2019,0.13,
LUX,Luxembourg,HP11,General hospitals,2019,1.608,
LUX,Luxembourg,HP41,Providers of patient transportation and emergency rescue,2019,0.015,
LUX,Luxembourg,HP7,Providers of healthcare system administration and financing,2019,0.187,
LUX,Luxembourg,HP31,Medical practices,2019,0.738,
LUX,Luxembourg,HP81,Households as providers of home healthcare,2019,0.068,
LUX,Luxembourg,HP13,Specialised hospitals (other than mental health hospitals),2019,0.135,
LUX,Luxembourg,HP5,Retailers and other providers of medical goods,2019,0.628,
LUX,Luxembourg,HP5,Retailers and other providers of medical goods,2020,0.663,
LUX,Luxembourg,HP13,Specialised hospitals (other than mental health hospitals),2020,0.168,
LUX,Luxembourg,HP81,Households as providers of home healthcare,2020,0.067,
LUX,Luxembourg,HP31,Medical practices,2020,0.787,
LUX,Luxembourg,HP7,Providers of healthcare system administration and financing,2020,0.192,
LUX,Luxembourg,HP41,Providers of patient transportation and emergency rescue,2020,0.013,
LUX,Luxembourg,HP11,General hospitals,2020,1.642,
LUX,Luxembourg,HP9,Rest of the world,2020,0.125,
LUX,Luxembourg,HP71,Government health administration agencies,2020,0.079,
LUX,Luxembourg,HP32,Dental practices,2020,0.248,
LUX,Luxembourg,HP6,Providers of preventive care,2020,0.1,
LUX,Luxembourg,HP21,Long-term nursing care facilities,2020,0.496,
LUX,Luxembourg,HP51,Pharmacies,2020,0.477,
LUX,Luxembourg,HP42,Medical and diagnostic laboratories,2020,0.32,
LUX,Luxembourg,HP12,Mental health hospitals,2020,0.093,
LUX,Luxembourg,HP82,All other industries as secondary providers of healthcare,2020,0.23,
LUX,Luxembourg,HP3,Providers of ambulatory healthcare,2020,1.659,
LUX,Luxembourg,HP72,Social health insurance agencies,2020,0.113,
LUX,Luxembourg,HP2,Residential long-term care facilities,2020,0.496,
LUX,Luxembourg,HP33,Other healthcare practitioners,2020,0.269,
LUX,Luxembourg,HP34,Ambulatory healthcare centres,2020,0.113,
LUX,Luxembourg,HP8,Rest of the economy,2020,0.297,
LUX,Luxembourg,HP52,Retail sellers and other suppliers of durable medical goods and medical appliances,2020,0.186,
LUX,Luxembourg,HP35,Providers of home healthcare services,2020,0.242,
LUX,Luxembourg,HP4,Providers of ancillary services,2020,0.333,
LUX,Luxembourg,HP1,Hospitals,2020,1.902,
LUX,Luxembourg,HP1,Hospitals,2021,1.741,
LUX,Luxembourg,HP4,Providers of ancillary services,2021,0.284,
LUX,Luxembourg,HP35,Providers of home healthcare services,2021,0.239,
LUX,Luxembourg,HP52,Retail sellers and other suppliers of durable medical goods and medical appliances,2021,0.179,
LUX,Luxembourg,HP8,Rest of the economy,2021,0.279,
LUX,Luxembourg,HP34,Ambulatory healthcare centres,2021,0.115,
LUX,Luxembourg,HP33,Other healthcare practitioners,2021,0.279,
LUX,Luxembourg,HP2,Residential long-term care facilities,2021,0.477,
LUX,Luxembourg,HP72,Social health insurance agencies,2021,0.105,
LUX,Luxembourg,HP3,Providers of ambulatory healthcare,2021,1.653,
LUX,Luxembourg,HP82,All other industries as secondary providers of healthcare,2021,0.218,
LUX,Luxembourg,HP12,Mental health hospitals,2021,0.084,
LUX,Luxembourg,HP42,Medical and diagnostic laboratories,2021,0.27,
LUX,Luxembourg,HP51,Pharmacies,2021,0.467,
LUX,Luxembourg,HP21,Long-term nursing care facilities,2021,0.477,
LUX,Luxembourg,HP6,Providers of preventive care,2021,0.209,
LUX,Luxembourg,HP32,Dental practices,2021,0.279,
LUX,Luxembourg,HP71,Government health administration agencies,2021,0.088,
LUX,Luxembourg,HP9,Rest of the world,2021,0.125,
LUX,Luxembourg,HP11,General hospitals,2021,1.527,
LUX,Luxembourg,HP41,Providers of patient transportation and emergency rescue,2021,0.015,
LUX,Luxembourg,HP7,Providers of healthcare system administration and financing,2021,0.193,
LUX,Luxembourg,HP31,Medical practices,2021,0.742,
LUX,Luxembourg,HP81,Households as providers of home healthcare,2021,0.06,
LUX,Luxembourg,HP13,Specialised hospitals (other than mental health hospitals),2021,0.13,
LUX,Luxembourg,HP5,Retailers and other providers of medical goods,2021,0.646,
LUX,Luxembourg,HP5,Retailers and other providers of medical goods,2022,0.645,
LUX,Luxembourg,HP13,Specialised hospitals (other than mental health hospitals),2022,0.135,
LUX,Luxembourg,HP81,Households as providers of home healthcare,2022,0.059,
LUX,Luxembourg,HP31,Medical practices,2022,0.753,
LUX,Luxembourg,HP7,Providers of healthcare system administration and financing,2022,0.201,
LUX,Luxembourg,HP41,Providers of patient transportation and emergency rescue,2022,0.015,
LUX,Luxembourg,HP11,General hospitals,2022,1.552,
LUX,Luxembourg,HP9,Rest of the world,2022,0.126,
LUX,Luxembourg,HP71,Government health administration agencies,2022,0.096,
LUX,Luxembourg,HP32,Dental practices,2022,0.285,
LUX,Luxembourg,HP6,Providers of preventive care,2022,0.158,
LUX,Luxembourg,HP21,Long-term nursing care facilities,2022,0.483,
LUX,Luxembourg,HP51,Pharmacies,2022,0.499,
LUX,Luxembourg,HP42,Medical and diagnostic laboratories,2022,0.207,
LUX,Luxembourg,HP12,Mental health hospitals,2022,0.088,
LUX,Luxembourg,HP82,All other industries as secondary providers of healthcare,2022,0.22,
LUX,Luxembourg,HP3,Providers of ambulatory healthcare,2022,1.72,
LUX,Luxembourg,HP72,Social health insurance agencies,2022,0.104,
LUX,Luxembourg,HP2,Residential long-term care facilities,2022,0.483,
LUX,Luxembourg,HP33,Other healthcare practitioners,2022,0.295,
LUX,Luxembourg,HP34,Ambulatory healthcare centres,2022,0.119,
LUX,Luxembourg,HP8,Rest of the economy,2022,0.28,
LUX,Luxembourg,HP52,Retail sellers and other suppliers of durable medical goods and medical appliances,2022,0.145,
LUX,Luxembourg,HP35,Providers of home healthcare services,2022,0.268,
LUX,Luxembourg,HP4,Providers of ancillary services,2022,0.222,
LUX,Luxembourg,HP1,Hospitals,2022,1.775,
LUX,Luxembourg,HP1,Hospitals,2023,1.829,
LUX,Luxembourg,HP4,Providers of ancillary services,2023,0.2,
LUX,Luxembourg,HP35,Providers of home healthcare services,2023,0.25,
LUX,Luxembourg,HP52,Retail sellers and other suppliers of durable medical goods and medical appliances,2023,0.133,
LUX,Luxembourg,HP8,Rest of the economy,2023,0.272,
LUX,Luxembourg,HP34,Ambulatory healthcare centres,2023,0.128,
LUX,Luxembourg,HP33,Other healthcare practitioners,2023,0.326,
LUX,Luxembourg,HP2,Residential long-term care facilities,2023,0.469,
LUX,Luxembourg,HP72,Social health insurance agencies,2023,0.12,
LUX,Luxembourg,HP3,Providers of ambulatory healthcare,2023,1.769,
LUX,Luxembourg,HP82,All other industries as secondary providers of healthcare,2023,0.215,
LUX,Luxembourg,HP12,Mental health hospitals,2023,0.093,
LUX,Luxembourg,HP42,Medical and diagnostic laboratories,2023,0.186,
LUX,Luxembourg,HP51,Pharmacies,2023,0.476,
LUX,Luxembourg,HP21,Long-term nursing care facilities,2023,0.469,
LUX,Luxembourg,HP6,Providers of preventive care,2023,0.111,
LUX,Luxembourg,HP32,Dental practices,2023,0.294,
LUX,Luxembourg,HP71,Government health administration agencies,2023,0.103,
LUX,Luxembourg,HP9,Rest of the world,2023,0.107,
LUX,Luxembourg,HP11,General hospitals,2023,1.59,
LUX,Luxembourg,HP41,Providers of patient transportation and emergency rescue,2023,0.015,
LUX,Luxembourg,HP7,Providers of healthcare system administration and financing,2023,0.223,
LUX,Luxembourg,HP31,Medical practices,2023,0.772,
LUX,Luxembourg,HP81,Households as providers of home healthcare,2023,0.057,
LUX,Luxembourg,HP13,Specialised hospitals (other than mental health hospitals),2023,0.147,
LUX,Luxembourg,HP5,Retailers and other providers of medical goods,2023,0.609,
LUX,Luxembourg,HP5,Retailers and other providers of medical goods,2024,0.622,
LUX,Luxembourg,HP13,Specialised hospitals (other than mental health hospitals),2024,0.144,
LUX,Luxembourg,HP81,Households as providers of home healthcare,2024,0.057,
LUX,Luxembourg,HP31,Medical practices,2024,0.826,
LUX,Luxembourg,HP7,Providers of healthcare system administration and financing,2024,0.249,
LUX,Luxembourg,HP41,Providers of patient transportation and emergency rescue,2024,0.014,
LUX,Luxembourg,HP11,General hospitals,2024,1.628,
LUX,Luxembourg,HP9,Rest of the world,2024,0.097,
LUX,Luxembourg,HP71,Government health administration agencies,2024,0.134,
LUX,Luxembourg,HP32,Dental practices,2024,0.301,
LUX,Luxembourg,HP6,Providers of preventive care,2024,0.104,
LUX,Luxembourg,HP21,Long-term nursing care facilities,2024,0.484,
LUX,Luxembourg,HP51,Pharmacies,2024,0.488,
LUX,Luxembourg,HP42,Medical and diagnostic laboratories,2024,0.187,
LUX,Luxembourg,HP12,Mental health hospitals,2024,0.09,
LUX,Luxembourg,HP82,All other industries as secondary providers of healthcare,2024,0.215,
LUX,Luxembourg,HP3,Providers of ambulatory healthcare,2024,1.848,
LUX,Luxembourg,HP72,Social health insurance agencies,2024,0.115,
LUX,Luxembourg,HP2,Residential long-term care facilities,2024,0.484,
LUX,Luxembourg,HP33,Other healthcare practitioners,2024,0.323,
LUX,Luxembourg,HP34,Ambulatory healthcare centres,2024,0.132,
LUX,Luxembourg,HP8,Rest of the economy,2024,0.272,
LUX,Luxembourg,HP52,Retail sellers and other suppliers of durable medical goods and medical appliances,2024,0.134,
LUX,Luxembourg,HP35,Providers of home healthcare services,2024,0.267,
LUX,Luxembourg,HP4,Providers of ancillary services,2024,0.2,
LUX,Luxembourg,HP1,Hospitals,2024,1.862,
LUX,Luxembourg,HP1,Hospitals,2025,1.914,P
LUX,Luxembourg,HP4,Providers of ancillary services,2025,0.17,P
LUX,Luxembourg,HP35,Providers of home healthcare services,2025,0.312,P
LUX,Luxembourg,HP52,Retail sellers and other suppliers of durable medical goods and medical appliances,2025,0.141,P
LUX,Luxembourg,HP8,Rest of the economy,2025,0.276,P
LUX,Luxembourg,HP34,Ambulatory healthcare centres,2025,0.146,P
LUX,Luxembourg,HP33,Other healthcare practitioners,2025,0.335,P
LUX,Luxembourg,HP2,Residential long-term care facilities,2025,0.491,P
LUX,Luxembourg,HP72,Social health insurance agencies,2025,0.122,P
LUX,Luxembourg,HP3,Providers of ambulatory healthcare,2025,1.939,P
LUX,Luxembourg,HP82,All other industries as secondary providers of healthcare,2025,0.219,P
LUX,Luxembourg,HP12,Mental health hospitals,2025,0.099,P
LUX,Luxembourg,HP42,Medical and diagnostic laboratories,2025,0.154,P
LUX,Luxembourg,HP51,Pharmacies,2025,0.505,P
LUX,Luxembourg,HP21,Long-term nursing care facilities,2025,0.491,P
LUX,Luxembourg,HP6,Providers of preventive care,2025,0.104,P
LUX,Luxembourg,HP32,Dental practices,2025,0.313,P
LUX,Luxembourg,HP71,Government health administration agencies,2025,0.146,P
LUX,Luxembourg,HP9,Rest of the world,2025,0.099,P
LUX,Luxembourg,HP11,General hospitals,2025,1.66,P
LUX,Luxembourg,HP41,Providers of patient transportation and emergency rescue,2025,0.016,P
LUX,Luxembourg,HP7,Providers of healthcare system administration and financing,2025,0.268,P
LUX,Luxembourg,HP31,Medical practices,2025,0.833,P
LUX,Luxembourg,HP81,Households as providers of home healthcare,2025,0.057,P
LUX,Luxembourg,HP13,Specialised hospitals (other than mental health hospitals),2025,0.155,P
LUX,Luxembourg,HP5,Retailers and other providers of medical goods,2025,0.646,P
ISR,Israel,_T,Total,2015,7.036,
ISR,Israel,_T,Total,2016,7.118,
ISR,Israel,_T,Total,2017,7.194,
ISR,Israel,_T,Total,2018,7.252,
ISR,Israel,_T,Total,2019,7.233,
ISR,Israel,_T,Total,2020,7.745,
ISR,Israel,_T,Total,2021,7.842,
ISR,Israel,_T,Total,2022,7.12,
POL,Poland,_T,Total,2016,6.526,
POL,Poland,_T,Total,2017,6.537,
POL,Poland,_T,Total,2018,6.251,
POL,Poland,_T,Total,2019,6.389,
POL,Poland,_T,Total,2020,6.427,
POL,Poland,_T,Total,2021,6.45,
POL,Poland,_T,Total,2022,6.641,
POL,Poland,_T,Total,2023,7.138,
POL,Poland,_T,Total,2024,7.837,
FIN,Finland,_T,Total,2024,10.693,
FIN,Finland,_T,Total,2023,10.502,
ISL,Iceland,_T,Total,2017,8.215,
ISL,Iceland,_T,Total,2018,8.307,
ISL,Iceland,_T,Total,2019,8.535,
ISL,Iceland,_T,Total,2020,9.473,
ISL,Iceland,_T,Total,2021,9.549,
ISL,Iceland,_T,Total,2022,8.92,
ISL,Iceland,_T,Total,2023,8.64,
ISL,Iceland,_T,Total,2024,9.177,
ITA,Italy,_T,Total,2015,8.846,
ITA,Italy,_T,Total,2016,8.72,
ITA,Italy,_T,Total,2017,8.691,
ITA,Italy,_T,Total,2018,8.655,
ITA,Italy,_T,Total,2019,8.615,
ITA,Italy,_T,Total,2020,9.564,
ITA,Italy,_T,Total,2021,9.282,
CZE,Czechia,_T,Total,2016,7.323,
CZE,Czechia,_T,Total,2015,7.293,
BEL,Belgium,_T,Total,2022,10.801,
BEL,Belgium,_T,Total,2024,11.075,
BEL,Belgium,_T,Total,2023,10.793,
IRL,Ireland,_T,Total,2015,7.076,
IRL,Ireland,_T,Total,2016,7.33,
IRL,Ireland,_T,Total,2017,6.9,
IRL,Ireland,_T,Total,2018,6.714,
IRL,Ireland,_T,Total,2019,6.558,
IRL,Ireland,_T,Total,2020,6.94,
IRL,Ireland,_T,Total,2021,6.419,
IRL,Ireland,_T,Total,2022,5.95,
IRL,Ireland,_T,Total,2023,6.341,
IRL,Ireland,_T,Total,2024,6.45,
ISL,Iceland,HP9,Rest of the world,2016,0.068,
ISL,Iceland,HP35,Providers of home healthcare services,2016,0.145,
ISL,Iceland,HP21,Long-term nursing care facilities,2016,1.281,
ISL,Iceland,HP32,Dental practices,2016,0.539,
ISL,Iceland,HP71,Government health administration agencies,2016,0.153,
ISL,Iceland,HP51,Pharmacies,2016,0.71,
ISL,Iceland,HP52,Retail sellers and other suppliers of durable medical goods and medical appliances,2016,0.204,
ISL,Iceland,HP41,Providers of patient transportation and emergency rescue,2016,0.092,
ISL,Iceland,HP2,Residential long-term care facilities,2016,1.281,
ISL,Iceland,HP34,Ambulatory healthcare centres,2016,0.681,
ISL,Iceland,HP33,Other healthcare practitioners,2016,0.25,
ISL,Iceland,HP1,Hospitals,2016,3.088,
ISL,Iceland,HP42,Medical and diagnostic laboratories,2016,0.104,
ISL,Iceland,HP5,Retailers and other providers of medical goods,2016,1.13,
ISL,Iceland,HP31,Medical practices,2016,0.476,
ISL,Iceland,HP7,Providers of healthcare system administration and financing,2016,0.153,
ISL,Iceland,HP59,All other miscellaneous sellers and other suppliers of pharmaceuticals and medical goods,2016,0.215,
ISL,Iceland,HP6,Providers of preventive care,2016,0.05,
ISL,Iceland,HP4,Providers of ancillary services,2016,0.197,
ISL,Iceland,HP3,Providers of ambulatory healthcare,2016,2.092,
ISL,Iceland,HP11,General hospitals,2016,3.088,
ISL,Iceland,HP11,General hospitals,2017,3.207,
ISL,Iceland,HP3,Providers of ambulatory healthcare,2017,2.177,
ISL,Iceland,HP4,Providers of ancillary services,2017,0.201,
ISL,Iceland,HP6,Providers of preventive care,2017,0.049,
ISL,Iceland,HP59,All other miscellaneous sellers and other suppliers of pharmaceuticals and medical goods,2017,0.209,
ISL,Iceland,HP7,Providers of healthcare system administration and financing,2017,0.163,
ISL,Iceland,HP31,Medical practices,2017,0.447,
ISL,Iceland,HP5,Retailers and other providers of medical goods,2017,1.104,
ISL,Iceland,HP42,Medical and diagnostic laboratories,2017,0.105,
ISL,Iceland,HP1,Hospitals,2017,3.207,
ISL,Iceland,HP33,Other healthcare practitioners,2017,0.288,
ISL,Iceland,HP34,Ambulatory healthcare centres,2017,0.739,
ISL,Iceland,HP2,Residential long-term care facilities,2017,1.249,
ISL,Iceland,HP41,Providers of patient transportation and emergency rescue,2017,0.096,
ISL,Iceland,HP52,Retail sellers and other suppliers of durable medical goods and medical appliances,2017,0.211,
ISL,Iceland,HP51,Pharmacies,2017,0.683,
ISL,Iceland,HP71,Government health administration agencies,2017,0.163,
ISL,Iceland,HP32,Dental practices,2017,0.55,
ISL,Iceland,HP21,Long-term nursing care facilities,2017,1.249,
ISL,Iceland,HP35,Providers of home healthcare services,2017,0.153,
ISL,Iceland,HP9,Rest of the world,2017,0.064,
ISL,Iceland,HP9,Rest of the world,2018,0.069,
ISL,Iceland,HP35,Providers of home healthcare services,2018,0.152,
ISL,Iceland,HP21,Long-term nursing care facilities,2018,1.247,
ISL,Iceland,HP32,Dental practices,2018,0.554,
ISL,Iceland,HP71,Government health administration agencies,2018,0.163,
ISL,Iceland,HP51,Pharmacies,2018,0.686,
ISL,Iceland,HP52,Retail sellers and other suppliers of durable medical goods and medical appliances,2018,0.21,
ISL,Iceland,HP41,Providers of patient transportation and emergency rescue,2018,0.099,
ISL,Iceland,HP2,Residential long-term care facilities,2018,1.247,
ISL,Iceland,HP34,Ambulatory healthcare centres,2018,0.75,
ISL,Iceland,HP33,Other healthcare practitioners,2018,0.316,
ISL,Iceland,HP1,Hospitals,2018,3.275,
ISL,Iceland,HP42,Medical and diagnostic laboratories,2018,0.101,
ISL,Iceland,HP5,Retailers and other providers of medical goods,2018,1.097,
ISL,Iceland,HP31,Medical practices,2018,0.436,
ISL,Iceland,HP7,Providers of healthcare system administration and financing,2018,0.163,
ISL,Iceland,HP59,All other miscellaneous sellers and other suppliers of pharmaceuticals and medical goods,2018,0.201,
ISL,Iceland,HP6,Providers of preventive care,2018,0.048,
ISL,Iceland,HP4,Providers of ancillary services,2018,0.2,
ISL,Iceland,HP3,Providers of ambulatory healthcare,2018,2.208,
ISL,Iceland,HP11,General hospitals,2018,3.275,
ISL,Iceland,HP11,General hospitals,2019,3.328,
ISL,Iceland,HP3,Providers of ambulatory healthcare,2019,2.279,
ISL,Iceland,HP4,Providers of ancillary services,2019,0.208,
ISL,Iceland,HP6,Providers of preventive care,2019,0.051,
ISL,Iceland,HP59,All other miscellaneous sellers and other suppliers of pharmaceuticals and medical goods,2019,0.215,
ISL,Iceland,HP7,Providers of healthcare system administration and financing,2019,0.157,
ISL,Iceland,HP31,Medical practices,2019,0.429,
ISL,Iceland,HP5,Retailers and other providers of medical goods,2019,1.153,
ISL,Iceland,HP42,Medical and diagnostic laboratories,2019,0.104,
ISL,Iceland,HP1,Hospitals,2019,3.328,
ISL,Iceland,HP33,Other healthcare practitioners,2019,0.306,
ISL,Iceland,HP34,Ambulatory healthcare centres,2019,0.831,
ISL,Iceland,HP2,Residential long-term care facilities,2019,1.275,
ISL,Iceland,HP41,Providers of patient transportation and emergency rescue,2019,0.104,
ISL,Iceland,HP52,Retail sellers and other suppliers of durable medical goods and medical appliances,2019,0.214,
ISL,Iceland,HP51,Pharmacies,2019,0.723,
ISL,Iceland,HP71,Government health administration agencies,2019,0.157,
ISL,Iceland,HP32,Dental practices,2019,0.569,
ISL,Iceland,HP21,Long-term nursing care facilities,2019,1.275,
ISL,Iceland,HP35,Providers of home healthcare services,2019,0.144,
ISL,Iceland,HP9,Rest of the world,2019,0.084,
ISL,Iceland,HP9,Rest of the world,2020,0.07,
ISL,Iceland,HP35,Providers of home healthcare services,2020,0.156,
ISL,Iceland,HP21,Long-term nursing care facilities,2020,1.47,
ISL,Iceland,HP32,Dental practices,2020,0.615,
ISL,Iceland,HP71,Government health administration agencies,2020,0.15,
ISL,Iceland,HP51,Pharmacies,2020,0.853,
ISL,Iceland,HP52,Retail sellers and other suppliers of durable medical goods and medical appliances,2020,0.233,
ISL,Iceland,HP41,Providers of patient transportation and emergency rescue,2020,0.107,
ISL,Iceland,HP2,Residential long-term care facilities,2020,1.47,
ISL,Iceland,HP34,Ambulatory healthcare centres,2020,0.873,
ISL,Iceland,HP33,Other healthcare practitioners,2020,0.326,
ISL,Iceland,HP1,Hospitals,2020,3.76,
ISL,Iceland,HP42,Medical and diagnostic laboratories,2020,0.108,
ISL,Iceland,HP5,Retailers and other providers of medical goods,2020,1.309,
ISL,Iceland,HP31,Medical practices,2020,0.451,
ISL,Iceland,HP7,Providers of healthcare system administration and financing,2020,0.15,
ISL,Iceland,HP59,All other miscellaneous sellers and other suppliers of pharmaceuticals and medical goods,2020,0.223,
ISL,Iceland,HP6,Providers of preventive care,2020,0.08,
ISL,Iceland,HP4,Providers of ancillary services,2020,0.215,
ISL,Iceland,HP3,Providers of ambulatory healthcare,2020,2.421,
ISL,Iceland,HP11,General hospitals,2020,3.76,
ISL,Iceland,HP11,General hospitals,2021,3.744,
ISL,Iceland,HP3,Providers of ambulatory healthcare,2021,2.362,
ISL,Iceland,HP4,Providers of ancillary services,2021,0.232,
ISL,Iceland,HP6,Providers of preventive care,2021,0.187,
ISL,Iceland,HP59,All other miscellaneous sellers and other suppliers of pharmaceuticals and medical goods,2021,0.258,
ISL,Iceland,HP7,Providers of healthcare system administration and financing,2021,0.138,
ISL,Iceland,HP31,Medical practices,2021,0.452,
ISL,Iceland,HP5,Retailers and other providers of medical goods,2021,1.343,
ISL,Iceland,HP42,Medical and diagnostic laboratories,2021,0.118,
ISL,Iceland,HP1,Hospitals,2021,3.744,
ISL,Iceland,HP33,Other healthcare practitioners,2021,0.337,
ISL,Iceland,HP34,Ambulatory healthcare centres,2021,0.805,
ISL,Iceland,HP2,Residential long-term care facilities,2021,1.474,
ISL,Iceland,HP41,Providers of patient transportation and emergency rescue,2021,0.114,
ISL,Iceland,HP52,Retail sellers and other suppliers of durable medical goods and medical appliances,2021,0.22,
ISL,Iceland,HP51,Pharmacies,2021,0.865,
ISL,Iceland,HP71,Government health administration agencies,2021,0.138,
ISL,Iceland,HP32,Dental practices,2021,0.611,
ISL,Iceland,HP21,Long-term nursing care facilities,2021,1.474,
ISL,Iceland,HP35,Providers of home healthcare services,2021,0.157,
ISL,Iceland,HP9,Rest of the world,2021,0.069,
ISL,Iceland,HP9,Rest of the world,2022,0.07,
ISL,Iceland,HP35,Providers of home healthcare services,2022,0.174,
ISL,Iceland,HP21,Long-term nursing care facilities,2022,1.316,
ISL,Iceland,HP32,Dental practices,2022,0.57,
ISL,Iceland,HP71,Government health administration agencies,2022,0.144,
ISL,Iceland,HP51,Pharmacies,2022,0.723,
ISL,Iceland,HP52,Retail sellers and other suppliers of durable medical goods and medical appliances,2022,0.208,
ISL,Iceland,HP41,Providers of patient transportation and emergency rescue,2022,0.113,
ISL,Iceland,HP2,Residential long-term care facilities,2022,1.316,
ISL,Iceland,HP34,Ambulatory healthcare centres,2022,0.805,
ISL,Iceland,HP33,Other healthcare practitioners,2022,0.302,
ISL,Iceland,HP1,Hospitals,2022,3.604,
ISL,Iceland,HP42,Medical and diagnostic laboratories,2022,0.106,
ISL,Iceland,HP5,Retailers and other providers of medical goods,2022,1.182,
ISL,Iceland,HP31,Medical practices,2022,0.387,
ISL,Iceland,HP7,Providers of healthcare system administration and financing,2022,0.144,
ISL,Iceland,HP59,All other miscellaneous sellers and other suppliers of pharmaceuticals and medical goods,2022,0.251,
ISL,Iceland,HP6,Providers of preventive care,2022,0.146,
ISL,Iceland,HP4,Providers of ancillary services,2022,0.219,
ISL,Iceland,HP3,Providers of ambulatory healthcare,2022,2.238,
ISL,Iceland,HP11,General hospitals,2022,3.604,
ISL,Iceland,HP11,General hospitals,2023,3.364,
ISL,Iceland,HP3,Providers of ambulatory healthcare,2023,2.252,
ISL,Iceland,HP4,Providers of ancillary services,2023,0.213,
ISL,Iceland,HP6,Providers of preventive care,2023,0.056,
ISL,Iceland,HP59,All other miscellaneous sellers and other suppliers of pharmaceuticals and medical goods,2023,0.244,
ISL,Iceland,HP7,Providers of healthcare system administration and financing,2023,0.147,
ISL,Iceland,HP31,Medical practices,2023,0.44,
ISL,Iceland,HP5,Retailers and other providers of medical goods,2023,1.266,
ISL,Iceland,HP42,Medical and diagnostic laboratories,2023,0.109,
ISL,Iceland,HP1,Hospitals,2023,3.364,
ISL,Iceland,HP33,Other healthcare practitioners,2023,0.295,
ISL,Iceland,HP34,Ambulatory healthcare centres,2023,0.761,
ISL,Iceland,HP2,Residential long-term care facilities,2023,1.256,
ISL,Iceland,HP41,Providers of patient transportation and emergency rescue,2023,0.103,
ISL,Iceland,HP52,Retail sellers and other suppliers of durable medical goods and medical appliances,2023,0.203,
ISL,Iceland,HP51,Pharmacies,2023,0.819,
ISL,Iceland,HP71,Government health administration agencies,2023,0.147,
ISL,Iceland,HP32,Dental practices,2023,0.586,
ISL,Iceland,HP21,Long-term nursing care facilities,2023,1.256,
ISL,Iceland,HP35,Providers of home healthcare services,2023,0.169,
ISL,Iceland,HP9,Rest of the world,2023,0.087,
ISL,Iceland,HP9,Rest of the world,2024,0.082,
ISL,Iceland,HP35,Providers of home healthcare services,2024,0.181,
ISL,Iceland,HP21,Long-term nursing care facilities,2024,1.298,
ISL,Iceland,HP32,Dental practices,2024,0.64,
ISL,Iceland,HP71,Government health administration agencies,2024,0.165,
ISL,Iceland,HP51,Pharmacies,2024,0.861,
ISL,Iceland,HP52,Retail sellers and other suppliers of durable medical goods and medical appliances,2024,0.224,
ISL,Iceland,HP41,Providers of patient transportation and emergency rescue,2024,0.105,
ISL,Iceland,HP2,Residential long-term care facilities,2024,1.298,
ISL,Iceland,HP34,Ambulatory healthcare centres,2024,0.837,
ISL,Iceland,HP33,Other healthcare practitioners,2024,0.348,
ISL,Iceland,HP1,Hospitals,2024,3.514,
ISL,Iceland,HP42,Medical and diagnostic laboratories,2024,0.116,
ISL,Iceland,HP5,Retailers and other providers of medical goods,2024,1.327,
ISL,Iceland,HP31,Medical practices,2024,0.514,
ISL,Iceland,HP7,Providers of healthcare system administration and financing,2024,0.165,
ISL,Iceland,HP59,All other miscellaneous sellers and other suppliers of pharmaceuticals and medical goods,2024,0.242,
ISL,Iceland,HP6,Providers of preventive care,2024,0.05,
ISL,Iceland,HP4,Providers of ancillary services,2024,0.221,
ISL,Iceland,HP3,Providers of ambulatory healthcare,2024,2.52,
ISL,Iceland,HP11,General hospitals,2024,3.514,
FIN,Finland,HP5,Retailers and other providers of medical goods,2022,1.366,
FIN,Finland,HP71,Government health administration agencies,2022,0.013,
FIN,Finland,HP32,Dental practices,2022,0.186,
FIN,Finland,HP31,Medical practices,2022,0.638,
FIN,Finland,HP6,Providers of preventive care,2022,0.131,
FIN,Finland,HP33,Other healthcare practitioners,2022,0.115,
FIN,Finland,HP52,Retail sellers and other suppliers of durable medical goods and medical appliances,2022,0.24,
FIN,Finland,HP3,Providers of ambulatory healthcare,2022,2.916,
FIN,Finland,HP22,Mental health and substance abuse facilities,2022,0.201,
FIN,Finland,HP41,Providers of patient transportation and emergency rescue,2022,0.059,
FIN,Finland,HP34,Ambulatory healthcare centres,2022,1.513,
FIN,Finland,HP8,Rest of the economy,2022,0.114,
FIN,Finland,HP21,Long-term nursing care facilities,2022,0.23,
FIN,Finland,HP11,General hospitals,2022,3.471,
FIN,Finland,HP51,Pharmacies,2022,1.125,
FIN,Finland,HP12,Mental health hospitals,2024,0,
FIN,Finland,HP4,Providers of ancillary services,2024,0.187,
FIN,Finland,HP1,Hospitals,2024,3.473,
FIN,Finland,HP29,Other residential long-term care facilities,2024,1.164,
FIN,Finland,HP7,Providers of healthcare system administration and financing,2024,0.088,
FIN,Finland,HP42,Medical and diagnostic laboratories,2024,0.039,
FIN,Finland,_U,Unknown,2024,0.011,
FIN,Finland,HP73,Private health insurance administration agencies,2024,0.04,
FIN,Finland,HP82,All other industries as secondary providers of healthcare,2024,0.125,
FIN,Finland,HP72,Social health insurance agencies,2024,0.034,
FIN,Finland,HP2,Residential long-term care facilities,2024,1.919,
FIN,Finland,HP35,Providers of home healthcare services,2024,0.537,
FIN,Finland,HP5,Retailers and other providers of medical goods,2024,1.436,
FIN,Finland,HP71,Government health administration agencies,2024,0.014,
FIN,Finland,HP32,Dental practices,2024,0.236,
FIN,Finland,HP31,Medical practices,2024,0.611,
FIN,Finland,HP6,Providers of preventive care,2024,0.028,
FIN,Finland,HP33,Other healthcare practitioners,2024,0.093,
FIN,Finland,HP52,Retail sellers and other suppliers of durable medical goods and medical appliances,2024,0.256,
FIN,Finland,HP3,Providers of ambulatory healthcare,2024,3.427,
FIN,Finland,HP22,Mental health and substance abuse facilities,2024,0.487,
FIN,Finland,HP41,Providers of patient transportation and emergency rescue,2024,0.149,
FIN,Finland,HP34,Ambulatory healthcare centres,2024,1.951,
FIN,Finland,HP8,Rest of the economy,2024,0.125,
FIN,Finland,HP21,Long-term nursing care facilities,2024,0.268,
FIN,Finland,HP11,General hospitals,2024,3.472,
FIN,Finland,HP51,Pharmacies,2024,1.18,
FIN,Finland,HP51,Pharmacies,2023,1.133,
FIN,Finland,HP11,General hospitals,2023,3.501,
FIN,Finland,HP21,Long-term nursing care facilities,2023,0.235,
FIN,Finland,HP8,Rest of the economy,2023,0.113,
FIN,Finland,HP34,Ambulatory healthcare centres,2023,1.956,
FIN,Finland,HP41,Providers of patient transportation and emergency rescue,2023,0.133,
FIN,Finland,HP22,Mental health and substance abuse facilities,2023,0.446,
FIN,Finland,HP3,Providers of ambulatory healthcare,2023,3.385,
FIN,Finland,HP52,Retail sellers and other suppliers of durable medical goods and medical appliances,2023,0.232,
FIN,Finland,HP33,Other healthcare practitioners,2023,0.1,
FIN,Finland,HP6,Providers of preventive care,2023,0.038,
FIN,Finland,HP31,Medical practices,2023,0.561,
FIN,Finland,HP32,Dental practices,2023,0.215,
FIN,Finland,HP71,Government health administration agencies,2023,0.015,
FIN,Finland,HP5,Retailers and other providers of medical goods,2023,1.364,
FIN,Finland,HP35,Providers of home healthcare services,2023,0.553,
FIN,Finland,HP2,Residential long-term care facilities,2023,1.826,
FIN,Finland,HP72,Social health insurance agencies,2023,0.032,
FIN,Finland,HP82,All other industries as secondary providers of healthcare,2023,0.113,
FIN,Finland,HP73,Private health insurance administration agencies,2023,0.037,
FIN,Finland,_U,Unknown,2023,0.012,
FIN,Finland,HP42,Medical and diagnostic laboratories,2023,0.044,
FIN,Finland,HP7,Providers of healthcare system administration and financing,2023,0.084,
FIN,Finland,HP29,Other residential long-term care facilities,2023,1.146,
FIN,Finland,HP1,Hospitals,2023,3.501,
FIN,Finland,HP4,Providers of ancillary services,2023,0.178,
FIN,Finland,HP12,Mental health hospitals,2023,0,
BEL,Belgium,HP22,Mental health and substance abuse facilities,2022,0.011,
BEL,Belgium,HP52,Retail sellers and other suppliers of durable medical goods and medical appliances,2022,0.054,
BEL,Belgium,HP2,Residential long-term care facilities,2024,1.526,
BEL,Belgium,HP31,Medical practices,2024,1.497,
BEL,Belgium,HP5,Retailers and other providers of medical goods,2024,1.115,
BEL,Belgium,HP4,Providers of ancillary services,2024,0.366,
BEL,Belgium,HP7,Providers of healthcare system administration and financing,2024,0.399,
BEL,Belgium,HP21,Long-term nursing care facilities,2024,1.044,
BEL,Belgium,HP82,All other industries as secondary providers of healthcare,2024,0.004,
BEL,Belgium,HP59,All other miscellaneous sellers and other suppliers of pharmaceuticals and medical goods,2024,0.123,
BEL,Belgium,HP34,Ambulatory healthcare centres,2024,0.065,
BEL,Belgium,HP51,Pharmacies,2024,0.936,
BEL,Belgium,HP73,Private health insurance administration agencies,2024,0.113,
BEL,Belgium,HP1,Hospitals,2024,3.802,
BEL,Belgium,HP29,Other residential long-term care facilities,2024,0.462,
BEL,Belgium,HP35,Providers of home healthcare services,2024,1.34,
BEL,Belgium,HP8,Rest of the economy,2024,0.004,
BEL,Belgium,HP33,Other healthcare practitioners,2024,0.322,
BEL,Belgium,HP41,Providers of patient transportation and emergency rescue,2024,0.034,
BEL,Belgium,HP3,Providers of ambulatory healthcare,2024,3.79,
BEL,Belgium,HP72,Social health insurance agencies,2024,0.192,
BEL,Belgium,HP6,Providers of preventive care,2024,0.073,
BEL,Belgium,HP12,Mental health hospitals,2024,0.372,
BEL,Belgium,HP13,Specialised hospitals (other than mental health hospitals),2024,0.035,
BEL,Belgium,HP42,Medical and diagnostic laboratories,2024,0.332,
BEL,Belgium,HP32,Dental practices,2024,0.566,
BEL,Belgium,HP71,Government health administration agencies,2024,0.094,
BEL,Belgium,HP11,General hospitals,2024,3.395,
BEL,Belgium,HP22,Mental health and substance abuse facilities,2024,0.02,
BEL,Belgium,HP52,Retail sellers and other suppliers of durable medical goods and medical appliances,2024,0.056,
BEL,Belgium,HP52,Retail sellers and other suppliers of durable medical goods and medical appliances,2023,0.054,
BEL,Belgium,HP22,Mental health and substance abuse facilities,2023,0.011,
BEL,Belgium,HP11,General hospitals,2023,3.348,
BEL,Belgium,HP71,Government health administration agencies,2023,0.087,
BEL,Belgium,HP32,Dental practices,2023,0.53,
BEL,Belgium,HP42,Medical and diagnostic laboratories,2023,0.342,
BEL,Belgium,HP13,Specialised hospitals (other than mental health hospitals),2023,0.062,
BEL,Belgium,HP12,Mental health hospitals,2023,0.385,
BEL,Belgium,HP6,Providers of preventive care,2023,0.088,
BEL,Belgium,HP72,Social health insurance agencies,2023,0.185,
BEL,Belgium,HP3,Providers of ambulatory healthcare,2023,3.619,
BEL,Belgium,HP41,Providers of patient transportation and emergency rescue,2023,0.035,
BEL,Belgium,HP33,Other healthcare practitioners,2023,0.284,
BEL,Belgium,HP8,Rest of the economy,2023,0.004,
BEL,Belgium,HP35,Providers of home healthcare services,2023,1.32,
BEL,Belgium,HP29,Other residential long-term care facilities,2023,0.447,
BEL,Belgium,HP1,Hospitals,2023,3.795,
BEL,Belgium,HP73,Private health insurance administration agencies,2023,0.108,
BEL,Belgium,HP51,Pharmacies,2023,0.893,
BEL,Belgium,HP34,Ambulatory healthcare centres,2023,0.058,
BEL,Belgium,HP59,All other miscellaneous sellers and other suppliers of pharmaceuticals and medical goods,2023,0.114,
BEL,Belgium,HP82,All other industries as secondary providers of healthcare,2023,0.003,
BEL,Belgium,HP21,Long-term nursing care facilities,2023,1.011,
BEL,Belgium,HP7,Providers of healthcare system administration and financing,2023,0.38,
BEL,Belgium,HP4,Providers of ancillary services,2023,0.377,
BEL,Belgium,HP5,Retailers and other providers of medical goods,2023,1.061,
BEL,Belgium,HP31,Medical practices,2023,1.427,
BEL,Belgium,HP2,Residential long-term care facilities,2023,1.469,
ITA,Italy,HP1,Hospitals,2015,3.971,
ITA,Italy,HP9,Rest of the world,2015,0.007,
ITA,Italy,HP7,Providers of healthcare system administration and financing,2015,0.119,
ITA,Italy,HP4,Providers of ancillary services,2015,0.354,
ITA,Italy,HP3,Providers of ambulatory healthcare,2015,2.068,
ITA,Italy,HP6,Providers of preventive care,2015,0.298,
ITA,Italy,HP2,Residential long-term care facilities,2015,0.569,
ITA,Italy,HP5,Retailers and other providers of medical goods,2015,1.46,
ITA,Italy,HP5,Retailers and other providers of medical goods,2016,1.403,
ITA,Italy,HP2,Residential long-term care facilities,2016,0.569,
ITA,Italy,HP6,Providers of preventive care,2016,0.289,
ITA,Italy,HP3,Providers of ambulatory healthcare,2016,2.026,
ITA,Italy,HP4,Providers of ancillary services,2016,0.348,
ITA,Italy,HP7,Providers of healthcare system administration and financing,2016,0.129,
ITA,Italy,HP9,Rest of the world,2016,0.002,
ITA,Italy,HP1,Hospitals,2016,3.954,
ITA,Italy,HP1,Hospitals,2017,3.871,
ITA,Italy,HP9,Rest of the world,2017,0.005,
ITA,Italy,HP7,Providers of healthcare system administration and financing,2017,0.135,
ITA,Italy,HP4,Providers of ancillary services,2017,0.354,
ITA,Italy,HP3,Providers of ambulatory healthcare,2017,2.064,
ITA,Italy,HP6,Providers of preventive care,2017,0.3,
ITA,Italy,HP2,Residential long-term care facilities,2017,0.566,
ITA,Italy,HP5,Retailers and other providers of medical goods,2017,1.395,
ITA,Italy,HP5,Retailers and other providers of medical goods,2018,1.42,
ITA,Italy,HP2,Residential long-term care facilities,2018,0.568,
ITA,Italy,HP6,Providers of preventive care,2018,0.296,
ITA,Italy,HP3,Providers of ambulatory healthcare,2018,2.06,
ITA,Italy,HP4,Providers of ancillary services,2018,0.356,
ITA,Italy,HP7,Providers of healthcare system administration and financing,2018,0.134,
ITA,Italy,HP9,Rest of the world,2018,0.006,
ITA,Italy,HP1,Hospitals,2018,3.814,
ITA,Italy,HP9,Rest of the world,2019,0.007,
ITA,Italy,HP7,Providers of healthcare system administration and financing,2019,0.134,
ITA,Italy,HP5,Retailers and other providers of medical goods,2020,1.464,
ITA,Italy,HP2,Residential long-term care facilities,2020,0.582,
ITA,Italy,HP8,Rest of the economy,2020,0.015,
ITA,Italy,HP6,Providers of preventive care,2020,0.378,
ITA,Italy,HP3,Providers of ambulatory healthcare,2020,2.241,
ITA,Italy,HP4,Providers of ancillary services,2020,0.427,
ITA,Italy,HP7,Providers of healthcare system administration and financing,2020,0.156,
ITA,Italy,HP9,Rest of the world,2020,0.002,
ITA,Italy,HP1,Hospitals,2020,4.298,
ITA,Italy,HP1,Hospitals,2021,4.033,
ITA,Italy,HP9,Rest of the world,2021,0.01,
ITA,Italy,HP7,Providers of healthcare system administration and financing,2021,0.13,
ITA,Italy,HP4,Providers of ancillary services,2021,0.429,
ITA,Italy,HP3,Providers of ambulatory healthcare,2021,2.273,
ITA,Italy,HP6,Providers of preventive care,2021,0.479,
ITA,Italy,HP8,Rest of the economy,2021,0.013,
ITA,Italy,HP2,Residential long-term care facilities,2021,0.545,
BEL,Belgium,HP81,Households as providers of home healthcare,2024,0,
BEL,Belgium,HP49,Other providers of ancillary services,2024,0,
BEL,Belgium,HP49,Other providers of ancillary services,2023,0,
BEL,Belgium,HP81,Households as providers of home healthcare,2023,0,
BEL,Belgium,HP79,Other administration agencies,2023,0,
ISR,Israel,HP71,Government health administration agencies,2015,0.101,
ISR,Israel,HP73,Private health insurance administration agencies,2015,0.214,
ISR,Israel,HP34,Ambulatory healthcare centres,2015,2.872,
ISR,Israel,HP32,Dental practices,2015,0.564,
ISR,Israel,HP3,Providers of ambulatory healthcare,2015,3.778,
ISR,Israel,HP6,Providers of preventive care,2015,0.027,
ISR,Israel,HP72,Social health insurance agencies,2015,0.008,
ISR,Israel,HP12,Mental health hospitals,2015,0.193,
ISR,Israel,HP2,Residential long-term care facilities,2015,0.066,
ISR,Israel,HP5,Retailers and other providers of medical goods,2015,0.249,
ISR,Israel,HP21,Long-term nursing care facilities,2015,0.066,
ISR,Israel,HP7,Providers of healthcare system administration and financing,2015,0.324,
ISR,Israel,HP1,Hospitals,2015,2.592,
ISR,Israel,HP13,Specialised hospitals (other than mental health hospitals),2015,0.49,
ISR,Israel,HP11,General hospitals,2015,1.909,
ISR,Israel,HP31,Medical practices,2015,0.342,
ISR,Israel,HP31,Medical practices,2016,0.343,
ISR,Israel,HP11,General hospitals,2016,1.916,
ISR,Israel,HP13,Specialised hospitals (other than mental health hospitals),2016,0.489,
ISR,Israel,HP1,Hospitals,2016,2.596,
ISR,Israel,HP7,Providers of healthcare system administration and financing,2016,0.353,
ISR,Israel,HP21,Long-term nursing care facilities,2016,0.072,
ISR,Israel,HP5,Retailers and other providers of medical goods,2016,0.253,
ISR,Israel,HP2,Residential long-term care facilities,2016,0.072,
ISR,Israel,HP12,Mental health hospitals,2016,0.191,
ISR,Israel,HP72,Social health insurance agencies,2016,0.008,
ISR,Israel,HP6,Providers of preventive care,2016,0.028,
ISR,Israel,HP3,Providers of ambulatory healthcare,2016,3.816,
ISR,Israel,HP32,Dental practices,2016,0.563,
ISR,Israel,HP34,Ambulatory healthcare centres,2016,2.91,
ISR,Israel,HP73,Private health insurance administration agencies,2016,0.233,
ISR,Israel,HP71,Government health administration agencies,2016,0.112,
ISR,Israel,HP71,Government health administration agencies,2017,0.114,
ISR,Israel,HP73,Private health insurance administration agencies,2017,0.217,
ISR,Israel,HP34,Ambulatory healthcare centres,2017,2.935,
ISR,Israel,HP32,Dental practices,2017,0.586,
ISR,Israel,HP3,Providers of ambulatory healthcare,2017,3.877,
ISR,Israel,HP6,Providers of preventive care,2017,0.027,
ISR,Israel,HP72,Social health insurance agencies,2017,0.008,
ISR,Israel,HP12,Mental health hospitals,2017,0.192,
ISR,Israel,HP2,Residential long-term care facilities,2017,0.07,
ISR,Israel,HP5,Retailers and other providers of medical goods,2017,0.266,
ISR,Israel,HP21,Long-term nursing care facilities,2017,0.07,
ISR,Israel,HP7,Providers of healthcare system administration and financing,2017,0.338,
ISR,Israel,HP1,Hospitals,2017,2.616,
ISR,Israel,HP13,Specialised hospitals (other than mental health hospitals),2017,0.498,
ISR,Israel,HP11,General hospitals,2017,1.926,
ISR,Israel,HP31,Medical practices,2017,0.356,
ISR,Israel,HP31,Medical practices,2018,0.35,
ISR,Israel,HP11,General hospitals,2018,1.95,
ISR,Israel,HP13,Specialised hospitals (other than mental health hospitals),2018,0.458,
ISR,Israel,HP1,Hospitals,2018,2.603,
ISR,Israel,HP7,Providers of healthcare system administration and financing,2018,0.378,
ISR,Israel,HP21,Long-term nursing care facilities,2018,0.066,
ISR,Israel,HP5,Retailers and other providers of medical goods,2018,0.274,
ISR,Israel,HP2,Residential long-term care facilities,2018,0.066,
ISR,Israel,HP12,Mental health hospitals,2018,0.196,
ISR,Israel,HP72,Social health insurance agencies,2018,0.007,
ISR,Israel,HP6,Providers of preventive care,2018,0.026,
ISR,Israel,HP3,Providers of ambulatory healthcare,2018,3.903,
ISR,Israel,HP32,Dental practices,2018,0.59,
ISR,Israel,HP34,Ambulatory healthcare centres,2018,2.964,
ISR,Israel,HP73,Private health insurance administration agencies,2018,0.257,
ISR,Israel,HP71,Government health administration agencies,2018,0.114,
ISR,Israel,HP71,Government health administration agencies,2019,0.121,
ISR,Israel,HP73,Private health insurance administration agencies,2019,0.285,
ISR,Israel,HP34,Ambulatory healthcare centres,2019,2.971,
ISR,Israel,HP32,Dental practices,2019,0.589,
ISR,Israel,HP3,Providers of ambulatory healthcare,2019,3.913,
ISR,Israel,HP6,Providers of preventive care,2019,0.023,
ISR,Israel,HP72,Social health insurance agencies,2019,0.007,
ISR,Israel,HP12,Mental health hospitals,2019,0.186,
ISR,Israel,HP2,Residential long-term care facilities,2019,0.06,
ISR,Israel,HP5,Retailers and other providers of medical goods,2019,0.279,
ISR,Israel,HP21,Long-term nursing care facilities,2019,0.06,
ISR,Israel,HP7,Providers of healthcare system administration and financing,2019,0.413,
ISR,Israel,HP1,Hospitals,2019,2.546,
ISR,Israel,HP13,Specialised hospitals (other than mental health hospitals),2019,0.457,
ISR,Israel,HP11,General hospitals,2019,1.902,
ISR,Israel,HP31,Medical practices,2019,0.352,
ISR,Israel,HP31,Medical practices,2020,0.352,
ISR,Israel,HP11,General hospitals,2020,2.15,
ISR,Israel,HP13,Specialised hospitals (other than mental health hospitals),2020,0.489,
ISR,Israel,HP1,Hospitals,2020,2.855,
ISR,Israel,HP7,Providers of healthcare system administration and financing,2020,0.457,
ISR,Israel,HP21,Long-term nursing care facilities,2020,0.027,
ISR,Israel,HP5,Retailers and other providers of medical goods,2020,0.236,
ISR,Israel,HP2,Residential long-term care facilities,2020,0.027,
ISR,Israel,HP12,Mental health hospitals,2020,0.217,
ISR,Israel,HP72,Social health insurance agencies,2020,0.007,
ISR,Israel,HP6,Providers of preventive care,2020,0.02,
ISR,Israel,HP3,Providers of ambulatory healthcare,2020,4.149,
ISR,Israel,HP32,Dental practices,2020,0.566,
ISR,Israel,HP34,Ambulatory healthcare centres,2020,3.231,
ISR,Israel,HP73,Private health insurance administration agencies,2020,0.244,
ISR,Israel,HP71,Government health administration agencies,2020,0.206,
ISR,Israel,HP71,Government health administration agencies,2021,0.589,
ISR,Israel,HP73,Private health insurance administration agencies,2021,0.243,
ISR,Israel,HP34,Ambulatory healthcare centres,2021,3.022,
ISR,Israel,HP32,Dental practices,2021,0.586,
ISR,Israel,HP3,Providers of ambulatory healthcare,2021,3.968,
ISR,Israel,HP6,Providers of preventive care,2021,0.02,
ISR,Israel,HP72,Social health insurance agencies,2021,0.006,
ISR,Israel,HP12,Mental health hospitals,2021,0.231,
ISR,Israel,HP2,Residential long-term care facilities,2021,0.048,
ISR,Israel,HP5,Retailers and other providers of medical goods,2021,0.224,
ISR,Israel,HP21,Long-term nursing care facilities,2021,0.048,
ISR,Israel,HP7,Providers of healthcare system administration and financing,2021,0.838,
ISR,Israel,HP1,Hospitals,2021,2.744,
ISR,Israel,HP13,Specialised hospitals (other than mental health hospitals),2021,0.529,
ISR,Israel,HP11,General hospitals,2021,1.983,
ISR,Israel,HP31,Medical practices,2021,0.36,
ISR,Israel,HP31,Medical practices,2022,0.36,
ISR,Israel,HP11,General hospitals,2022,1.775,
ISR,Israel,HP13,Specialised hospitals (other than mental health hospitals),2022,0.464,
ISR,Israel,HP1,Hospitals,2022,2.407,
ISR,Israel,HP7,Providers of healthcare system administration and financing,2022,0.625,
ISR,Israel,HP21,Long-term nursing care facilities,2022,0.048,
ISR,Israel,HP5,Retailers and other providers of medical goods,2022,0.247,
ISR,Israel,HP2,Residential long-term care facilities,2022,0.048,
ISR,Israel,HP12,Mental health hospitals,2022,0.168,
ISR,Israel,HP72,Social health insurance agencies,2022,0.005,
ISR,Israel,HP6,Providers of preventive care,2022,0.021,
ISR,Israel,HP3,Providers of ambulatory healthcare,2022,3.773,
ISR,Israel,HP32,Dental practices,2022,0.551,
ISR,Israel,HP34,Ambulatory healthcare centres,2022,2.863,
ISR,Israel,HP73,Private health insurance administration agencies,2022,0.273,
ISR,Israel,HP71,Government health administration agencies,2022,0.347,
CZE,Czechia,HP52,Retail sellers and other suppliers of durable medical goods and medical appliances,2017,0.155,
CZE,Czechia,HP22,Mental health and substance abuse facilities,2017,0.258,
CZE,Czechia,HP33,Other healthcare practitioners,2017,0.1,
CZE,Czechia,HP82,All other industries as secondary providers of healthcare,2016,0.104,
CZE,Czechia,HP51,Pharmacies,2016,1.069,
CZE,Czechia,_U,Unknown,2016,0.087,
CZE,Czechia,HP8,Rest of the economy,2016,0.104,
CZE,Czechia,HP7,Providers of healthcare system administration and financing,2016,0.177,
CZE,Czechia,HP4,Providers of ancillary services,2016,0.301,
CZE,Czechia,HP1,Hospitals,2016,3.227,
CZE,Czechia,HP42,Medical and diagnostic laboratories,2016,0.144,
CZE,Czechia,HP35,Providers of home healthcare services,2016,0.035,
CZE,Czechia,HP31,Medical practices,2016,0.885,
CZE,Czechia,HP21,Long-term nursing care facilities,2016,0.281,
CZE,Czechia,HP5,Retailers and other providers of medical goods,2016,1.24,
CZE,Czechia,HP2,Residential long-term care facilities,2016,0.522,
CZE,Czechia,HP71,Government health administration agencies,2016,0.043,
CZE,Czechia,HP9,Rest of the world,2016,0.01,
CZE,Czechia,HP72,Social health insurance agencies,2016,0.134,
CZE,Czechia,HP34,Ambulatory healthcare centres,2016,0.224,
CZE,Czechia,HP13,Specialised hospitals (other than mental health hospitals),2016,0.325,
CZE,Czechia,HP32,Dental practices,2016,0.366,
CZE,Czechia,HP11,General hospitals,2016,2.794,
CZE,Czechia,HP59,All other miscellaneous sellers and other suppliers of pharmaceuticals and medical goods,2016,0.003,
CZE,Czechia,HP41,Providers of patient transportation and emergency rescue,2016,0.156,
CZE,Czechia,HP12,Mental health hospitals,2016,0.109,
CZE,Czechia,HP6,Providers of preventive care,2016,0.042,
CZE,Czechia,HP3,Providers of ambulatory healthcare,2016,1.613,
CZE,Czechia,HP33,Other healthcare practitioners,2016,0.103,
CZE,Czechia,HP22,Mental health and substance abuse facilities,2016,0.241,
CZE,Czechia,HP52,Retail sellers and other suppliers of durable medical goods and medical appliances,2016,0.168,
CZE,Czechia,HP52,Retail sellers and other suppliers of durable medical goods and medical appliances,2015,0.175,
CZE,Czechia,HP22,Mental health and substance abuse facilities,2015,0.228,
CZE,Czechia,HP33,Other healthcare practitioners,2015,0.102,
CZE,Czechia,HP3,Providers of ambulatory healthcare,2015,1.6,
CZE,Czechia,HP6,Providers of preventive care,2015,0.033,
CZE,Czechia,HP12,Mental health hospitals,2015,0.108,
CZE,Czechia,HP41,Providers of patient transportation and emergency rescue,2015,0.155,
CZE,Czechia,HP59,All other miscellaneous sellers and other suppliers of pharmaceuticals and medical goods,2015,0.003,
CZE,Czechia,HP11,General hospitals,2015,2.774,
CZE,Czechia,HP32,Dental practices,2015,0.361,
CZE,Czechia,HP13,Specialised hospitals (other than mental health hospitals),2015,0.32,
CZE,Czechia,HP34,Ambulatory healthcare centres,2015,0.222,
CZE,Czechia,HP72,Social health insurance agencies,2015,0.14,
CZE,Czechia,HP9,Rest of the world,2015,0.01,
CZE,Czechia,HP71,Government health administration agencies,2015,0.044,
CZE,Czechia,HP2,Residential long-term care facilities,2015,0.511,
CZE,Czechia,HP5,Retailers and other providers of medical goods,2015,1.268,
CZE,Czechia,HP21,Long-term nursing care facilities,2015,0.283,
CZE,Czechia,HP31,Medical practices,2015,0.88,
CZE,Czechia,HP35,Providers of home healthcare services,2015,0.035,
CZE,Czechia,HP42,Medical and diagnostic laboratories,2015,0.142,
CZE,Czechia,HP1,Hospitals,2015,3.201,
CZE,Czechia,HP4,Providers of ancillary services,2015,0.297,
CZE,Czechia,HP7,Providers of healthcare system administration and financing,2015,0.184,
CZE,Czechia,HP8,Rest of the economy,2015,0.105,
CZE,Czechia,_U,Unknown,2015,0.083,
CZE,Czechia,HP51,Pharmacies,2015,1.09,
CZE,Czechia,HP82,All other industries as secondary providers of healthcare,2015,0.105,
CZE,Czechia,HP29,Other residential long-term care facilities,2015,0,
CZE,Czechia,HP73,Private health insurance administration agencies,2015,0,
CZE,Czechia,HP73,Private health insurance administration agencies,2016,0,
CZE,Czechia,HP29,Other residential long-term care facilities,2016,0,
IRL,Ireland,HP7,Providers of healthcare system administration and financing,2015,0.196,
IRL,Ireland,HP81,Households as providers of home healthcare,2015,0.286,
IRL,Ireland,HP31,Medical practices,2015,0.33,
IRL,Ireland,HP82,All other industries as secondary providers of healthcare,2015,0.058,
IRL,Ireland,HP52,Retail sellers and other suppliers of durable medical goods and medical appliances,2015,0.081,
IRL,Ireland,_U,Unknown,2015,0.058,
IRL,Ireland,HP9,Rest of the world,2015,0.013,
IRL,Ireland,HP4,Providers of ancillary services,2015,0.096,
IRL,Ireland,HP35,Providers of home healthcare services,2015,0.199,
IRL,Ireland,HP8,Rest of the economy,2015,0.344,
IRL,Ireland,HP1,Hospitals,2015,2.562,
IRL,Ireland,HP5,Retailers and other providers of medical goods,2015,0.982,
IRL,Ireland,HP32,Dental practices,2015,0.144,
IRL,Ireland,HP12,Mental health hospitals,2015,0.105,
IRL,Ireland,HP71,Government health administration agencies,2015,0.062,
IRL,Ireland,HP41,Providers of patient transportation and emergency rescue,2015,0.064,
IRL,Ireland,HP34,Ambulatory healthcare centres,2015,0.612,
IRL,Ireland,HP13,Specialised hospitals (other than mental health hospitals),2015,0.282,
IRL,Ireland,HP42,Medical and diagnostic laboratories,2015,0.032,
IRL,Ireland,HP3,Providers of ambulatory healthcare,2015,1.41,
IRL,Ireland,HP11,General hospitals,2015,2.176,
IRL,Ireland,HP73,Private health insurance administration agencies,2015,0.133,
IRL,Ireland,HP51,Pharmacies,2015,0.902,
IRL,Ireland,HP6,Providers of preventive care,2015,0.084,
IRL,Ireland,HP33,Other healthcare practitioners,2015,0.125,
IRL,Ireland,HP2,Residential long-term care facilities,2015,1.329,
IRL,Ireland,HP2,Residential long-term care facilities,2016,1.373,
IRL,Ireland,HP33,Other healthcare practitioners,2016,0.13,
IRL,Ireland,HP6,Providers of preventive care,2016,0.084,
IRL,Ireland,HP51,Pharmacies,2016,0.95,
IRL,Ireland,HP73,Private health insurance administration agencies,2016,0.122,
IRL,Ireland,HP11,General hospitals,2016,2.276,
IRL,Ireland,HP3,Providers of ambulatory healthcare,2016,1.451,
IRL,Ireland,HP42,Medical and diagnostic laboratories,2016,0.035,
IRL,Ireland,HP13,Specialised hospitals (other than mental health hospitals),2016,0.29,
IRL,Ireland,HP34,Ambulatory healthcare centres,2016,0.629,
IRL,Ireland,HP41,Providers of patient transportation and emergency rescue,2016,0.063,
IRL,Ireland,HP71,Government health administration agencies,2016,0.063,
IRL,Ireland,HP12,Mental health hospitals,2016,0.105,
IRL,Ireland,HP32,Dental practices,2016,0.145,
IRL,Ireland,HP5,Retailers and other providers of medical goods,2016,1.031,
IRL,Ireland,HP1,Hospitals,2016,2.67,
IRL,Ireland,HP8,Rest of the economy,2016,0.359,
IRL,Ireland,HP35,Providers of home healthcare services,2016,0.204,
IRL,Ireland,HP4,Providers of ancillary services,2016,0.098,
IRL,Ireland,HP9,Rest of the world,2016,0.015,
IRL,Ireland,_U,Unknown,2016,0.061,
IRL,Ireland,HP52,Retail sellers and other suppliers of durable medical goods and medical appliances,2016,0.081,
IRL,Ireland,HP82,All other industries as secondary providers of healthcare,2016,0.059,
IRL,Ireland,HP31,Medical practices,2016,0.343,
IRL,Ireland,HP81,Households as providers of home healthcare,2016,0.3,
IRL,Ireland,HP7,Providers of healthcare system administration and financing,2016,0.186,
IRL,Ireland,HP7,Providers of healthcare system administration and financing,2017,0.172,
IRL,Ireland,HP81,Households as providers of home healthcare,2017,0.301,
IRL,Ireland,HP31,Medical practices,2017,0.331,
IRL,Ireland,HP82,All other industries as secondary providers of healthcare,2017,0.056,
IRL,Ireland,HP52,Retail sellers and other suppliers of durable medical goods and medical appliances,2017,0.075,
IRL,Ireland,_U,Unknown,2017,0.057,
IRL,Ireland,HP9,Rest of the world,2017,0.018,
IRL,Ireland,HP4,Providers of ancillary services,2017,0.086,
IRL,Ireland,HP35,Providers of home healthcare services,2017,0.203,
IRL,Ireland,HP8,Rest of the economy,2017,0.357,
IRL,Ireland,HP1,Hospitals,2017,2.552,
IRL,Ireland,HP5,Retailers and other providers of medical goods,2017,0.969,
IRL,Ireland,HP32,Dental practices,2017,0.13,
IRL,Ireland,HP12,Mental health hospitals,2017,0.105,
IRL,Ireland,HP71,Government health administration agencies,2017,0.054,
IRL,Ireland,HP41,Providers of patient transportation and emergency rescue,2017,0.06,
IRL,Ireland,HP34,Ambulatory healthcare centres,2017,0.571,
IRL,Ireland,HP13,Specialised hospitals (other than mental health hospitals),2017,0.275,
IRL,Ireland,HP42,Medical and diagnostic laboratories,2017,0.026,
IRL,Ireland,HP3,Providers of ambulatory healthcare,2017,1.358,
IRL,Ireland,HP11,General hospitals,2017,2.171,
IRL,Ireland,HP73,Private health insurance administration agencies,2017,0.116,
IRL,Ireland,HP51,Pharmacies,2017,0.894,
IRL,Ireland,HP6,Providers of preventive care,2017,0.083,
IRL,Ireland,HP33,Other healthcare practitioners,2017,0.123,
IRL,Ireland,HP2,Residential long-term care facilities,2017,1.247,
IRL,Ireland,HP2,Residential long-term care facilities,2018,1.211,
IRL,Ireland,HP33,Other healthcare practitioners,2018,0.1,
IRL,Ireland,HP6,Providers of preventive care,2018,0.081,
IRL,Ireland,HP51,Pharmacies,2018,0.838,
IRL,Ireland,HP73,Private health insurance administration agencies,2018,0.111,
IRL,Ireland,HP11,General hospitals,2018,2.103,
IRL,Ireland,HP3,Providers of ambulatory healthcare,2018,1.322,
IRL,Ireland,HP42,Medical and diagnostic laboratories,2018,0.026,
IRL,Ireland,HP13,Specialised hospitals (other than mental health hospitals),2018,0.278,
IRL,Ireland,HP34,Ambulatory healthcare centres,2018,0.57,
IRL,Ireland,HP41,Providers of patient transportation and emergency rescue,2018,0.061,
IRL,Ireland,HP71,Government health administration agencies,2018,0.054,
IRL,Ireland,HP12,Mental health hospitals,2018,0.11,
IRL,Ireland,HP32,Dental practices,2018,0.131,
IRL,Ireland,HP5,Retailers and other providers of medical goods,2018,0.915,
IRL,Ireland,HP1,Hospitals,2018,2.492,
IRL,Ireland,HP8,Rest of the economy,2018,0.358,
IRL,Ireland,HP35,Providers of home healthcare services,2018,0.199,
IRL,Ireland,HP4,Providers of ancillary services,2018,0.087,
IRL,Ireland,HP9,Rest of the world,2018,0.024,
IRL,Ireland,_U,Unknown,2018,0.058,
IRL,Ireland,HP52,Retail sellers and other suppliers of durable medical goods and medical appliances,2018,0.077,
IRL,Ireland,HP82,All other industries as secondary providers of healthcare,2018,0.057,
IRL,Ireland,HP31,Medical practices,2018,0.322,
IRL,Ireland,HP81,Households as providers of home healthcare,2018,0.301,
IRL,Ireland,HP7,Providers of healthcare system administration and financing,2018,0.167,
IRL,Ireland,HP7,Providers of healthcare system administration and financing,2019,0.137,
IRL,Ireland,HP81,Households as providers of home healthcare,2019,0.301,
IRL,Ireland,HP31,Medical practices,2019,0.319,
IRL,Ireland,HP82,All other industries as secondary providers of healthcare,2019,0.057,
IRL,Ireland,HP52,Retail sellers and other suppliers of durable medical goods and medical appliances,2019,0.071,
IRL,Ireland,_U,Unknown,2019,0.058,
IRL,Ireland,HP9,Rest of the world,2019,0.019,
IRL,Ireland,HP4,Providers of ancillary services,2019,0.083,
IRL,Ireland,HP35,Providers of home healthcare services,2019,0.201,
IRL,Ireland,HP8,Rest of the economy,2019,0.358,
IRL,Ireland,HP1,Hospitals,2019,2.481,
IRL,Ireland,HP5,Retailers and other providers of medical goods,2019,0.855,
IRL,Ireland,HP32,Dental practices,2019,0.127,
IRL,Ireland,HP12,Mental health hospitals,2019,0.104,
IRL,Ireland,HP71,Government health administration agencies,2019,0.062,
IRL,Ireland,HP41,Providers of patient transportation and emergency rescue,2019,0.057,
IRL,Ireland,HP34,Ambulatory healthcare centres,2019,0.564,
IRL,Ireland,HP13,Specialised hospitals (other than mental health hospitals),2019,0.278,
IRL,Ireland,HP42,Medical and diagnostic laboratories,2019,0.026,
IRL,Ireland,HP3,Providers of ambulatory healthcare,2019,1.314,
IRL,Ireland,HP11,General hospitals,2019,2.099,
IRL,Ireland,HP73,Private health insurance administration agencies,2019,0.073,
IRL,Ireland,HP51,Pharmacies,2019,0.783,
IRL,Ireland,HP6,Providers of preventive care,2019,0.082,
IRL,Ireland,HP33,Other healthcare practitioners,2019,0.102,
IRL,Ireland,HP2,Residential long-term care facilities,2019,1.17,
IRL,Ireland,HP2,Residential long-term care facilities,2020,1.276,
IRL,Ireland,HP33,Other healthcare practitioners,2020,0.096,
IRL,Ireland,HP6,Providers of preventive care,2020,0.136,
IRL,Ireland,HP51,Pharmacies,2020,0.83,
IRL,Ireland,HP73,Private health insurance administration agencies,2020,0.107,
IRL,Ireland,HP11,General hospitals,2020,2.193,
IRL,Ireland,HP3,Providers of ambulatory healthcare,2020,1.373,
IRL,Ireland,HP42,Medical and diagnostic laboratories,2020,0.024,
IRL,Ireland,HP13,Specialised hospitals (other than mental health hospitals),2020,0.266,
IRL,Ireland,HP34,Ambulatory healthcare centres,2020,0.596,
IRL,Ireland,HP41,Providers of patient transportation and emergency rescue,2020,0.061,
IRL,Ireland,HP71,Government health administration agencies,2020,0.064,
IRL,Ireland,HP12,Mental health hospitals,2020,0.11,
IRL,Ireland,HP32,Dental practices,2020,0.116,
IRL,Ireland,HP5,Retailers and other providers of medical goods,2020,0.898,
IRL,Ireland,HP1,Hospitals,2020,2.569,
IRL,Ireland,HP8,Rest of the economy,2020,0.365,
IRL,Ireland,HP35,Providers of home healthcare services,2020,0.218,
IRL,Ireland,HP4,Providers of ancillary services,2020,0.086,
IRL,Ireland,HP9,Rest of the world,2020,0.016,
IRL,Ireland,_U,Unknown,2020,0.049,
IRL,Ireland,HP52,Retail sellers and other suppliers of durable medical goods and medical appliances,2020,0.067,
IRL,Ireland,HP82,All other industries as secondary providers of healthcare,2020,0.057,
IRL,Ireland,HP31,Medical practices,2020,0.347,
IRL,Ireland,HP81,Households as providers of home healthcare,2020,0.308,
IRL,Ireland,HP7,Providers of healthcare system administration and financing,2020,0.172,
IRL,Ireland,HP7,Providers of healthcare system administration and financing,2021,0.166,
IRL,Ireland,HP81,Households as providers of home healthcare,2021,0.265,
IRL,Ireland,HP31,Medical practices,2021,0.335,
IRL,Ireland,HP82,All other industries as secondary providers of healthcare,2021,0.054,
IRL,Ireland,HP52,Retail sellers and other suppliers of durable medical goods and medical appliances,2021,0.062,
IRL,Ireland,_U,Unknown,2021,0.048,
IRL,Ireland,HP9,Rest of the world,2021,0.015,
IRL,Ireland,HP4,Providers of ancillary services,2021,0.078,
IRL,Ireland,HP35,Providers of home healthcare services,2021,0.208,
IRL,Ireland,HP8,Rest of the economy,2021,0.319,
IRL,Ireland,HP1,Hospitals,2021,2.352,
IRL,Ireland,HP5,Retailers and other providers of medical goods,2021,0.777,
IRL,Ireland,HP32,Dental practices,2021,0.111,
IRL,Ireland,HP12,Mental health hospitals,2021,0.098,
IRL,Ireland,HP71,Government health administration agencies,2021,0.055,
IRL,Ireland,HP41,Providers of patient transportation and emergency rescue,2021,0.055,
IRL,Ireland,HP34,Ambulatory healthcare centres,2021,0.564,
IRL,Ireland,HP13,Specialised hospitals (other than mental health hospitals),2021,0.233,
IRL,Ireland,HP42,Medical and diagnostic laboratories,2021,0.023,
IRL,Ireland,HP3,Providers of ambulatory healthcare,2021,1.321,
IRL,Ireland,HP11,General hospitals,2021,2.021,
IRL,Ireland,HP73,Private health insurance administration agencies,2021,0.109,
IRL,Ireland,HP51,Pharmacies,2021,0.715,
IRL,Ireland,HP6,Providers of preventive care,2021,0.264,
IRL,Ireland,HP33,Other healthcare practitioners,2021,0.102,
IRL,Ireland,HP2,Residential long-term care facilities,2021,1.08,
IRL,Ireland,HP2,Residential long-term care facilities,2022,1.032,
IRL,Ireland,HP33,Other healthcare practitioners,2022,0.096,
IRL,Ireland,HP6,Providers of preventive care,2022,0.184,
IRL,Ireland,HP51,Pharmacies,2022,0.646,
IRL,Ireland,HP73,Private health insurance administration agencies,2022,0.056,
IRL,Ireland,HP11,General hospitals,2022,1.936,
IRL,Ireland,HP3,Providers of ambulatory healthcare,2022,1.246,
IRL,Ireland,HP42,Medical and diagnostic laboratories,2022,0.022,
IRL,Ireland,HP13,Specialised hospitals (other than mental health hospitals),2022,0.222,
IRL,Ireland,HP34,Ambulatory healthcare centres,2022,0.544,
IRL,Ireland,HP41,Providers of patient transportation and emergency rescue,2022,0.05,
IRL,Ireland,HP71,Government health administration agencies,2022,0.049,
IRL,Ireland,HP12,Mental health hospitals,2022,0.09,
IRL,Ireland,HP32,Dental practices,2022,0.116,
IRL,Ireland,HP5,Retailers and other providers of medical goods,2022,0.701,
IRL,Ireland,HP1,Hospitals,2022,2.248,
IRL,Ireland,HP8,Rest of the economy,2022,0.297,
IRL,Ireland,HP35,Providers of home healthcare services,2022,0.197,
IRL,Ireland,HP4,Providers of ancillary services,2022,0.073,
IRL,Ireland,HP9,Rest of the world,2022,0.014,
IRL,Ireland,_U,Unknown,2022,0.048,
IRL,Ireland,HP52,Retail sellers and other suppliers of durable medical goods and medical appliances,2022,0.055,
IRL,Ireland,HP82,All other industries as secondary providers of healthcare,2022,0.052,
IRL,Ireland,HP31,Medical practices,2022,0.294,
IRL,Ireland,HP81,Households as providers of home healthcare,2022,0.245,
IRL,Ireland,HP7,Providers of healthcare system administration and financing,2022,0.106,
IRL,Ireland,HP7,Providers of healthcare system administration and financing,2023,0.106,
IRL,Ireland,HP81,Households as providers of home healthcare,2023,0.268,
IRL,Ireland,HP31,Medical practices,2023,0.326,
IRL,Ireland,HP82,All other industries as secondary providers of healthcare,2023,0.056,
IRL,Ireland,HP52,Retail sellers and other suppliers of durable medical goods and medical appliances,2023,0.058,
IRL,Ireland,_U,Unknown,2023,0.054,
IRL,Ireland,HP9,Rest of the world,2023,0.018,
IRL,Ireland,HP4,Providers of ancillary services,2023,0.078,
IRL,Ireland,HP35,Providers of home healthcare services,2023,0.21,
IRL,Ireland,HP8,Rest of the economy,2023,0.324,
IRL,Ireland,HP1,Hospitals,2023,2.528,
IRL,Ireland,HP5,Retailers and other providers of medical goods,2023,0.739,
IRL,Ireland,HP32,Dental practices,2023,0.127,
IRL,Ireland,HP12,Mental health hospitals,2023,0.096,
IRL,Ireland,HP71,Government health administration agencies,2023,0.055,
IRL,Ireland,HP41,Providers of patient transportation and emergency rescue,2023,0.055,
IRL,Ireland,HP34,Ambulatory healthcare centres,2023,0.58,
IRL,Ireland,HP13,Specialised hospitals (other than mental health hospitals),2023,0.252,
IRL,Ireland,HP42,Medical and diagnostic laboratories,2023,0.024,
IRL,Ireland,HP3,Providers of ambulatory healthcare,2023,1.35,
IRL,Ireland,HP11,General hospitals,2023,2.18,
IRL,Ireland,HP73,Private health insurance administration agencies,2023,0.051,
IRL,Ireland,HP51,Pharmacies,2023,0.681,
IRL,Ireland,HP6,Providers of preventive care,2023,0.065,
IRL,Ireland,HP33,Other healthcare practitioners,2023,0.107,
IRL,Ireland,HP2,Residential long-term care facilities,2023,1.079,
IRL,Ireland,HP2,Residential long-term care facilities,2024,1.103,
IRL,Ireland,HP33,Other healthcare practitioners,2024,0.11,
IRL,Ireland,HP6,Providers of preventive care,2024,0.054,
IRL,Ireland,HP51,Pharmacies,2024,0.663,
IRL,Ireland,HP73,Private health insurance administration agencies,2024,0.066,
IRL,Ireland,HP11,General hospitals,2024,2.255,
IRL,Ireland,HP3,Providers of ambulatory healthcare,2024,1.361,
IRL,Ireland,HP42,Medical and diagnostic laboratories,2024,0.025,
IRL,Ireland,HP13,Specialised hospitals (other than mental health hospitals),2024,0.259,
IRL,Ireland,HP34,Ambulatory healthcare centres,2024,0.579,
IRL,Ireland,HP41,Providers of patient transportation and emergency rescue,2024,0.053,
IRL,Ireland,HP71,Government health administration agencies,2024,0.056,
IRL,Ireland,HP12,Mental health hospitals,2024,0.096,
IRL,Ireland,HP32,Dental practices,2024,0.129,
IRL,Ireland,HP5,Retailers and other providers of medical goods,2024,0.719,
IRL,Ireland,HP1,Hospitals,2024,2.61,
IRL,Ireland,HP8,Rest of the economy,2024,0.334,
IRL,Ireland,HP35,Providers of home healthcare services,2024,0.211,
IRL,Ireland,HP4,Providers of ancillary services,2024,0.079,
IRL,Ireland,HP9,Rest of the world,2024,0.018,
IRL,Ireland,_U,Unknown,2024,0.05,
IRL,Ireland,HP52,Retail sellers and other suppliers of durable medical goods and medical appliances,2024,0.056,
IRL,Ireland,HP82,All other industries as secondary providers of healthcare,2024,0.057,
IRL,Ireland,HP31,Medical practices,2024,0.333,
IRL,Ireland,HP81,Households as providers of home healthcare,2024,0.278,
IRL,Ireland,HP7,Providers of healthcare system administration and financing,2024,0.123,
IRL,Ireland,HP79,Other administration agencies,2015,0.001,
IRL,Ireland,HP79,Other administration agencies,2016,0.001,
IRL,Ireland,HP79,Other administration agencies,2017,0.001,
IRL,Ireland,HP79,Other administration agencies,2018,0.001,
IRL,Ireland,HP79,Other administration agencies,2019,0.001,
IRL,Ireland,HP79,Other administration agencies,2020,0.001,
IRL,Ireland,HP79,Other administration agencies,2021,0.001,
IRL,Ireland,HP79,Other administration agencies,2022,0.001,
IRL,Ireland,HP79,Other administration agencies,2023,0.001,
IRL,Ireland,HP49,Other providers of ancillary services,2016,0,
IRL,Ireland,HP49,Other providers of ancillary services,2017,0,
IRL,Ireland,HP49,Other providers of ancillary services,2018,0,
IRL,Ireland,HP49,Other providers of ancillary services,2019,0,
IRL,Ireland,HP49,Other providers of ancillary services,2020,0,
IRL,Ireland,HP49,Other providers of ancillary services,2021,0,
IRL,Ireland,HP49,Other providers of ancillary services,2022,0,
IRL,Ireland,HP49,Other providers of ancillary services,2023,0,
IRL,Ireland,HP49,Other providers of ancillary services,2024,0,
IRL,Ireland,HP79,Other administration agencies,2024,0,
POL,Poland,HP52,Retail sellers and other suppliers of durable medical goods and medical appliances,2024,0.183,
POL,Poland,HP12,Mental health hospitals,2024,0.102,
POL,Poland,HP33,Other healthcare practitioners,2024,0.148,
POL,Poland,HP79,Other administration agencies,2024,0.038,
POL,Poland,HP29,Other residential long-term care facilities,2024,0.014,
POL,Poland,HP72,Social health insurance agencies,2024,0.035,
POL,Poland,HP5,Retailers and other providers of medical goods,2024,1.264,
POL,Poland,HP1,Hospitals,2024,3.323,
POL,Poland,HP4,Providers of ancillary services,2024,0.204,
POL,Poland,HP7,Providers of healthcare system administration and financing,2024,0.326,
POL,Poland,HP32,Dental practices,2024,0.263,
POL,Poland,HP9,Rest of the world,2024,0.041,
POL,Poland,HP8,Rest of the economy,2024,0.461,
POL,Poland,HP71,Government health administration agencies,2024,0.251,
POL,Poland,HP35,Providers of home healthcare services,2024,0.056,
POL,Poland,HP34,Ambulatory healthcare centres,2024,1.412,
POL,Poland,HP51,Pharmacies,2024,1.078,
POL,Poland,HP21,Long-term nursing care facilities,2024,0.09,
POL,Poland,HP81,Households as providers of home healthcare,2024,0.445,
POL,Poland,HP3,Providers of ambulatory healthcare,2024,2.085,
POL,Poland,HP42,Medical and diagnostic laboratories,2024,0.038,
POL,Poland,HP41,Providers of patient transportation and emergency rescue,2024,0.16,
POL,Poland,HP82,All other industries as secondary providers of healthcare,2024,0.016,
POL,Poland,HP6,Providers of preventive care,2024,0.015,
POL,Poland,HP13,Specialised hospitals (other than mental health hospitals),2024,0.671,
POL,Poland,HP11,General hospitals,2024,2.55,
POL,Poland,HP49,Other providers of ancillary services,2024,0.007,
POL,Poland,HP22,Mental health and substance abuse facilities,2024,0.013,
POL,Poland,HP2,Residential long-term care facilities,2024,0.117,
POL,Poland,HP31,Medical practices,2024,0.207,
POL,Poland,HP52,Retail sellers and other suppliers of durable medical goods and medical appliances,2020,0.135,
POL,Poland,HP12,Mental health hospitals,2020,0.076,
POL,Poland,HP33,Other healthcare practitioners,2020,0.123,
POL,Poland,HP79,Other administration agencies,2020,0.028,
POL,Poland,HP72,Social health insurance agencies,2020,0.045,
POL,Poland,HP5,Retailers and other providers of medical goods,2020,1.369,
POL,Poland,HP1,Hospitals,2020,2.596,
POL,Poland,HP4,Providers of ancillary services,2020,0.185,
POL,Poland,HP7,Providers of healthcare system administration and financing,2020,0.114,
POL,Poland,HP32,Dental practices,2020,0.2,
POL,Poland,HP9,Rest of the world,2020,0.038,
POL,Poland,HP8,Rest of the economy,2020,0.346,
POL,Poland,HP71,Government health administration agencies,2020,0.039,
POL,Poland,HP35,Providers of home healthcare services,2020,0.045,
POL,Poland,HP34,Ambulatory healthcare centres,2020,1.035,
POL,Poland,HP51,Pharmacies,2020,1.231,
POL,Poland,HP21,Long-term nursing care facilities,2020,0.076,
POL,Poland,HP81,Households as providers of home healthcare,2020,0.331,
POL,Poland,HP3,Providers of ambulatory healthcare,2020,1.658,
POL,Poland,HP42,Medical and diagnostic laboratories,2020,0.041,
POL,Poland,HP41,Providers of patient transportation and emergency rescue,2020,0.137,
POL,Poland,HP82,All other industries as secondary providers of healthcare,2020,0.016,
POL,Poland,HP6,Providers of preventive care,2020,0.034,
POL,Poland,HP13,Specialised hospitals (other than mental health hospitals),2020,0.561,
POL,Poland,HP11,General hospitals,2020,1.958,
POL,Poland,HP49,Other providers of ancillary services,2020,0.008,
POL,Poland,HP22,Mental health and substance abuse facilities,2020,0.009,
POL,Poland,HP2,Residential long-term care facilities,2020,0.088,
POL,Poland,HP31,Medical practices,2020,0.256,
POL,Poland,HP31,Medical practices,2023,0.198,
POL,Poland,HP2,Residential long-term care facilities,2023,0.098,
POL,Poland,HP22,Mental health and substance abuse facilities,2023,0.012,
POL,Poland,HP11,General hospitals,2023,2.338,
POL,Poland,HP13,Specialised hospitals (other than mental health hospitals),2023,0.669,
POL,Poland,HP6,Providers of preventive care,2023,0.017,
POL,Poland,HP82,All other industries as secondary providers of healthcare,2023,0.015,
POL,Poland,HP41,Providers of patient transportation and emergency rescue,2023,0.154,
POL,Poland,HP42,Medical and diagnostic laboratories,2023,0.033,
POL,Poland,HP3,Providers of ambulatory healthcare,2023,1.783,
POL,Poland,HP81,Households as providers of home healthcare,2023,0.375,
POL,Poland,HP21,Long-term nursing care facilities,2023,0.082,
POL,Poland,HP51,Pharmacies,2023,1.052,
POL,Poland,HP34,Ambulatory healthcare centres,2023,1.21,
POL,Poland,HP35,Providers of home healthcare services,2023,0.052,
POL,Poland,HP71,Government health administration agencies,2023,0.237,
POL,Poland,HP8,Rest of the economy,2023,0.39,
POL,Poland,HP9,Rest of the world,2023,0.043,
POL,Poland,HP32,Dental practices,2023,0.192,
POL,Poland,HP7,Providers of healthcare system administration and financing,2023,0.309,
POL,Poland,HP4,Providers of ancillary services,2023,0.192,
POL,Poland,HP1,Hospitals,2023,3.103,
POL,Poland,HP5,Retailers and other providers of medical goods,2023,1.203,
POL,Poland,HP72,Social health insurance agencies,2023,0.031,
POL,Poland,HP79,Other administration agencies,2023,0.039,
POL,Poland,HP33,Other healthcare practitioners,2023,0.132,
POL,Poland,HP12,Mental health hospitals,2023,0.095,
POL,Poland,HP52,Retail sellers and other suppliers of durable medical goods and medical appliances,2023,0.148,
POL,Poland,HP52,Retail sellers and other suppliers of durable medical goods and medical appliances,2018,0.138,
POL,Poland,HP12,Mental health hospitals,2018,0.072,
POL,Poland,HP33,Other healthcare practitioners,2018,0.094,
POL,Poland,HP79,Other administration agencies,2018,0.034,
POL,Poland,HP72,Social health insurance agencies,2018,0.038,
POL,Poland,HP5,Retailers and other providers of medical goods,2018,1.397,
POL,Poland,HP1,Hospitals,2018,2.567,
POL,Poland,HP4,Providers of ancillary services,2018,0.186,
POL,Poland,HP7,Providers of healthcare system administration and financing,2018,0.19,
POL,Poland,HP32,Dental practices,2018,0.2,
POL,Poland,HP9,Rest of the world,2018,0.038,
POL,Poland,HP8,Rest of the economy,2018,0.264,
POL,Poland,HP71,Government health administration agencies,2018,0.118,
POL,Poland,HP35,Providers of home healthcare services,2018,0.045,
POL,Poland,HP34,Ambulatory healthcare centres,2018,0.96,
POL,Poland,HP51,Pharmacies,2018,1.256,
POL,Poland,HP21,Long-term nursing care facilities,2018,0.065,
POL,Poland,HP81,Households as providers of home healthcare,2018,0.249,
POL,Poland,HP3,Providers of ambulatory healthcare,2018,1.52,
POL,Poland,HP42,Medical and diagnostic laboratories,2018,0.041,
POL,Poland,HP41,Providers of patient transportation and emergency rescue,2018,0.14,
POL,Poland,HP82,All other industries as secondary providers of healthcare,2018,0.015,
POL,Poland,HP6,Providers of preventive care,2018,0.015,
POL,Poland,HP13,Specialised hospitals (other than mental health hospitals),2018,0.526,
POL,Poland,HP11,General hospitals,2018,1.969,
POL,Poland,HP22,Mental health and substance abuse facilities,2018,0.007,
POL,Poland,HP2,Residential long-term care facilities,2018,0.074,
POL,Poland,HP31,Medical practices,2018,0.221,
POL,Poland,HP31,Medical practices,2021,0.237,
POL,Poland,HP2,Residential long-term care facilities,2021,0.083,
POL,Poland,HP22,Mental health and substance abuse facilities,2021,0.008,
POL,Poland,HP11,General hospitals,2021,1.882,
POL,Poland,HP13,Specialised hospitals (other than mental health hospitals),2021,0.472,
POL,Poland,HP6,Providers of preventive care,2021,0.032,
POL,Poland,HP82,All other industries as secondary providers of healthcare,2021,0.014,
POL,Poland,HP41,Providers of patient transportation and emergency rescue,2021,0.224,
POL,Poland,HP42,Medical and diagnostic laboratories,2021,0.045,
POL,Poland,HP3,Providers of ambulatory healthcare,2021,1.625,
POL,Poland,HP81,Households as providers of home healthcare,2021,0.295,
POL,Poland,HP21,Long-term nursing care facilities,2021,0.072,
POL,Poland,HP51,Pharmacies,2021,1.172,
POL,Poland,HP34,Ambulatory healthcare centres,2021,0.998,
POL,Poland,HP35,Providers of home healthcare services,2021,0.042,
POL,Poland,HP71,Government health administration agencies,2021,0.275,
POL,Poland,HP8,Rest of the economy,2021,0.309,
POL,Poland,HP9,Rest of the world,2021,0.039,
POL,Poland,HP32,Dental practices,2021,0.23,
POL,Poland,HP7,Providers of healthcare system administration and financing,2021,0.344,
POL,Poland,HP4,Providers of ancillary services,2021,0.276,
POL,Poland,HP1,Hospitals,2021,2.423,
POL,Poland,HP5,Retailers and other providers of medical goods,2021,1.318,
POL,Poland,HP72,Social health insurance agencies,2021,0.04,
POL,Poland,HP79,Other administration agencies,2021,0.027,
POL,Poland,HP33,Other healthcare practitioners,2021,0.117,
POL,Poland,HP12,Mental health hospitals,2021,0.069,
POL,Poland,HP52,Retail sellers and other suppliers of durable medical goods and medical appliances,2021,0.144,
POL,Poland,HP52,Retail sellers and other suppliers of durable medical goods and medical appliances,2022,0.122,
POL,Poland,HP12,Mental health hospitals,2022,0.079,
POL,Poland,HP33,Other healthcare practitioners,2022,0.133,
POL,Poland,HP79,Other administration agencies,2022,0.036,
POL,Poland,HP72,Social health insurance agencies,2022,0.032,
POL,Poland,HP5,Retailers and other providers of medical goods,2022,1.187,
POL,Poland,HP1,Hospitals,2022,2.668,
POL,Poland,HP4,Providers of ancillary services,2022,0.291,
POL,Poland,HP7,Providers of healthcare system administration and financing,2022,0.313,
POL,Poland,HP32,Dental practices,2022,0.184,
POL,Poland,HP9,Rest of the world,2022,0.042,
POL,Poland,HP8,Rest of the economy,2022,0.327,
POL,Poland,HP71,Government health administration agencies,2022,0.243,
POL,Poland,HP35,Providers of home healthcare services,2022,0.045,
POL,Poland,HP34,Ambulatory healthcare centres,2022,1.138,
POL,Poland,HP51,Pharmacies,2022,1.062,
POL,Poland,HP21,Long-term nursing care facilities,2022,0.074,
POL,Poland,HP81,Households as providers of home healthcare,2022,0.313,
POL,Poland,HP3,Providers of ambulatory healthcare,2022,1.696,
POL,Poland,HP42,Medical and diagnostic laboratories,2022,0.038,
POL,Poland,HP41,Providers of patient transportation and emergency rescue,2022,0.248,
POL,Poland,HP82,All other industries as secondary providers of healthcare,2022,0.014,
POL,Poland,HP6,Providers of preventive care,2022,0.03,
POL,Poland,HP13,Specialised hospitals (other than mental health hospitals),2022,0.579,
POL,Poland,HP11,General hospitals,2022,2.01,
POL,Poland,HP22,Mental health and substance abuse facilities,2022,0.01,
POL,Poland,HP2,Residential long-term care facilities,2022,0.087,
POL,Poland,HP31,Medical practices,2022,0.196,
POL,Poland,HP31,Medical practices,2017,0.233,
POL,Poland,HP2,Residential long-term care facilities,2017,0.075,
POL,Poland,HP22,Mental health and substance abuse facilities,2017,0.008,
POL,Poland,HP11,General hospitals,2017,1.968,
POL,Poland,HP13,Specialised hospitals (other than mental health hospitals),2017,0.531,
POL,Poland,HP6,Providers of preventive care,2017,0.017,
POL,Poland,HP82,All other industries as secondary providers of healthcare,2017,0.017,
POL,Poland,HP41,Providers of patient transportation and emergency rescue,2017,0.138,
POL,Poland,HP42,Medical and diagnostic laboratories,2017,0.043,
POL,Poland,HP3,Providers of ambulatory healthcare,2017,1.726,
POL,Poland,HP81,Households as providers of home healthcare,2017,0.254,
POL,Poland,HP21,Long-term nursing care facilities,2017,0.066,
POL,Poland,HP51,Pharmacies,2017,1.297,
POL,Poland,HP34,Ambulatory healthcare centres,2017,1.064,
POL,Poland,HP35,Providers of home healthcare services,2017,0.036,
POL,Poland,HP71,Government health administration agencies,2017,0.125,
POL,Poland,HP8,Rest of the economy,2017,0.27,
POL,Poland,HP9,Rest of the world,2017,0.036,
POL,Poland,HP32,Dental practices,2017,0.32,
POL,Poland,HP7,Providers of healthcare system administration and financing,2017,0.199,
POL,Poland,HP4,Providers of ancillary services,2017,0.185,
POL,Poland,HP1,Hospitals,2017,2.57,
POL,Poland,HP5,Retailers and other providers of medical goods,2017,1.458,
POL,Poland,HP72,Social health insurance agencies,2017,0.038,
POL,Poland,HP79,Other administration agencies,2017,0.035,
POL,Poland,HP33,Other healthcare practitioners,2017,0.074,
POL,Poland,HP12,Mental health hospitals,2017,0.071,
POL,Poland,HP52,Retail sellers and other suppliers of durable medical goods and medical appliances,2017,0.156,
POL,Poland,HP5,Retailers and other providers of medical goods,2016,1.49,
POL,Poland,HP1,Hospitals,2016,2.479,
POL,Poland,HP4,Providers of ancillary services,2016,0.19,
POL,Poland,HP7,Providers of healthcare system administration and financing,2016,0.222,
POL,Poland,HP32,Dental practices,2016,0.307,
POL,Poland,HP9,Rest of the world,2016,0.037,
POL,Poland,HP8,Rest of the economy,2016,0.28,
POL,Poland,HP71,Government health administration agencies,2016,0.146,
POL,Poland,HP35,Providers of home healthcare services,2016,0.031,
POL,Poland,HP34,Ambulatory healthcare centres,2016,1.087,
POL,Poland,HP51,Pharmacies,2016,1.338,
POL,Poland,HP21,Long-term nursing care facilities,2016,0.059,
POL,Poland,HP81,Households as providers of home healthcare,2016,0.261,
POL,Poland,HP3,Providers of ambulatory healthcare,2016,1.748,
POL,Poland,HP42,Medical and diagnostic laboratories,2016,0.042,
POL,Poland,HP41,Providers of patient transportation and emergency rescue,2016,0.143,
POL,Poland,HP82,All other industries as secondary providers of healthcare,2016,0.02,
POL,Poland,HP6,Providers of preventive care,2016,0.012,
POL,Poland,HP13,Specialised hospitals (other than mental health hospitals),2016,0.518,
POL,Poland,HP11,General hospitals,2016,1.89,
POL,Poland,HP22,Mental health and substance abuse facilities,2016,0.008,
POL,Poland,HP2,Residential long-term care facilities,2016,0.068,
POL,Poland,HP31,Medical practices,2016,0.255,
POL,Poland,HP59,All other miscellaneous sellers and other suppliers of pharmaceuticals and medical goods,2016,0.005,
POL,Poland,HP59,All other miscellaneous sellers and other suppliers of pharmaceuticals and medical goods,2017,0.005,
POL,Poland,HP49,Other providers of ancillary services,2018,0.005,
POL,Poland,HP49,Other providers of ancillary services,2022,0.005,
POL,Poland,HP49,Other providers of ancillary services,2023,0.005,
POL,Poland,HP49,Other providers of ancillary services,2021,0.006,
POL,Poland,HP49,Other providers of ancillary services,2016,0.004,
POL,Poland,HP49,Other providers of ancillary services,2017,0.004,
POL,Poland,HP29,Other residential long-term care facilities,2023,0.004,
POL,Poland,HP59,All other miscellaneous sellers and other suppliers of pharmaceuticals and medical goods,2024,0.004,
POL,Poland,HP59,All other miscellaneous sellers and other suppliers of pharmaceuticals and medical goods,2018,0.003,
POL,Poland,HP29,Other residential long-term care facilities,2020,0.003,
POL,Poland,HP59,All other miscellaneous sellers and other suppliers of pharmaceuticals and medical goods,2020,0.003,
POL,Poland,HP29,Other residential long-term care facilities,2021,0.003,
POL,Poland,HP29,Other residential long-term care facilities,2022,0.003,
POL,Poland,HP59,All other miscellaneous sellers and other suppliers of pharmaceuticals and medical goods,2022,0.003,
POL,Poland,HP59,All other miscellaneous sellers and other suppliers of pharmaceuticals and medical goods,2023,0.003,
POL,Poland,HP29,Other residential long-term care facilities,2017,0.002,
POL,Poland,HP29,Other residential long-term care facilities,2018,0.002,
POL,Poland,HP59,All other miscellaneous sellers and other suppliers of pharmaceuticals and medical goods,2021,0.002,
POL,Poland,HP73,Private health insurance administration agencies,2023,0.002,
POL,Poland,HP73,Private health insurance administration agencies,2024,0.002,
POL,Poland,HP73,Private health insurance administration agencies,2016,0.001,
POL,Poland,HP73,Private health insurance administration agencies,2017,0.001,
POL,Poland,HP73,Private health insurance administration agencies,2018,0.001,
POL,Poland,HP73,Private health insurance administration agencies,2020,0.001,
POL,Poland,HP73,Private health insurance administration agencies,2021,0.001,
POL,Poland,HP73,Private health insurance administration agencies,2022,0.001,
ITA,Italy,HP1,Hospitals,2019,3.803,B
ITA,Italy,HP4,Providers of ancillary services,2019,0.354,B
ITA,Italy,HP3,Providers of ambulatory healthcare,2019,2.078,B
ITA,Italy,HP6,Providers of preventive care,2019,0.281,B
ITA,Italy,HP8,Rest of the economy,2019,0.013,B
ITA,Italy,HP2,Residential long-term care facilities,2019,0.544,B
ITA,Italy,HP5,Retailers and other providers of medical goods,2019,1.4,B
POL,Poland,HP31,Medical practices,2019,0.234,B
POL,Poland,HP2,Residential long-term care facilities,2019,0.082,B
POL,Poland,HP22,Mental health and substance abuse facilities,2019,0.008,B
POL,Poland,HP49,Other providers of ancillary services,2019,0.005,B
POL,Poland,HP11,General hospitals,2019,1.991,B
POL,Poland,HP13,Specialised hospitals (other than mental health hospitals),2019,0.599,B
POL,Poland,HP6,Providers of preventive care,2019,0.013,B
POL,Poland,HP82,All other industries as secondary providers of healthcare,2019,0.009,B
POL,Poland,HP59,All other miscellaneous sellers and other suppliers of pharmaceuticals and medical goods,2019,0.004,B
POL,Poland,HP41,Providers of patient transportation and emergency rescue,2019,0.121,B
POL,Poland,HP42,Medical and diagnostic laboratories,2019,0.035,B
POL,Poland,HP3,Providers of ambulatory healthcare,2019,1.592,B
POL,Poland,HP81,Households as providers of home healthcare,2019,0.279,B
POL,Poland,HP21,Long-term nursing care facilities,2019,0.072,B
POL,Poland,HP51,Pharmacies,2019,1.223,B
POL,Poland,HP34,Ambulatory healthcare centres,2019,1.015,B
POL,Poland,HP35,Providers of home healthcare services,2019,0.042,B
POL,Poland,HP71,Government health administration agencies,2019,0.107,B
POL,Poland,HP8,Rest of the economy,2019,0.288,B
POL,Poland,HP9,Rest of the world,2019,0.039,B
POL,Poland,HP32,Dental practices,2019,0.202,B
POL,Poland,HP7,Providers of healthcare system administration and financing,2019,0.178,B
POL,Poland,HP4,Providers of ancillary services,2019,0.162,B
POL,Poland,HP1,Hospitals,2019,2.664,B
POL,Poland,HP5,Retailers and other providers of medical goods,2019,1.37,B
POL,Poland,HP73,Private health insurance administration agencies,2019,0.001,B
POL,Poland,HP72,Social health insurance agencies,2019,0.038,B
POL,Poland,HP29,Other residential long-term care facilities,2019,0.002,B
POL,Poland,HP79,Other administration agencies,2019,0.032,B
POL,Poland,HP33,Other healthcare practitioners,2019,0.099,B
POL,Poland,HP12,Mental health hospitals,2019,0.074,B
POL,Poland,HP52,Retail sellers and other suppliers of durable medical goods and medical appliances,2019,0.143,B
IRL,Ireland,HP7,Providers of healthcare system administration and financing,2025,0.118,P
IRL,Ireland,_U,Unknown,2025,0.047,P
IRL,Ireland,HP9,Rest of the world,2025,0.017,P
IRL,Ireland,HP4,Providers of ancillary services,2025,0.074,P
IRL,Ireland,HP8,Rest of the economy,2025,0.317,P
IRL,Ireland,HP1,Hospitals,2025,2.475,P
IRL,Ireland,HP5,Retailers and other providers of medical goods,2025,0.671,P
IRL,Ireland,HP3,Providers of ambulatory healthcare,2025,1.275,P
IRL,Ireland,HP6,Providers of preventive care,2025,0.051,P
IRL,Ireland,HP2,Residential long-term care facilities,2025,1.035,P
IRL,Ireland,_T,Total,2025,6.079,P
POL,Poland,_T,Total,2025,8.894,P
BEL,Belgium,_T,Total,2025,11.194,E
FIN,Finland,_T,Total,2025,10.59,E
ISL,Iceland,_T,Total,2025,9.187,P
ISR,Israel,_T,Total,2024,7.089,D
ISR,Israel,_T,Total,2025,7.023,D
ISR,Israel,_T,Total,2023,7.081,D
CHL,Chile,_T,Total,2015,8.351,
CHL,Chile,_T,Total,2016,8.558,
CHL,Chile,_T,Total,2017,9.091,
CHL,Chile,_U,Unknown,2019,1.801,D
CHL,Chile,HP3,Providers of ambulatory healthcare,2019,1.833,D
CHL,Chile,HP6,Providers of preventive care,2019,0.06,D
CHL,Chile,HP11,General hospitals,2019,3.329,D
CHL,Chile,HP7,Providers of healthcare system administration and financing,2019,1.222,D
CHL,Chile,HP4,Providers of ancillary services,2019,0.023,D
CHL,Chile,HP2,Residential long-term care facilities,2019,0.004,D
CHL,Chile,HP1,Hospitals,2019,3.635,D
CHL,Chile,HP72,Social health insurance agencies,2019,0.562,D
CHL,Chile,HP73,Private health insurance administration agencies,2019,0.173,D
CHL,Chile,HP21,Long-term nursing care facilities,2019,0.004,D
CHL,Chile,HP34,Ambulatory healthcare centres,2019,1.833,D
CHL,Chile,HP5,Retailers and other providers of medical goods,2019,0.756,D
CHL,Chile,HP13,Specialised hospitals (other than mental health hospitals),2019,0.288,D
CHL,Chile,HP71,Government health administration agencies,2019,0.487,D
CHL,Chile,HP42,Medical and diagnostic laboratories,2019,0.023,D
CHL,Chile,HP12,Mental health hospitals,2019,0.018,D
CHL,Chile,HP12,Mental health hospitals,2020,0.015,D
CHL,Chile,HP42,Medical and diagnostic laboratories,2020,0.03,D
CHL,Chile,HP71,Government health administration agencies,2020,0.542,D
CHL,Chile,HP13,Specialised hospitals (other than mental health hospitals),2020,0.251,D
CHL,Chile,HP5,Retailers and other providers of medical goods,2020,0.769,D
CHL,Chile,HP34,Ambulatory healthcare centres,2020,2.139,D
CHL,Chile,HP21,Long-term nursing care facilities,2020,0.004,D
CHL,Chile,HP73,Private health insurance administration agencies,2020,0.416,D
CHL,Chile,HP72,Social health insurance agencies,2020,0.666,D
CHL,Chile,HP1,Hospitals,2020,3.542,D
CHL,Chile,HP2,Residential long-term care facilities,2020,0.004,D
CHL,Chile,HP4,Providers of ancillary services,2020,0.03,D
CHL,Chile,HP7,Providers of healthcare system administration and financing,2020,1.624,D
CHL,Chile,HP11,General hospitals,2020,3.277,D
CHL,Chile,HP6,Providers of preventive care,2020,0.213,D
CHL,Chile,HP3,Providers of ambulatory healthcare,2020,2.139,D
CHL,Chile,_U,Unknown,2020,1.375,D
CHL,Chile,_U,Unknown,2021,1.611,D
CHL,Chile,HP3,Providers of ambulatory healthcare,2021,2.264,D
CHL,Chile,HP6,Providers of preventive care,2021,0.314,D
CHL,Chile,HP11,General hospitals,2021,3.205,D
CHL,Chile,HP7,Providers of healthcare system administration and financing,2021,1.316,D
CHL,Chile,HP4,Providers of ancillary services,2021,0.02,D
CHL,Chile,HP2,Residential long-term care facilities,2021,0.004,D
CHL,Chile,HP1,Hospitals,2021,3.433,D
CHL,Chile,HP72,Social health insurance agencies,2021,0.458,D
CHL,Chile,HP73,Private health insurance administration agencies,2021,0.381,D
CHL,Chile,HP21,Long-term nursing care facilities,2021,0.004,D
CHL,Chile,HP34,Ambulatory healthcare centres,2021,2.264,D
CHL,Chile,HP5,Retailers and other providers of medical goods,2021,0.757,D
CHL,Chile,HP13,Specialised hospitals (other than mental health hospitals),2021,0.216,D
CHL,Chile,HP71,Government health administration agencies,2021,0.477,D
CHL,Chile,HP42,Medical and diagnostic laboratories,2021,0.02,D
CHL,Chile,HP12,Mental health hospitals,2021,0.013,D
CHL,Chile,HP12,Mental health hospitals,2022,0.013,D
CHL,Chile,HP42,Medical and diagnostic laboratories,2022,0.021,D
CHL,Chile,HP71,Government health administration agencies,2022,0.438,D
CHL,Chile,HP13,Specialised hospitals (other than mental health hospitals),2022,0.229,D
CHL,Chile,HP5,Retailers and other providers of medical goods,2022,0.758,D
CHL,Chile,HP34,Ambulatory healthcare centres,2022,2.306,D
CHL,Chile,HP21,Long-term nursing care facilities,2022,0.004,D
CHL,Chile,HP73,Private health insurance administration agencies,2022,0.342,D
CHL,Chile,HP72,Social health insurance agencies,2022,0.488,D
CHL,Chile,HP1,Hospitals,2022,3.533,D
CHL,Chile,HP2,Residential long-term care facilities,2022,0.004,D
CHL,Chile,HP4,Providers of ancillary services,2022,0.021,D
CHL,Chile,HP7,Providers of healthcare system administration and financing,2022,1.268,D
CHL,Chile,HP11,General hospitals,2022,3.291,D
CHL,Chile,HP6,Providers of preventive care,2022,0.258,D
CHL,Chile,HP3,Providers of ambulatory healthcare,2022,2.306,D
CHL,Chile,_U,Unknown,2022,1.862,D
CHL,Chile,_U,Unknown,2023,1.924,D
CHL,Chile,HP3,Providers of ambulatory healthcare,2023,2.446,D
CHL,Chile,HP6,Providers of preventive care,2023,0.131,D
CHL,Chile,HP11,General hospitals,2023,3.502,D
CHL,Chile,HP7,Providers of healthcare system administration and financing,2023,1.26,D
CHL,Chile,HP4,Providers of ancillary services,2023,0.02,D
CHL,Chile,HP2,Residential long-term care facilities,2023,0.005,D
CHL,Chile,HP1,Hospitals,2023,3.764,D
CHL,Chile,HP72,Social health insurance agencies,2023,0.482,D
CHL,Chile,HP73,Private health insurance administration agencies,2023,0.365,D
CHL,Chile,HP21,Long-term nursing care facilities,2023,0.005,D
CHL,Chile,HP34,Ambulatory healthcare centres,2023,2.446,D
CHL,Chile,HP5,Retailers and other providers of medical goods,2023,0.747,D
CHL,Chile,HP13,Specialised hospitals (other than mental health hospitals),2023,0.248,D
CHL,Chile,HP71,Government health administration agencies,2023,0.413,D
CHL,Chile,HP42,Medical and diagnostic laboratories,2023,0.02,D
CHL,Chile,HP12,Mental health hospitals,2023,0.013,D
CHL,Chile,HP12,Mental health hospitals,2024,0.013,D
CHL,Chile,HP42,Medical and diagnostic laboratories,2024,0.019,D
CHL,Chile,HP71,Government health administration agencies,2024,0.427,D
CHL,Chile,HP13,Specialised hospitals (other than mental health hospitals),2024,0.236,D
CHL,Chile,HP5,Retailers and other providers of medical goods,2024,0.705,D
CHL,Chile,HP34,Ambulatory healthcare centres,2024,2.459,D
CHL,Chile,HP21,Long-term nursing care facilities,2024,0.005,D
CHL,Chile,HP73,Private health insurance administration agencies,2024,0.361,D
CHL,Chile,HP72,Social health insurance agencies,2024,0.525,D
CHL,Chile,HP1,Hospitals,2024,3.715,D
CHL,Chile,HP2,Residential long-term care facilities,2024,0.005,D
CHL,Chile,HP4,Providers of ancillary services,2024,0.019,D
CHL,Chile,HP7,Providers of healthcare system administration and financing,2024,1.313,D
CHL,Chile,HP11,General hospitals,2024,3.466,D
CHL,Chile,HP6,Providers of preventive care,2024,0.107,D
CHL,Chile,HP3,Providers of ambulatory healthcare,2024,2.459,D
CHL,Chile,_U,Unknown,2024,2.155,D
CAN,Canada,HP6,Providers of preventive care,2025,0.663,P
CAN,Canada,HP35,Providers of home healthcare services,2025,0.528,P
CAN,Canada,HP5,Retailers and other providers of medical goods,2025,1.984,P
CAN,Canada,_U,Unknown,2025,0.044,P
CAN,Canada,HP52,Retail sellers and other suppliers of durable medical goods and medical appliances,2025,0.18,P
CAN,Canada,HP82,All other industries as secondary providers of healthcare,2025,0.021,P
CAN,Canada,HP2,Residential long-term care facilities,2025,1.652,P
CAN,Canada,HP81,Households as providers of home healthcare,2025,0.001,P
CAN,Canada,HP3,Providers of ambulatory healthcare,2025,3.443,P
CAN,Canada,HP13,Specialised hospitals (other than mental health hospitals),2025,0.278,P
CAN,Canada,HP1,Hospitals,2025,3.114,P
CAN,Canada,HP33,Other healthcare practitioners,2025,0.441,P
CAN,Canada,HP31,Medical practices,2025,1.693,P
CAN,Canada,HP7,Providers of healthcare system administration and financing,2025,0.386,P
CAN,Canada,HP41,Providers of patient transportation and emergency rescue,2025,0.177,P
CAN,Canada,HP11,General hospitals,2025,2.734,P
CAN,Canada,HP71,Government health administration agencies,2025,0.17,P
CAN,Canada,HP12,Mental health hospitals,2025,0.102,P
CAN,Canada,HP32,Dental practices,2025,0.723,P
CAN,Canada,HP29,Other residential long-term care facilities,2025,0.012,P
CAN,Canada,HP4,Providers of ancillary services,2025,0.177,P
CAN,Canada,HP59,All other miscellaneous sellers and other suppliers of pharmaceuticals and medical goods,2025,0.175,P
CAN,Canada,HP21,Long-term nursing care facilities,2025,1.615,P
CAN,Canada,HP8,Rest of the economy,2025,0.021,P
CAN,Canada,HP34,Ambulatory healthcare centres,2025,0.057,P
CAN,Canada,HP51,Pharmacies,2025,1.628,P
DNK,Denmark,HP2,Residential long-term care facilities,2025,1.118,P
DNK,Denmark,HP21,Long-term nursing care facilities,2025,1.078,P
DNK,Denmark,HP52,Retail sellers and other suppliers of durable medical goods and medical appliances,2025,0.44,P
DNK,Denmark,HP31,Medical practices,2025,0.572,P
DNK,Denmark,HP12,Mental health hospitals,2025,0.436,P
DNK,Denmark,HP11,General hospitals,2025,3.887,P
DNK,Denmark,HP5,Retailers and other providers of medical goods,2025,1.127,P
DNK,Denmark,HP33,Other healthcare practitioners,2025,0.411,P
DNK,Denmark,HP1,Hospitals,2025,4.328,P
DNK,Denmark,HP8,Rest of the economy,2025,0.008,P
DNK,Denmark,HP51,Pharmacies,2025,0.568,P
DNK,Denmark,HP22,Mental health and substance abuse facilities,2025,0.04,P
DNK,Denmark,HP59,All other miscellaneous sellers and other suppliers of pharmaceuticals and medical goods,2025,0.119,P
DNK,Denmark,HP34,Ambulatory healthcare centres,2025,0.052,P
DNK,Denmark,HP71,Government health administration agencies,2025,0.395,P
DNK,Denmark,HP35,Providers of home healthcare services,2025,0.942,P
DNK,Denmark,HP73,Private health insurance administration agencies,2025,0.009,P
DNK,Denmark,HP6,Providers of preventive care,2025,0.129,P
DNK,Denmark,HP32,Dental practices,2025,0.468,P
DNK,Denmark,HP9,Rest of the world,2025,0.016,P
DNK,Denmark,HP3,Providers of ambulatory healthcare,2025,2.445,P
DNK,Denmark,HP81,Households as providers of home healthcare,2025,0.008,P
DNK,Denmark,HP4,Providers of ancillary services,2025,0,P
DNK,Denmark,HP7,Providers of healthcare system administration and financing,2025,0.404,P
DNK,Denmark,HP42,Medical and diagnostic laboratories,2025,0,P
DNK,Denmark,HP13,Specialised hospitals (other than mental health hospitals),2025,0.006,P
CRI,Costa Rica,_T,Total,2025,6.776,E
DEU,Germany,_T,Total,2025,12.735,P
LTU,Lithuania,_T,Total,2025,7.639,P
HUN,Hungary,_T,Total,2025,6.524,P
CHL,Chile,_T,Total,2025,10.3,P
DNK,Denmark,_T,Total,2025,9.576,P
DEU,Germany,HP52,Retail sellers and other suppliers of durable medical goods and medical appliances,2023,0.45,
DEU,Germany,HP35,Providers of home healthcare services,2023,0.811,
DEU,Germany,HP59,All other miscellaneous sellers and other suppliers of pharmaceuticals and medical goods,2023,0.072,
DEU,Germany,HP2,Residential long-term care facilities,2023,1.142,
DEU,Germany,HP33,Other healthcare practitioners,2023,0.51,
DEU,Germany,HP4,Providers of ancillary services,2023,0.193,
DEU,Germany,HP34,Ambulatory healthcare centres,2023,0.047,
DEU,Germany,HP51,Pharmacies,2023,1.564,
DEU,Germany,HP21,Long-term nursing care facilities,2023,1.142,
DEU,Germany,HP71,Government health administration agencies,2023,0.008,
DEU,Germany,HP9,Rest of the world,2023,0.048,
DEU,Germany,HP13,Specialised hospitals (other than mental health hospitals),2023,0.298,
DEU,Germany,HP32,Dental practices,2023,0.731,
DEU,Germany,HP3,Providers of ambulatory healthcare,2023,3.644,
DEU,Germany,HP73,Private health insurance administration agencies,2023,0.114,
DEU,Germany,HP11,General hospitals,2023,2.869,
DEU,Germany,HP49,Other providers of ancillary services,2023,0.004,
DEU,Germany,HP8,Rest of the economy,2023,0.611,
DEU,Germany,HP6,Providers of preventive care,2023,0.168,
DEU,Germany,HP81,Households as providers of home healthcare,2023,0.512,
DEU,Germany,HP72,Social health insurance agencies,2023,0.454,
DEU,Germany,HP5,Retailers and other providers of medical goods,2023,2.087,
DEU,Germany,HP7,Providers of healthcare system administration and financing,2023,0.576,
DEU,Germany,HP41,Providers of patient transportation and emergency rescue,2023,0.19,
DEU,Germany,HP31,Medical practices,2023,1.544,
DEU,Germany,HP1,Hospitals,2023,3.167,
DEU,Germany,HP1,Hospitals,2024,3.359,
DEU,Germany,HP31,Medical practices,2024,1.597,
DEU,Germany,HP41,Providers of patient transportation and emergency rescue,2024,0.203,
DEU,Germany,HP7,Providers of healthcare system administration and financing,2024,0.575,
DEU,Germany,HP5,Retailers and other providers of medical goods,2024,2.198,
DEU,Germany,HP72,Social health insurance agencies,2024,0.446,
DEU,Germany,HP81,Households as providers of home healthcare,2024,0.576,
DEU,Germany,HP6,Providers of preventive care,2024,0.132,
DEU,Germany,HP8,Rest of the economy,2024,0.68,
DEU,Germany,HP49,Other providers of ancillary services,2024,0.004,
DEU,Germany,HP11,General hospitals,2024,3.039,
DEU,Germany,HP73,Private health insurance administration agencies,2024,0.121,
DEU,Germany,HP3,Providers of ambulatory healthcare,2024,3.794,
DEU,Germany,HP32,Dental practices,2024,0.741,
DEU,Germany,HP13,Specialised hospitals (other than mental health hospitals),2024,0.32,
DEU,Germany,HP9,Rest of the world,2024,0.056,
DEU,Germany,HP71,Government health administration agencies,2024,0.008,
DEU,Germany,HP21,Long-term nursing care facilities,2024,1.207,
DEU,Germany,HP51,Pharmacies,2024,1.654,
DEU,Germany,HP34,Ambulatory healthcare centres,2024,0.048,
DEU,Germany,HP4,Providers of ancillary services,2024,0.207,
DEU,Germany,HP33,Other healthcare practitioners,2024,0.543,
DEU,Germany,HP2,Residential long-term care facilities,2024,1.207,
DEU,Germany,HP59,All other miscellaneous sellers and other suppliers of pharmaceuticals and medical goods,2024,0.08,
DEU,Germany,HP35,Providers of home healthcare services,2024,0.865,
DEU,Germany,HP52,Retail sellers and other suppliers of durable medical goods and medical appliances,2024,0.464,
DEU,Germany,HP82,All other industries as secondary providers of healthcare,2024,0.105,
BEL,Belgium,HP2,Residential long-term care facilities,2020,1.375,
BEL,Belgium,HP31,Medical practices,2020,1.489,
BEL,Belgium,HP5,Retailers and other providers of medical goods,2020,1.173,
BEL,Belgium,HP4,Providers of ancillary services,2020,0.375,
BEL,Belgium,HP7,Providers of healthcare system administration and financing,2020,0.451,
BEL,Belgium,HP21,Long-term nursing care facilities,2020,0.908,
BEL,Belgium,HP82,All other industries as secondary providers of healthcare,2020,0.011,
BEL,Belgium,HP59,All other miscellaneous sellers and other suppliers of pharmaceuticals and medical goods,2020,0.107,
BEL,Belgium,HP34,Ambulatory healthcare centres,2020,0.056,
BEL,Belgium,HP51,Pharmacies,2020,1.009,
BEL,Belgium,HP73,Private health insurance administration agencies,2020,0.126,
BEL,Belgium,HP1,Hospitals,2020,4.333,
BEL,Belgium,HP29,Other residential long-term care facilities,2020,0.454,
BEL,Belgium,HP35,Providers of home healthcare services,2020,1.417,
BEL,Belgium,HP52,Retail sellers and other suppliers of durable medical goods and medical appliances,2019,0.056,
BEL,Belgium,HP22,Mental health and substance abuse facilities,2019,0.018,
BEL,Belgium,HP11,General hospitals,2019,3.323,
BEL,Belgium,HP71,Government health administration agencies,2019,0.086,
BEL,Belgium,HP32,Dental practices,2019,0.439,
BEL,Belgium,HP42,Medical and diagnostic laboratories,2019,0.273,
BEL,Belgium,HP13,Specialised hospitals (other than mental health hospitals),2019,0.073,
BEL,Belgium,HP12,Mental health hospitals,2019,0.396,
BEL,Belgium,HP6,Providers of preventive care,2019,0.078,
BEL,Belgium,HP72,Social health insurance agencies,2019,0.199,
BEL,Belgium,HP3,Providers of ambulatory healthcare,2019,3.636,
BEL,Belgium,HP41,Providers of patient transportation and emergency rescue,2019,0.027,
BEL,Belgium,HP33,Other healthcare practitioners,2019,0.267,
BEL,Belgium,HP8,Rest of the economy,2019,0.004,
BEL,Belgium,HP35,Providers of home healthcare services,2019,1.313,
BEL,Belgium,HP29,Other residential long-term care facilities,2019,0.538,
BEL,Belgium,HP1,Hospitals,2019,3.792,
BEL,Belgium,HP73,Private health insurance administration agencies,2019,0.122,
BEL,Belgium,HP51,Pharmacies,2019,1.006,
BEL,Belgium,HP34,Ambulatory healthcare centres,2019,0.05,
BEL,Belgium,HP59,All other miscellaneous sellers and other suppliers of pharmaceuticals and medical goods,2019,0.12,
BEL,Belgium,HP82,All other industries as secondary providers of healthcare,2019,0.003,
BEL,Belgium,HP21,Long-term nursing care facilities,2019,0.89,
BEL,Belgium,HP7,Providers of healthcare system administration and financing,2019,0.407,
BEL,Belgium,HP4,Providers of ancillary services,2019,0.302,
BEL,Belgium,HP5,Retailers and other providers of medical goods,2019,1.182,
BEL,Belgium,HP31,Medical practices,2019,1.568,
BEL,Belgium,HP2,Residential long-term care facilities,2019,1.446,
BEL,Belgium,HP11,General hospitals,2017,3.185,
BEL,Belgium,HP71,Government health administration agencies,2017,0.078,
BEL,Belgium,HP32,Dental practices,2017,0.395,
BEL,Belgium,HP42,Medical and diagnostic laboratories,2017,0.257,
BEL,Belgium,HP13,Specialised hospitals (other than mental health hospitals),2017,0.063,
BEL,Belgium,HP12,Mental health hospitals,2017,0.382,
BEL,Belgium,HP6,Providers of preventive care,2017,0.073,
BEL,Belgium,HP72,Social health insurance agencies,2017,0.213,
BEL,Belgium,HP3,Providers of ambulatory healthcare,2017,3.633,
BEL,Belgium,HP41,Providers of patient transportation and emergency rescue,2017,0.04,
BEL,Belgium,HP33,Other healthcare practitioners,2017,0.306,
BEL,Belgium,HP8,Rest of the economy,2017,0.004,
BEL,Belgium,HP35,Providers of home healthcare services,2017,1.29,
BEL,Belgium,HP29,Other residential long-term care facilities,2017,0.827,
BEL,Belgium,HP1,Hospitals,2017,3.63,
BEL,Belgium,HP73,Private health insurance administration agencies,2017,0.111,
BEL,Belgium,HP51,Pharmacies,2017,1.061,
BEL,Belgium,HP34,Ambulatory healthcare centres,2017,0.043,
BEL,Belgium,HP59,All other miscellaneous sellers and other suppliers of pharmaceuticals and medical goods,2017,0.12,
BEL,Belgium,HP82,All other industries as secondary providers of healthcare,2017,0.004,
BEL,Belgium,HP21,Long-term nursing care facilities,2017,0.795,
BEL,Belgium,HP7,Providers of healthcare system administration and financing,2017,0.402,
BEL,Belgium,HP4,Providers of ancillary services,2017,0.299,
BEL,Belgium,HP5,Retailers and other providers of medical goods,2017,1.236,
BEL,Belgium,HP31,Medical practices,2017,1.599,
BEL,Belgium,HP2,Residential long-term care facilities,2017,1.65,
BEL,Belgium,HP2,Residential long-term care facilities,2018,1.678,
BEL,Belgium,HP31,Medical practices,2018,1.653,
BEL,Belgium,HP5,Retailers and other providers of medical goods,2018,1.194,
BEL,Belgium,HP4,Providers of ancillary services,2018,0.301,
BEL,Belgium,HP7,Providers of healthcare system administration and financing,2018,0.406,
BEL,Belgium,HP21,Long-term nursing care facilities,2018,0.81,
BEL,Belgium,HP82,All other industries as secondary providers of healthcare,2018,0.003,
BEL,Belgium,HP59,All other miscellaneous sellers and other suppliers of pharmaceuticals and medical goods,2018,0.118,
BEL,Belgium,HP34,Ambulatory healthcare centres,2018,0.046,
BEL,Belgium,HP51,Pharmacies,2018,1.02,
BEL,Belgium,HP73,Private health insurance administration agencies,2018,0.119,
BEL,Belgium,HP1,Hospitals,2018,3.586,
BEL,Belgium,HP29,Other residential long-term care facilities,2018,0.834,
BEL,Belgium,HP35,Providers of home healthcare services,2018,1.309,
BEL,Belgium,HP8,Rest of the economy,2018,0.004,
BEL,Belgium,HP33,Other healthcare practitioners,2018,0.309,
BEL,Belgium,HP41,Providers of patient transportation and emergency rescue,2018,0.033,
BEL,Belgium,HP3,Providers of ambulatory healthcare,2018,3.738,
BEL,Belgium,HP72,Social health insurance agencies,2018,0.205,
BEL,Belgium,HP6,Providers of preventive care,2018,0.076,
BEL,Belgium,HP12,Mental health hospitals,2018,0.392,
BEL,Belgium,HP13,Specialised hospitals (other than mental health hospitals),2018,0.063,
BEL,Belgium,HP42,Medical and diagnostic laboratories,2018,0.266,
BEL,Belgium,HP32,Dental practices,2018,0.422,
BEL,Belgium,HP71,Government health administration agencies,2018,0.083,
BEL,Belgium,HP11,General hospitals,2018,3.132,
BEL,Belgium,HP22,Mental health and substance abuse facilities,2018,0.033,
BEL,Belgium,HP52,Retail sellers and other suppliers of durable medical goods and medical appliances,2018,0.056,
HUN,Hungary,HP35,Providers of home healthcare services,2022,0.011,
HUN,Hungary,HP3,Providers of ambulatory healthcare,2022,1.424,
HUN,Hungary,HP1,Hospitals,2022,2.804,
HUN,Hungary,HP8,Rest of the economy,2022,0.065,
HUN,Hungary,HP34,Ambulatory healthcare centres,2022,0.616,
HUN,Hungary,HP7,Providers of healthcare system administration and financing,2022,0.245,
HUN,Hungary,HP31,Medical practices,2022,0.424,
HUN,Hungary,HP13,Specialised hospitals (other than mental health hospitals),2022,0.274,
HUN,Hungary,HP73,Private health insurance administration agencies,2022,0.006,
HUN,Hungary,HP2,Residential long-term care facilities,2022,0.18,
HUN,Hungary,HP32,Dental practices,2022,0.329,
HUN,Hungary,HP5,Retailers and other providers of medical goods,2022,1.669,
HUN,Hungary,HP11,General hospitals,2022,2.517,
HUN,Hungary,HP4,Providers of ancillary services,2022,0.192,
HUN,Hungary,HP12,Mental health hospitals,2022,0.013,
HUN,Hungary,HP42,Medical and diagnostic laboratories,2022,0.054,
HUN,Hungary,HP82,All other industries as secondary providers of healthcare,2022,0.065,
HUN,Hungary,HP51,Pharmacies,2022,1.489,
HUN,Hungary,HP72,Social health insurance agencies,2022,0.011,
HUN,Hungary,HP33,Other healthcare practitioners,2022,0.044,
HUN,Hungary,HP9,Rest of the world,2022,0.021,
HUN,Hungary,HP6,Providers of preventive care,2022,0.068,
HUN,Hungary,HP41,Providers of patient transportation and emergency rescue,2024,0.136,
HUN,Hungary,HP52,Retail sellers and other suppliers of durable medical goods and medical appliances,2024,0.16,
HUN,Hungary,HP71,Government health administration agencies,2024,0.092,
HUN,Hungary,HP35,Providers of home healthcare services,2024,0.013,
HUN,Hungary,HP3,Providers of ambulatory healthcare,2024,1.293,
HUN,Hungary,HP1,Hospitals,2024,2.858,
HUN,Hungary,HP8,Rest of the economy,2024,0.082,
HUN,Hungary,HP34,Ambulatory healthcare centres,2024,0.512,
HUN,Hungary,HP7,Providers of healthcare system administration and financing,2024,0.11,
HUN,Hungary,HP31,Medical practices,2024,0.362,
HUN,Hungary,HP13,Specialised hospitals (other than mental health hospitals),2024,0.308,
HUN,Hungary,HP73,Private health insurance administration agencies,2024,0.007,
HUN,Hungary,HP2,Residential long-term care facilities,2024,0.198,
HUN,Hungary,HP32,Dental practices,2024,0.369,
HUN,Hungary,HP5,Retailers and other providers of medical goods,2024,1.637,
HUN,Hungary,HP11,General hospitals,2024,2.541,
HUN,Hungary,HP4,Providers of ancillary services,2024,0.186,
HUN,Hungary,HP12,Mental health hospitals,2024,0.009,
HUN,Hungary,HP42,Medical and diagnostic laboratories,2024,0.049,
HUN,Hungary,HP82,All other industries as secondary providers of healthcare,2024,0.082,
HUN,Hungary,HP51,Pharmacies,2024,1.477,
HUN,Hungary,HP72,Social health insurance agencies,2024,0.01,
HUN,Hungary,HP33,Other healthcare practitioners,2024,0.036,
HUN,Hungary,HP9,Rest of the world,2024,0.021,
HUN,Hungary,HP6,Providers of preventive care,2024,0.068,
HUN,Hungary,HP6,Providers of preventive care,2023,0.099,
HUN,Hungary,HP9,Rest of the world,2023,0.021,
HUN,Hungary,HP33,Other healthcare practitioners,2023,0.039,
HUN,Hungary,HP72,Social health insurance agencies,2023,0.011,
HUN,Hungary,HP51,Pharmacies,2023,1.474,
HUN,Hungary,HP82,All other industries as secondary providers of healthcare,2023,0.085,
HUN,Hungary,HP42,Medical and diagnostic laboratories,2023,0.045,
HUN,Hungary,HP12,Mental health hospitals,2023,0.014,
HUN,Hungary,HP4,Providers of ancillary services,2023,0.179,
HUN,Hungary,HP11,General hospitals,2023,2.419,
HUN,Hungary,HP5,Retailers and other providers of medical goods,2023,1.639,
HUN,Hungary,HP32,Dental practices,2023,0.398,
HUN,Hungary,HP2,Residential long-term care facilities,2023,0.187,
HUN,Hungary,HP73,Private health insurance administration agencies,2023,0.006,
HUN,Hungary,HP13,Specialised hospitals (other than mental health hospitals),2023,0.291,
HUN,Hungary,HP21,Long-term nursing care facilities,2023,0.187,
HUN,Hungary,HP31,Medical practices,2023,0.379,
HUN,Hungary,HP7,Providers of healthcare system administration and financing,2023,0.15,
HUN,Hungary,HP34,Ambulatory healthcare centres,2023,0.489,
HUN,Hungary,HP8,Rest of the economy,2023,0.085,
HUN,Hungary,HP1,Hospitals,2023,2.724,
HUN,Hungary,HP3,Providers of ambulatory healthcare,2023,1.318,
HUN,Hungary,HP35,Providers of home healthcare services,2023,0.013,
HUN,Hungary,HP71,Government health administration agencies,2023,0.132,
HUN,Hungary,HP52,Retail sellers and other suppliers of durable medical goods and medical appliances,2023,0.165,
HUN,Hungary,HP41,Providers of patient transportation and emergency rescue,2023,0.133,
DNK,Denmark,HP11,General hospitals,2024,3.916,
DNK,Denmark,HP12,Mental health hospitals,2024,0.426,
DNK,Denmark,HP31,Medical practices,2024,0.579,
DNK,Denmark,HP52,Retail sellers and other suppliers of durable medical goods and medical appliances,2024,0.439,
DNK,Denmark,HP21,Long-term nursing care facilities,2024,1.065,
DNK,Denmark,HP2,Residential long-term care facilities,2024,1.105,
CRI,Costa Rica,HP3,Providers of ambulatory healthcare,2024,1.715,
CRI,Costa Rica,HP2,Residential long-term care facilities,2024,0.024,
CRI,Costa Rica,HP33,Other healthcare practitioners,2024,0.051,
CRI,Costa Rica,HP82,All other industries as secondary providers of healthcare,2024,0.059,
CRI,Costa Rica,HP13,Specialised hospitals (other than mental health hospitals),2024,1.543,
BEL,Belgium,HP49,Other providers of ancillary services,2017,0.002,
BEL,Belgium,HP49,Other providers of ancillary services,2018,0.002,
BEL,Belgium,HP49,Other providers of ancillary services,2019,0.002,
BEL,Belgium,HP81,Households as providers of home healthcare,2019,0,
BEL,Belgium,HP81,Households as providers of home healthcare,2017,0,
BEL,Belgium,HP81,Households as providers of home healthcare,2018,0,
LTU,Lithuania,HP35,Providers of home healthcare services,2015,0.006,
LTU,Lithuania,HP35,Providers of home healthcare services,2016,0.006,
LTU,Lithuania,HP35,Providers of home healthcare services,2017,0.006,
LTU,Lithuania,HP13,Specialised hospitals (other than mental health hospitals),2015,0.295,
LTU,Lithuania,HP4,Providers of ancillary services,2015,0.18,
LTU,Lithuania,HP34,Ambulatory healthcare centres,2015,0.993,
LTU,Lithuania,HP82,All other industries as secondary providers of healthcare,2015,0.065,
LTU,Lithuania,HP21,Long-term nursing care facilities,2015,0.055,
LTU,Lithuania,HP41,Providers of patient transportation and emergency rescue,2015,0.126,
LTU,Lithuania,HP11,General hospitals,2015,1.88,
LTU,Lithuania,HP81,Households as providers of home healthcare,2015,0.351,
LTU,Lithuania,HP31,Medical practices,2015,0.024,
LTU,Lithuania,HP8,Rest of the economy,2015,0.417,
LTU,Lithuania,HP7,Providers of healthcare system administration and financing,2015,0.132,
LTU,Lithuania,HP52,Retail sellers and other suppliers of durable medical goods and medical appliances,2015,0.214,
LTU,Lithuania,HP22,Mental health and substance abuse facilities,2015,0.017,
LTU,Lithuania,HP72,Social health insurance agencies,2015,0.039,
LTU,Lithuania,HP71,Government health administration agencies,2015,0.093,
LTU,Lithuania,HP2,Residential long-term care facilities,2015,0.096,
LTU,Lithuania,HP51,Pharmacies,2015,1.734,
LTU,Lithuania,HP5,Retailers and other providers of medical goods,2015,1.948,
LTU,Lithuania,HP33,Other healthcare practitioners,2015,0.047,
LTU,Lithuania,HP1,Hospitals,2015,2.222,
LTU,Lithuania,HP12,Mental health hospitals,2015,0.047,
LTU,Lithuania,HP29,Other residential long-term care facilities,2015,0.025,
LTU,Lithuania,HP32,Dental practices,2015,0.334,
LTU,Lithuania,HP42,Medical and diagnostic laboratories,2015,0.054,
LTU,Lithuania,HP6,Providers of preventive care,2015,0.043,
LTU,Lithuania,HP3,Providers of ambulatory healthcare,2015,1.403,
LTU,Lithuania,HP9,Rest of the world,2015,0.033,
LTU,Lithuania,HP9,Rest of the world,2016,0.029,
LTU,Lithuania,HP3,Providers of ambulatory healthcare,2016,1.428,
LTU,Lithuania,HP6,Providers of preventive care,2016,0.054,
LTU,Lithuania,HP42,Medical and diagnostic laboratories,2016,0.064,
LTU,Lithuania,HP32,Dental practices,2016,0.374,
LTU,Lithuania,HP29,Other residential long-term care facilities,2016,0.023,
LTU,Lithuania,HP12,Mental health hospitals,2016,0.04,
LTU,Lithuania,HP1,Hospitals,2016,2.339,
LTU,Lithuania,HP33,Other healthcare practitioners,2016,0.053,
LTU,Lithuania,HP5,Retailers and other providers of medical goods,2016,1.985,
LTU,Lithuania,HP51,Pharmacies,2016,1.796,
LTU,Lithuania,HP2,Residential long-term care facilities,2016,0.097,
LTU,Lithuania,HP71,Government health administration agencies,2016,0.057,
LTU,Lithuania,HP72,Social health insurance agencies,2016,0.048,
LTU,Lithuania,HP22,Mental health and substance abuse facilities,2016,0.021,
LTU,Lithuania,HP52,Retail sellers and other suppliers of durable medical goods and medical appliances,2016,0.189,
LTU,Lithuania,HP7,Providers of healthcare system administration and financing,2016,0.105,
LTU,Lithuania,HP8,Rest of the economy,2016,0.42,
LTU,Lithuania,HP31,Medical practices,2016,0.023,
LTU,Lithuania,HP81,Households as providers of home healthcare,2016,0.356,
LTU,Lithuania,HP11,General hospitals,2016,2.096,
LTU,Lithuania,HP41,Providers of patient transportation and emergency rescue,2016,0.128,
LTU,Lithuania,HP21,Long-term nursing care facilities,2016,0.052,
LTU,Lithuania,HP82,All other industries as secondary providers of healthcare,2016,0.064,
LTU,Lithuania,HP34,Ambulatory healthcare centres,2016,0.972,
LTU,Lithuania,HP4,Providers of ancillary services,2016,0.192,
LTU,Lithuania,HP13,Specialised hospitals (other than mental health hospitals),2016,0.202,
LTU,Lithuania,HP13,Specialised hospitals (other than mental health hospitals),2017,0.276,
LTU,Lithuania,HP4,Providers of ancillary services,2017,0.197,
LTU,Lithuania,HP34,Ambulatory healthcare centres,2017,1,
LTU,Lithuania,HP82,All other industries as secondary providers of healthcare,2017,0.079,
LTU,Lithuania,HP21,Long-term nursing care facilities,2017,0.056,
LTU,Lithuania,HP41,Providers of patient transportation and emergency rescue,2017,0.123,
LTU,Lithuania,HP11,General hospitals,2017,1.916,
LTU,Lithuania,HP81,Households as providers of home healthcare,2017,0.311,
LTU,Lithuania,HP31,Medical practices,2017,0.027,
LTU,Lithuania,HP8,Rest of the economy,2017,0.389,
LTU,Lithuania,HP7,Providers of healthcare system administration and financing,2017,0.077,
LTU,Lithuania,HP52,Retail sellers and other suppliers of durable medical goods and medical appliances,2017,0.195,
LTU,Lithuania,HP22,Mental health and substance abuse facilities,2017,0.019,
LTU,Lithuania,HP72,Social health insurance agencies,2017,0.036,
LTU,Lithuania,HP71,Government health administration agencies,2017,0.042,
LTU,Lithuania,HP2,Residential long-term care facilities,2017,0.103,
LTU,Lithuania,HP51,Pharmacies,2017,1.682,
LTU,Lithuania,HP5,Retailers and other providers of medical goods,2017,1.878,
LTU,Lithuania,HP33,Other healthcare practitioners,2017,0.054,
LTU,Lithuania,HP1,Hospitals,2017,2.244,
LTU,Lithuania,HP12,Mental health hospitals,2017,0.052,
LTU,Lithuania,HP29,Other residential long-term care facilities,2017,0.028,
LTU,Lithuania,HP32,Dental practices,2017,0.41,
LTU,Lithuania,HP42,Medical and diagnostic laboratories,2017,0.074,
LTU,Lithuania,HP6,Providers of preventive care,2017,0.052,
LTU,Lithuania,HP3,Providers of ambulatory healthcare,2017,1.496,
LTU,Lithuania,HP9,Rest of the world,2017,0.028,
LTU,Lithuania,HP9,Rest of the world,2018,0.027,
LTU,Lithuania,HP3,Providers of ambulatory healthcare,2018,1.579,
LTU,Lithuania,HP6,Providers of preventive care,2018,0.055,
LTU,Lithuania,HP42,Medical and diagnostic laboratories,2018,0.091,
LTU,Lithuania,HP32,Dental practices,2018,0.429,
LTU,Lithuania,HP29,Other residential long-term care facilities,2018,0.03,
LTU,Lithuania,HP12,Mental health hospitals,2018,0.05,
LTU,Lithuania,HP1,Hospitals,2018,2.302,
LTU,Lithuania,HP33,Other healthcare practitioners,2018,0.056,
LTU,Lithuania,HP5,Retailers and other providers of medical goods,2018,1.741,
LTU,Lithuania,HP51,Pharmacies,2018,1.545,
LTU,Lithuania,HP2,Residential long-term care facilities,2018,0.106,
LTU,Lithuania,HP35,Providers of home healthcare services,2018,0.007,
LTU,Lithuania,HP71,Government health administration agencies,2018,0.048,
LTU,Lithuania,HP72,Social health insurance agencies,2018,0.034,
LTU,Lithuania,HP22,Mental health and substance abuse facilities,2018,0.021,
LTU,Lithuania,HP52,Retail sellers and other suppliers of durable medical goods and medical appliances,2018,0.196,
LTU,Lithuania,HP7,Providers of healthcare system administration and financing,2018,0.083,
LTU,Lithuania,HP8,Rest of the economy,2018,0.359,
LTU,Lithuania,HP31,Medical practices,2018,0.026,
LTU,Lithuania,HP81,Households as providers of home healthcare,2018,0.276,
LTU,Lithuania,HP11,General hospitals,2018,1.902,
LTU,Lithuania,HP41,Providers of patient transportation and emergency rescue,2018,0.125,
LTU,Lithuania,HP21,Long-term nursing care facilities,2018,0.055,
LTU,Lithuania,HP82,All other industries as secondary providers of healthcare,2018,0.083,
LTU,Lithuania,HP34,Ambulatory healthcare centres,2018,1.061,
LTU,Lithuania,HP4,Providers of ancillary services,2018,0.216,
LTU,Lithuania,HP13,Specialised hospitals (other than mental health hospitals),2018,0.35,
LTU,Lithuania,HP13,Specialised hospitals (other than mental health hospitals),2019,0.274,
LTU,Lithuania,HP4,Providers of ancillary services,2019,0.195,
LTU,Lithuania,HP34,Ambulatory healthcare centres,2019,1.271,
LTU,Lithuania,HP82,All other industries as secondary providers of healthcare,2019,0.098,
LTU,Lithuania,HP21,Long-term nursing care facilities,2019,0.048,
LTU,Lithuania,HP41,Providers of patient transportation and emergency rescue,2019,0.125,
LTU,Lithuania,HP11,General hospitals,2019,2.032,
LTU,Lithuania,HP81,Households as providers of home healthcare,2019,0.253,
LTU,Lithuania,HP31,Medical practices,2019,0.037,
LTU,Lithuania,HP8,Rest of the economy,2019,0.351,
LTU,Lithuania,HP7,Providers of healthcare system administration and financing,2019,0.085,
LTU,Lithuania,HP52,Retail sellers and other suppliers of durable medical goods and medical appliances,2019,0.217,
LTU,Lithuania,HP22,Mental health and substance abuse facilities,2019,0.023,
LTU,Lithuania,HP72,Social health insurance agencies,2019,0.033,
LTU,Lithuania,HP71,Government health administration agencies,2019,0.052,
LTU,Lithuania,HP35,Providers of home healthcare services,2019,0.012,
LTU,Lithuania,HP2,Residential long-term care facilities,2019,0.102,
LTU,Lithuania,HP51,Pharmacies,2019,1.683,
LTU,Lithuania,HP5,Retailers and other providers of medical goods,2019,1.9,
LTU,Lithuania,HP33,Other healthcare practitioners,2019,0.079,
LTU,Lithuania,HP1,Hospitals,2019,2.356,
LTU,Lithuania,HP12,Mental health hospitals,2019,0.05,
LTU,Lithuania,HP29,Other residential long-term care facilities,2019,0.032,
LTU,Lithuania,HP32,Dental practices,2019,0.453,
LTU,Lithuania,HP42,Medical and diagnostic laboratories,2019,0.069,
LTU,Lithuania,HP6,Providers of preventive care,2019,0.077,
LTU,Lithuania,HP3,Providers of ambulatory healthcare,2019,1.853,
LTU,Lithuania,HP9,Rest of the world,2019,0.027,
LTU,Lithuania,HP9,Rest of the world,2020,0.029,
LTU,Lithuania,HP3,Providers of ambulatory healthcare,2020,1.856,
LTU,Lithuania,HP6,Providers of preventive care,2020,0.17,
LTU,Lithuania,HP42,Medical and diagnostic laboratories,2020,0.175,
LTU,Lithuania,HP32,Dental practices,2020,0.478,
LTU,Lithuania,HP29,Other residential long-term care facilities,2020,0.04,
LTU,Lithuania,HP12,Mental health hospitals,2020,0.057,
LTU,Lithuania,HP1,Hospitals,2020,2.506,
LTU,Lithuania,HP33,Other healthcare practitioners,2020,0.076,
LTU,Lithuania,HP5,Retailers and other providers of medical goods,2020,1.976,
LTU,Lithuania,HP51,Pharmacies,2020,1.733,
LTU,Lithuania,HP2,Residential long-term care facilities,2020,0.126,
LTU,Lithuania,HP35,Providers of home healthcare services,2020,0.016,
LTU,Lithuania,HP71,Government health administration agencies,2020,0.067,
LTU,Lithuania,HP72,Social health insurance agencies,2020,0.035,
LTU,Lithuania,HP22,Mental health and substance abuse facilities,2020,0.027,
LTU,Lithuania,HP52,Retail sellers and other suppliers of durable medical goods and medical appliances,2020,0.243,
LTU,Lithuania,HP7,Providers of healthcare system administration and financing,2020,0.102,
LTU,Lithuania,HP8,Rest of the economy,2020,0.329,
LTU,Lithuania,HP31,Medical practices,2020,0.037,
LTU,Lithuania,HP81,Households as providers of home healthcare,2020,0.241,
LTU,Lithuania,HP11,General hospitals,2020,2.214,
LTU,Lithuania,HP41,Providers of patient transportation and emergency rescue,2020,0.148,
LTU,Lithuania,HP21,Long-term nursing care facilities,2020,0.059,
LTU,Lithuania,HP82,All other industries as secondary providers of healthcare,2020,0.087,
LTU,Lithuania,HP34,Ambulatory healthcare centres,2020,1.249,
LTU,Lithuania,HP4,Providers of ancillary services,2020,0.323,
LTU,Lithuania,HP13,Specialised hospitals (other than mental health hospitals),2020,0.235,
LTU,Lithuania,HP13,Specialised hospitals (other than mental health hospitals),2021,0.238,
LTU,Lithuania,HP4,Providers of ancillary services,2021,0.341,
LTU,Lithuania,HP34,Ambulatory healthcare centres,2021,1.41,
LTU,Lithuania,HP82,All other industries as secondary providers of healthcare,2021,0.092,
LTU,Lithuania,HP21,Long-term nursing care facilities,2021,0.056,
LTU,Lithuania,HP41,Providers of patient transportation and emergency rescue,2021,0.141,
LTU,Lithuania,HP11,General hospitals,2021,2.193,
LTU,Lithuania,HP81,Households as providers of home healthcare,2021,0.202,
LTU,Lithuania,HP31,Medical practices,2021,0.046,
LTU,Lithuania,HP8,Rest of the economy,2021,0.295,
LTU,Lithuania,HP7,Providers of healthcare system administration and financing,2021,0.155,
LTU,Lithuania,HP52,Retail sellers and other suppliers of durable medical goods and medical appliances,2021,0.214,
LTU,Lithuania,HP22,Mental health and substance abuse facilities,2021,0.03,
LTU,Lithuania,HP72,Social health insurance agencies,2021,0.039,
LTU,Lithuania,HP71,Government health administration agencies,2021,0.115,
LTU,Lithuania,HP35,Providers of home healthcare services,2021,0.01,
LTU,Lithuania,HP2,Residential long-term care facilities,2021,0.132,
LTU,Lithuania,HP51,Pharmacies,2021,1.638,
LTU,Lithuania,HP5,Retailers and other providers of medical goods,2021,1.851,
LTU,Lithuania,HP33,Other healthcare practitioners,2021,0.086,
LTU,Lithuania,HP1,Hospitals,2021,2.48,
LTU,Lithuania,HP12,Mental health hospitals,2021,0.049,
LTU,Lithuania,HP29,Other residential long-term care facilities,2021,0.046,
LTU,Lithuania,HP32,Dental practices,2021,0.58,
LTU,Lithuania,HP42,Medical and diagnostic laboratories,2021,0.201,
LTU,Lithuania,HP6,Providers of preventive care,2021,0.313,
LTU,Lithuania,HP3,Providers of ambulatory healthcare,2021,2.132,
LTU,Lithuania,HP9,Rest of the world,2021,0.03,
LTU,Lithuania,HP9,Rest of the world,2022,0.041,
LTU,Lithuania,HP3,Providers of ambulatory healthcare,2022,2.148,
LTU,Lithuania,HP6,Providers of preventive care,2022,0.188,
LTU,Lithuania,HP42,Medical and diagnostic laboratories,2022,0.11,
LTU,Lithuania,HP32,Dental practices,2022,0.589,
LTU,Lithuania,HP29,Other residential long-term care facilities,2022,0.049,
LTU,Lithuania,HP12,Mental health hospitals,2022,0.049,
LTU,Lithuania,HP1,Hospitals,2022,2.276,
LTU,Lithuania,HP33,Other healthcare practitioners,2022,0.085,
LTU,Lithuania,HP5,Retailers and other providers of medical goods,2022,1.882,
LTU,Lithuania,HP51,Pharmacies,2022,1.659,
LTU,Lithuania,HP2,Residential long-term care facilities,2022,0.132,
LTU,Lithuania,HP35,Providers of home healthcare services,2022,0.019,
LTU,Lithuania,HP71,Government health administration agencies,2022,0.05,
LTU,Lithuania,HP72,Social health insurance agencies,2022,0.033,
LTU,Lithuania,HP22,Mental health and substance abuse facilities,2022,0.032,
LTU,Lithuania,HP52,Retail sellers and other suppliers of durable medical goods and medical appliances,2022,0.223,
LTU,Lithuania,HP7,Providers of healthcare system administration and financing,2022,0.083,
LTU,Lithuania,HP8,Rest of the economy,2022,0.284,
LTU,Lithuania,HP31,Medical practices,2022,0.047,
LTU,Lithuania,HP81,Households as providers of home healthcare,2022,0.18,
LTU,Lithuania,HP11,General hospitals,2022,1.996,
LTU,Lithuania,HP41,Providers of patient transportation and emergency rescue,2022,0.141,
LTU,Lithuania,HP21,Long-term nursing care facilities,2022,0.052,
LTU,Lithuania,HP82,All other industries as secondary providers of healthcare,2022,0.104,
LTU,Lithuania,HP34,Ambulatory healthcare centres,2022,1.409,
LTU,Lithuania,HP4,Providers of ancillary services,2022,0.251,
LTU,Lithuania,HP13,Specialised hospitals (other than mental health hospitals),2022,0.231,
LTU,Lithuania,HP13,Specialised hospitals (other than mental health hospitals),2023,0.214,
LTU,Lithuania,HP4,Providers of ancillary services,2023,0.209,
LTU,Lithuania,HP34,Ambulatory healthcare centres,2023,1.461,
LTU,Lithuania,HP82,All other industries as secondary providers of healthcare,2023,0.122,
LTU,Lithuania,HP21,Long-term nursing care facilities,2023,0.062,
LTU,Lithuania,HP41,Providers of patient transportation and emergency rescue,2023,0.142,
LTU,Lithuania,HP11,General hospitals,2023,2.073,
LTU,Lithuania,HP81,Households as providers of home healthcare,2023,0.176,
LTU,Lithuania,HP31,Medical practices,2023,0.048,
LTU,Lithuania,HP8,Rest of the economy,2023,0.298,
LTU,Lithuania,HP7,Providers of healthcare system administration and financing,2023,0.084,
LTU,Lithuania,HP52,Retail sellers and other suppliers of durable medical goods and medical appliances,2023,0.229,
LTU,Lithuania,HP22,Mental health and substance abuse facilities,2023,0.032,
LTU,Lithuania,HP72,Social health insurance agencies,2023,0.036,
LTU,Lithuania,HP71,Government health administration agencies,2023,0.048,
LTU,Lithuania,HP35,Providers of home healthcare services,2023,0.019,
LTU,Lithuania,HP2,Residential long-term care facilities,2023,0.144,
LTU,Lithuania,HP51,Pharmacies,2023,1.636,
LTU,Lithuania,HP5,Retailers and other providers of medical goods,2023,1.865,
LTU,Lithuania,HP33,Other healthcare practitioners,2023,0.088,
LTU,Lithuania,HP1,Hospitals,2023,2.336,
LTU,Lithuania,HP12,Mental health hospitals,2023,0.049,
LTU,Lithuania,HP29,Other residential long-term care facilities,2023,0.05,
LTU,Lithuania,HP32,Dental practices,2023,0.611,
LTU,Lithuania,HP42,Medical and diagnostic laboratories,2023,0.067,
LTU,Lithuania,HP6,Providers of preventive care,2023,0.076,
LTU,Lithuania,HP3,Providers of ambulatory healthcare,2023,2.227,
LTU,Lithuania,HP9,Rest of the world,2023,0.03,
LTU,Lithuania,HP9,Rest of the world,2024,0.028,
LTU,Lithuania,HP3,Providers of ambulatory healthcare,2024,2.508,
LTU,Lithuania,HP6,Providers of preventive care,2024,0.079,
LTU,Lithuania,HP42,Medical and diagnostic laboratories,2024,0.079,
LTU,Lithuania,HP32,Dental practices,2024,0.697,
LTU,Lithuania,HP29,Other residential long-term care facilities,2024,0.047,
LTU,Lithuania,HP12,Mental health hospitals,2024,0.055,
LTU,Lithuania,HP1,Hospitals,2024,2.387,
LTU,Lithuania,HP33,Other healthcare practitioners,2024,0.091,
LTU,Lithuania,HP5,Retailers and other providers of medical goods,2024,1.9,
LTU,Lithuania,HP51,Pharmacies,2024,1.747,
LTU,Lithuania,HP2,Residential long-term care facilities,2024,0.133,
LTU,Lithuania,HP35,Providers of home healthcare services,2024,0.023,
LTU,Lithuania,HP71,Government health administration agencies,2024,0.044,
LTU,Lithuania,HP72,Social health insurance agencies,2024,0.032,
LTU,Lithuania,HP22,Mental health and substance abuse facilities,2024,0.03,
LTU,Lithuania,HP52,Retail sellers and other suppliers of durable medical goods and medical appliances,2024,0.153,
LTU,Lithuania,HP7,Providers of healthcare system administration and financing,2024,0.076,
LTU,Lithuania,HP8,Rest of the economy,2024,0.284,
LTU,Lithuania,HP31,Medical practices,2024,0.049,
LTU,Lithuania,HP81,Households as providers of home healthcare,2024,0.187,
LTU,Lithuania,HP11,General hospitals,2024,2.197,
LTU,Lithuania,HP41,Providers of patient transportation and emergency rescue,2024,0.147,
LTU,Lithuania,HP21,Long-term nursing care facilities,2024,0.056,
LTU,Lithuania,HP82,All other industries as secondary providers of healthcare,2024,0.097,
LTU,Lithuania,HP34,Ambulatory healthcare centres,2024,1.649,
LTU,Lithuania,HP4,Providers of ancillary services,2024,0.226,
LTU,Lithuania,HP13,Specialised hospitals (other than mental health hospitals),2024,0.134,
LTU,Lithuania,HP59,All other miscellaneous sellers and other suppliers of pharmaceuticals and medical goods,2016,0,
LTU,Lithuania,HP59,All other miscellaneous sellers and other suppliers of pharmaceuticals and medical goods,2015,0,
LTU,Lithuania,HP49,Other providers of ancillary services,2023,0,
CHL,Chile,_T,Total,2023,10.297,
CHL,Chile,_T,Total,2024,10.478,
CHL,Chile,_T,Total,2021,9.719,
CHL,Chile,_T,Total,2020,9.697,
CHL,Chile,_T,Total,2022,10.01,
CHL,Chile,_T,Total,2018,9.15,
CHL,Chile,_T,Total,2019,9.334,
HUN,Hungary,_T,Total,2023,6.402,
HUN,Hungary,_T,Total,2024,6.452,
BEL,Belgium,_T,Total,2018,10.984,
BEL,Belgium,_T,Total,2019,10.847,
DEU,Germany,_T,Total,2023,11.637,
DEU,Germany,_T,Total,2024,12.208,
LTU,Lithuania,_T,Total,2015,6.474,
LTU,Lithuania,_T,Total,2016,6.649,
LTU,Lithuania,_T,Total,2017,6.464,
LTU,Lithuania,_T,Total,2018,6.469,
LTU,Lithuania,_T,Total,2019,6.945,
LTU,Lithuania,_T,Total,2020,7.416,
LTU,Lithuania,_T,Total,2021,7.728,
LTU,Lithuania,_T,Total,2022,7.284,
LTU,Lithuania,_T,Total,2023,7.268,
LTU,Lithuania,_T,Total,2024,7.62,
AUT,Austria,_T,Total,2015,10.517,
AUT,Austria,_T,Total,2016,10.517,
AUT,Austria,_T,Total,2017,10.571,
AUT,Austria,_T,Total,2018,10.516,
AUT,Austria,_T,Total,2019,10.625,
AUT,Austria,_T,Total,2020,11.413,
AUT,Austria,_T,Total,2021,12.185,
AUT,Austria,_T,Total,2022,11.191,
AUT,Austria,_T,Total,2023,11.176,
AUT,Austria,_T,Total,2024,11.706,
AUT,Austria,HP4,Providers of ancillary services,2015,0.306,
AUT,Austria,HP52,Retail sellers and other suppliers of durable medical goods and medical appliances,2015,0.379,
AUT,Austria,HP11,General hospitals,2015,3.52,
AUT,Austria,HP71,Government health administration agencies,2015,0.023,
AUT,Austria,HP9,Rest of the world,2015,0.082,
AUT,Austria,HP81,Households as providers of home healthcare,2015,0.58,
AUT,Austria,HP35,Providers of home healthcare services,2015,0.155,
AUT,Austria,HP6,Providers of preventive care,2015,0.087,
AUT,Austria,HP41,Providers of patient transportation and emergency rescue,2015,0.168,
AUT,Austria,HP3,Providers of ambulatory healthcare,2015,2.45,
AUT,Austria,HP32,Dental practices,2015,0.54,
AUT,Austria,HP59,All other miscellaneous sellers and other suppliers of pharmaceuticals and medical goods,2015,0.131,
AUT,Austria,HP1,Hospitals,2015,3.989,
AUT,Austria,HP2,Residential long-term care facilities,2015,0.894,
AUT,Austria,HP72,Social health insurance agencies,2015,0.214,
AUT,Austria,HP13,Specialised hospitals (other than mental health hospitals),2015,0.468,
AUT,Austria,HP73,Private health insurance administration agencies,2015,0.19,
AUT,Austria,HP51,Pharmacies,2015,1.146,
AUT,Austria,HP5,Retailers and other providers of medical goods,2015,1.656,
AUT,Austria,HP42,Medical and diagnostic laboratories,2015,0.138,
AUT,Austria,HP33,Other healthcare practitioners,2015,0.25,
AUT,Austria,HP34,Ambulatory healthcare centres,2015,0.407,
AUT,Austria,HP82,All other industries as secondary providers of healthcare,2015,0.046,
AUT,Austria,HP31,Medical practices,2015,1.098,
AUT,Austria,HP7,Providers of healthcare system administration and financing,2015,0.427,
AUT,Austria,HP8,Rest of the economy,2015,0.626,
AUT,Austria,HP8,Rest of the economy,2016,0.626,
AUT,Austria,HP7,Providers of healthcare system administration and financing,2016,0.429,
AUT,Austria,HP31,Medical practices,2016,1.093,
AUT,Austria,HP82,All other industries as secondary providers of healthcare,2016,0.047,
AUT,Austria,HP34,Ambulatory healthcare centres,2016,0.4,
AUT,Austria,HP33,Other healthcare practitioners,2016,0.266,
AUT,Austria,HP42,Medical and diagnostic laboratories,2016,0.137,
AUT,Austria,HP5,Retailers and other providers of medical goods,2016,1.625,
AUT,Austria,HP51,Pharmacies,2016,1.115,
AUT,Austria,HP73,Private health insurance administration agencies,2016,0.192,
AUT,Austria,HP13,Specialised hospitals (other than mental health hospitals),2016,0.48,
AUT,Austria,HP72,Social health insurance agencies,2016,0.212,
AUT,Austria,HP2,Residential long-term care facilities,2016,0.886,
AUT,Austria,HP1,Hospitals,2016,4.006,
AUT,Austria,HP59,All other miscellaneous sellers and other suppliers of pharmaceuticals and medical goods,2016,0.133,
AUT,Austria,HP32,Dental practices,2016,0.551,
AUT,Austria,HP3,Providers of ambulatory healthcare,2016,2.469,
AUT,Austria,HP41,Providers of patient transportation and emergency rescue,2016,0.168,
AUT,Austria,HP6,Providers of preventive care,2016,0.082,
AUT,Austria,HP35,Providers of home healthcare services,2016,0.159,
AUT,Austria,HP81,Households as providers of home healthcare,2016,0.579,
AUT,Austria,HP9,Rest of the world,2016,0.089,
AUT,Austria,HP71,Government health administration agencies,2016,0.025,
AUT,Austria,HP11,General hospitals,2016,3.526,
AUT,Austria,HP52,Retail sellers and other suppliers of durable medical goods and medical appliances,2016,0.377,
AUT,Austria,HP4,Providers of ancillary services,2016,0.305,
AUT,Austria,HP4,Providers of ancillary services,2017,0.303,
AUT,Austria,HP52,Retail sellers and other suppliers of durable medical goods and medical appliances,2017,0.38,
AUT,Austria,HP11,General hospitals,2017,3.547,
AUT,Austria,HP71,Government health administration agencies,2017,0.025,
AUT,Austria,HP9,Rest of the world,2017,0.078,
AUT,Austria,HP81,Households as providers of home healthcare,2017,0.571,
AUT,Austria,HP35,Providers of home healthcare services,2017,0.166,
AUT,Austria,HP6,Providers of preventive care,2017,0.083,
AUT,Austria,HP41,Providers of patient transportation and emergency rescue,2017,0.166,
AUT,Austria,HP3,Providers of ambulatory healthcare,2017,2.501,
AUT,Austria,HP32,Dental practices,2017,0.548,
AUT,Austria,HP59,All other miscellaneous sellers and other suppliers of pharmaceuticals and medical goods,2017,0.136,
AUT,Austria,HP1,Hospitals,2017,4.03,
AUT,Austria,HP2,Residential long-term care facilities,2017,0.893,
AUT,Austria,HP72,Social health insurance agencies,2017,0.208,
AUT,Austria,HP13,Specialised hospitals (other than mental health hospitals),2017,0.483,
AUT,Austria,HP73,Private health insurance administration agencies,2017,0.187,
AUT,Austria,HP51,Pharmacies,2017,1.13,
AUT,Austria,HP5,Retailers and other providers of medical goods,2017,1.646,
AUT,Austria,HP42,Medical and diagnostic laboratories,2017,0.137,
AUT,Austria,HP33,Other healthcare practitioners,2017,0.272,
AUT,Austria,HP34,Ambulatory healthcare centres,2017,0.409,
AUT,Austria,HP82,All other industries as secondary providers of healthcare,2017,0.048,
AUT,Austria,HP31,Medical practices,2017,1.106,
AUT,Austria,HP7,Providers of healthcare system administration and financing,2017,0.419,
AUT,Austria,HP8,Rest of the economy,2017,0.619,
AUT,Austria,HP8,Rest of the economy,2018,0.585,
AUT,Austria,HP7,Providers of healthcare system administration and financing,2018,0.418,
AUT,Austria,HP31,Medical practices,2018,1.106,
AUT,Austria,HP82,All other industries as secondary providers of healthcare,2018,0.047,
AUT,Austria,HP34,Ambulatory healthcare centres,2018,0.411,
AUT,Austria,HP33,Other healthcare practitioners,2018,0.264,
AUT,Austria,HP42,Medical and diagnostic laboratories,2018,0.136,
AUT,Austria,HP5,Retailers and other providers of medical goods,2018,1.631,
AUT,Austria,HP51,Pharmacies,2018,1.117,
AUT,Austria,HP73,Private health insurance administration agencies,2018,0.188,
AUT,Austria,HP13,Specialised hospitals (other than mental health hospitals),2018,0.474,
AUT,Austria,HP72,Social health insurance agencies,2018,0.207,
AUT,Austria,HP2,Residential long-term care facilities,2018,0.893,
AUT,Austria,HP1,Hospitals,2018,4.029,
AUT,Austria,HP59,All other miscellaneous sellers and other suppliers of pharmaceuticals and medical goods,2018,0.14,
AUT,Austria,HP32,Dental practices,2018,0.55,
AUT,Austria,HP3,Providers of ambulatory healthcare,2018,2.494,
AUT,Austria,HP41,Providers of patient transportation and emergency rescue,2018,0.17,
AUT,Austria,HP6,Providers of preventive care,2018,0.08,
AUT,Austria,HP35,Providers of home healthcare services,2018,0.162,
AUT,Austria,HP81,Households as providers of home healthcare,2018,0.539,
AUT,Austria,HP9,Rest of the world,2018,0.081,
AUT,Austria,HP71,Government health administration agencies,2018,0.024,
AUT,Austria,HP11,General hospitals,2018,3.555,
AUT,Austria,HP52,Retail sellers and other suppliers of durable medical goods and medical appliances,2018,0.374,
AUT,Austria,HP4,Providers of ancillary services,2018,0.305,
AUT,Austria,HP4,Providers of ancillary services,2019,0.303,
AUT,Austria,HP52,Retail sellers and other suppliers of durable medical goods and medical appliances,2019,0.375,
AUT,Austria,HP11,General hospitals,2019,3.623,
AUT,Austria,HP71,Government health administration agencies,2019,0.023,
AUT,Austria,HP9,Rest of the world,2019,0.097,
AUT,Austria,HP81,Households as providers of home healthcare,2019,0.521,
AUT,Austria,HP35,Providers of home healthcare services,2019,0.17,
AUT,Austria,HP6,Providers of preventive care,2019,0.082,
AUT,Austria,HP41,Providers of patient transportation and emergency rescue,2019,0.168,
AUT,Austria,HP3,Providers of ambulatory healthcare,2019,2.504,
AUT,Austria,HP32,Dental practices,2019,0.555,
AUT,Austria,HP59,All other miscellaneous sellers and other suppliers of pharmaceuticals and medical goods,2019,0.146,
AUT,Austria,HP1,Hospitals,2019,4.102,
AUT,Austria,HP2,Residential long-term care facilities,2019,0.908,
AUT,Austria,HP72,Social health insurance agencies,2019,0.213,
AUT,Austria,HP13,Specialised hospitals (other than mental health hospitals),2019,0.479,
AUT,Austria,HP73,Private health insurance administration agencies,2019,0.193,
AUT,Austria,HP51,Pharmacies,2019,1.11,
AUT,Austria,HP5,Retailers and other providers of medical goods,2019,1.63,
AUT,Austria,HP42,Medical and diagnostic laboratories,2019,0.136,
AUT,Austria,HP33,Other healthcare practitioners,2019,0.261,
AUT,Austria,HP34,Ambulatory healthcare centres,2019,0.409,
AUT,Austria,HP82,All other industries as secondary providers of healthcare,2019,0.047,
AUT,Austria,HP31,Medical practices,2019,1.11,
AUT,Austria,HP7,Providers of healthcare system administration and financing,2019,0.429,
AUT,Austria,HP8,Rest of the economy,2019,0.568,
AUT,Austria,HP8,Rest of the economy,2020,0.651,
AUT,Austria,HP7,Providers of healthcare system administration and financing,2020,0.445,
AUT,Austria,HP31,Medical practices,2020,1.124,
AUT,Austria,HP82,All other industries as secondary providers of healthcare,2020,0.094,
AUT,Austria,HP34,Ambulatory healthcare centres,2020,0.426,
AUT,Austria,HP33,Other healthcare practitioners,2020,0.266,
AUT,Austria,HP42,Medical and diagnostic laboratories,2020,0.131,
AUT,Austria,HP5,Retailers and other providers of medical goods,2020,1.704,
AUT,Austria,HP51,Pharmacies,2020,1.211,
AUT,Austria,HP73,Private health insurance administration agencies,2020,0.177,
AUT,Austria,HP13,Specialised hospitals (other than mental health hospitals),2020,0.472,
AUT,Austria,HP72,Social health insurance agencies,2020,0.227,
AUT,Austria,HP2,Residential long-term care facilities,2020,0.989,
AUT,Austria,HP1,Hospitals,2020,4.499,
AUT,Austria,HP59,All other miscellaneous sellers and other suppliers of pharmaceuticals and medical goods,2020,0.154,
AUT,Austria,HP32,Dental practices,2020,0.542,
AUT,Austria,HP3,Providers of ambulatory healthcare,2020,2.559,
AUT,Austria,HP41,Providers of patient transportation and emergency rescue,2020,0.192,
AUT,Austria,HP6,Providers of preventive care,2020,0.156,
AUT,Austria,HP35,Providers of home healthcare services,2020,0.201,
AUT,Austria,HP81,Households as providers of home healthcare,2020,0.557,
AUT,Austria,HP9,Rest of the world,2020,0.086,
AUT,Austria,HP71,Government health administration agencies,2020,0.042,
AUT,Austria,HP11,General hospitals,2020,4.027,
AUT,Austria,HP52,Retail sellers and other suppliers of durable medical goods and medical appliances,2020,0.338,
AUT,Austria,HP4,Providers of ancillary services,2020,0.323,
AUT,Austria,HP4,Providers of ancillary services,2021,0.329,
AUT,Austria,HP52,Retail sellers and other suppliers of durable medical goods and medical appliances,2021,0.353,
AUT,Austria,HP11,General hospitals,2021,3.903,
AUT,Austria,HP71,Government health administration agencies,2021,0.05,
AUT,Austria,HP9,Rest of the world,2021,0.087,
AUT,Austria,HP81,Households as providers of home healthcare,2021,0.53,
AUT,Austria,HP35,Providers of home healthcare services,2021,0.194,
AUT,Austria,HP6,Providers of preventive care,2021,0.607,
AUT,Austria,HP41,Providers of patient transportation and emergency rescue,2021,0.191,
AUT,Austria,HP3,Providers of ambulatory healthcare,2021,2.657,
AUT,Austria,HP32,Dental practices,2021,0.544,
AUT,Austria,HP59,All other miscellaneous sellers and other suppliers of pharmaceuticals and medical goods,2021,0.153,
AUT,Austria,HP1,Hospitals,2021,4.399,
AUT,Austria,HP2,Residential long-term care facilities,2021,0.936,
AUT,Austria,HP72,Social health insurance agencies,2021,0.212,
AUT,Austria,HP13,Specialised hospitals (other than mental health hospitals),2021,0.496,
AUT,Austria,HP73,Private health insurance administration agencies,2021,0.21,
AUT,Austria,HP51,Pharmacies,2021,1.469,
AUT,Austria,HP5,Retailers and other providers of medical goods,2021,1.975,
AUT,Austria,HP42,Medical and diagnostic laboratories,2021,0.138,
AUT,Austria,HP33,Other healthcare practitioners,2021,0.275,
AUT,Austria,HP34,Ambulatory healthcare centres,2021,0.426,
AUT,Austria,HP82,All other industries as secondary providers of healthcare,2021,0.194,
AUT,Austria,HP31,Medical practices,2021,1.217,
AUT,Austria,HP7,Providers of healthcare system administration and financing,2021,0.472,
AUT,Austria,HP8,Rest of the economy,2021,0.724,
AUT,Austria,HP8,Rest of the economy,2022,0.588,
AUT,Austria,HP7,Providers of healthcare system administration and financing,2022,0.425,
AUT,Austria,HP31,Medical practices,2022,1.13,
AUT,Austria,HP82,All other industries as secondary providers of healthcare,2022,0.101,
AUT,Austria,HP34,Ambulatory healthcare centres,2022,0.416,
AUT,Austria,HP33,Other healthcare practitioners,2022,0.261,
AUT,Austria,HP42,Medical and diagnostic laboratories,2022,0.136,
AUT,Austria,HP5,Retailers and other providers of medical goods,2022,1.741,
AUT,Austria,HP51,Pharmacies,2022,1.266,
AUT,Austria,HP73,Private health insurance administration agencies,2022,0.188,
AUT,Austria,HP13,Specialised hospitals (other than mental health hospitals),2022,0.482,
AUT,Austria,HP72,Social health insurance agencies,2022,0.2,
AUT,Austria,HP2,Residential long-term care facilities,2022,0.913,
AUT,Austria,HP1,Hospitals,2022,4.172,
AUT,Austria,HP59,All other miscellaneous sellers and other suppliers of pharmaceuticals and medical goods,2022,0.146,
AUT,Austria,HP32,Dental practices,2022,0.502,
AUT,Austria,HP3,Providers of ambulatory healthcare,2022,2.485,
AUT,Austria,HP41,Providers of patient transportation and emergency rescue,2022,0.18,
AUT,Austria,HP6,Providers of preventive care,2022,0.469,
AUT,Austria,HP35,Providers of home healthcare services,2022,0.176,
AUT,Austria,HP81,Households as providers of home healthcare,2022,0.488,
AUT,Austria,HP9,Rest of the world,2022,0.08,
AUT,Austria,HP71,Government health administration agencies,2022,0.037,
AUT,Austria,HP11,General hospitals,2022,3.69,
AUT,Austria,HP52,Retail sellers and other suppliers of durable medical goods and medical appliances,2022,0.329,
AUT,Austria,HP4,Providers of ancillary services,2022,0.316,
AUT,Austria,HP4,Providers of ancillary services,2023,0.332,
AUT,Austria,HP52,Retail sellers and other suppliers of durable medical goods and medical appliances,2023,0.329,
AUT,Austria,HP11,General hospitals,2023,3.806,
AUT,Austria,HP71,Government health administration agencies,2023,0.03,
AUT,Austria,HP9,Rest of the world,2023,0.091,
AUT,Austria,HP81,Households as providers of home healthcare,2023,0.503,
AUT,Austria,HP35,Providers of home healthcare services,2023,0.175,
AUT,Austria,HP6,Providers of preventive care,2023,0.276,
AUT,Austria,HP41,Providers of patient transportation and emergency rescue,2023,0.192,
AUT,Austria,HP3,Providers of ambulatory healthcare,2023,2.58,
AUT,Austria,HP32,Dental practices,2023,0.516,
AUT,Austria,HP59,All other miscellaneous sellers and other suppliers of pharmaceuticals and medical goods,2023,0.155,
AUT,Austria,HP1,Hospitals,2023,4.312,
AUT,Austria,HP2,Residential long-term care facilities,2023,0.948,
AUT,Austria,HP72,Social health insurance agencies,2023,0.214,
AUT,Austria,HP13,Specialised hospitals (other than mental health hospitals),2023,0.507,
AUT,Austria,HP73,Private health insurance administration agencies,2023,0.21,
AUT,Austria,HP51,Pharmacies,2023,1.134,
AUT,Austria,HP5,Retailers and other providers of medical goods,2023,1.617,
AUT,Austria,HP42,Medical and diagnostic laboratories,2023,0.14,
AUT,Austria,HP33,Other healthcare practitioners,2023,0.284,
AUT,Austria,HP34,Ambulatory healthcare centres,2023,0.446,
AUT,Austria,HP82,All other industries as secondary providers of healthcare,2023,0.063,
AUT,Austria,HP31,Medical practices,2023,1.158,
AUT,Austria,HP7,Providers of healthcare system administration and financing,2023,0.454,
AUT,Austria,HP8,Rest of the economy,2023,0.566,
AUT,Austria,HP8,Rest of the economy,2024,0.61,
AUT,Austria,HP7,Providers of healthcare system administration and financing,2024,0.511,
AUT,Austria,HP31,Medical practices,2024,1.233,
AUT,Austria,HP82,All other industries as secondary providers of healthcare,2024,0.061,
AUT,Austria,HP34,Ambulatory healthcare centres,2024,0.485,
AUT,Austria,HP33,Other healthcare practitioners,2024,0.308,
AUT,Austria,HP42,Medical and diagnostic laboratories,2024,0.15,
AUT,Austria,HP5,Retailers and other providers of medical goods,2024,1.638,
AUT,Austria,HP51,Pharmacies,2024,1.142,
AUT,Austria,HP73,Private health insurance administration agencies,2024,0.259,
AUT,Austria,HP13,Specialised hospitals (other than mental health hospitals),2024,0.536,
AUT,Austria,HP72,Social health insurance agencies,2024,0.224,
AUT,Austria,HP2,Residential long-term care facilities,2024,1.036,
AUT,Austria,HP1,Hospitals,2024,4.583,
AUT,Austria,HP59,All other miscellaneous sellers and other suppliers of pharmaceuticals and medical goods,2024,0.162,
AUT,Austria,HP32,Dental practices,2024,0.544,
AUT,Austria,HP3,Providers of ambulatory healthcare,2024,2.755,
AUT,Austria,HP41,Providers of patient transportation and emergency rescue,2024,0.212,
AUT,Austria,HP6,Providers of preventive care,2024,0.112,
AUT,Austria,HP35,Providers of home healthcare services,2024,0.185,
AUT,Austria,HP81,Households as providers of home healthcare,2024,0.549,
AUT,Austria,HP9,Rest of the world,2024,0.098,
AUT,Austria,HP71,Government health administration agencies,2024,0.028,
AUT,Austria,HP11,General hospitals,2024,4.047,
AUT,Austria,HP52,Retail sellers and other suppliers of durable medical goods and medical appliances,2024,0.335,
AUT,Austria,HP4,Providers of ancillary services,2024,0.362,
AUT,Austria,_T,Total,2025,11.926,P
AUS,Australia,_T,Total,2024,10.838,E
AUS,Australia,_T,Total,2025,11.148,E
AUS,Australia,HP35,Providers of home healthcare services,2021,0.001,
AUS,Australia,HP11,General hospitals,2015,3.995,
AUS,Australia,HP3,Providers of ambulatory healthcare,2015,2.565,
AUS,Australia,HP6,Providers of preventive care,2015,0.098,
AUS,Australia,HP1,Hospitals,2015,4.21,
AUS,Australia,HP21,Long-term nursing care facilities,2015,0.737,
AUS,Australia,HP5,Retailers and other providers of medical goods,2015,1.506,
AUS,Australia,HP73,Private health insurance administration agencies,2015,0.116,
AUS,Australia,HP52,Retail sellers and other suppliers of durable medical goods and medical appliances,2015,0.179,
AUS,Australia,HP2,Residential long-term care facilities,2015,0.737,
AUS,Australia,HP34,Ambulatory healthcare centres,2015,0.456,
AUS,Australia,HP32,Dental practices,2015,0.538,
AUS,Australia,HP71,Government health administration agencies,2015,0.205,
AUS,Australia,HP41,Providers of patient transportation and emergency rescue,2015,0.196,
AUS,Australia,HP59,All other miscellaneous sellers and other suppliers of pharmaceuticals and medical goods,2015,0.264,
AUS,Australia,HP8,Rest of the economy,2015,0.119,
AUS,Australia,HP12,Mental health hospitals,2015,0.216,
AUS,Australia,HP82,All other industries as secondary providers of healthcare,2015,0.119,
AUS,Australia,HP4,Providers of ancillary services,2015,0.54,
AUS,Australia,HP31,Medical practices,2015,1.229,
AUS,Australia,HP7,Providers of healthcare system administration and financing,2015,0.321,
AUS,Australia,HP42,Medical and diagnostic laboratories,2015,0.344,
AUS,Australia,HP51,Pharmacies,2015,1.062,
AUS,Australia,HP33,Other healthcare practitioners,2015,0.342,
AUS,Australia,HP33,Other healthcare practitioners,2016,0.346,
AUS,Australia,HP51,Pharmacies,2016,1.069,
AUS,Australia,HP42,Medical and diagnostic laboratories,2016,0.34,
AUS,Australia,HP7,Providers of healthcare system administration and financing,2016,0.335,
AUS,Australia,HP31,Medical practices,2016,1.199,
AUS,Australia,HP4,Providers of ancillary services,2016,0.538,
AUS,Australia,HP82,All other industries as secondary providers of healthcare,2016,0.148,
AUS,Australia,HP12,Mental health hospitals,2016,0.212,
AUS,Australia,HP8,Rest of the economy,2016,0.148,
AUS,Australia,HP59,All other miscellaneous sellers and other suppliers of pharmaceuticals and medical goods,2016,0.25,
AUS,Australia,HP41,Providers of patient transportation and emergency rescue,2016,0.198,
AUS,Australia,HP71,Government health administration agencies,2016,0.216,
AUS,Australia,HP32,Dental practices,2016,0.521,
AUS,Australia,HP34,Ambulatory healthcare centres,2016,0.45,
AUS,Australia,HP2,Residential long-term care facilities,2016,0.725,
AUS,Australia,HP52,Retail sellers and other suppliers of durable medical goods and medical appliances,2016,0.162,
AUS,Australia,HP73,Private health insurance administration agencies,2016,0.119,
AUS,Australia,HP5,Retailers and other providers of medical goods,2016,1.482,
AUS,Australia,HP21,Long-term nursing care facilities,2016,0.725,
AUS,Australia,HP1,Hospitals,2016,4.218,
AUS,Australia,HP6,Providers of preventive care,2016,0.097,
AUS,Australia,HP3,Providers of ambulatory healthcare,2016,2.516,
AUS,Australia,HP11,General hospitals,2016,4.006,
AUS,Australia,HP11,General hospitals,2017,4.09,
AUS,Australia,HP3,Providers of ambulatory healthcare,2017,2.51,
AUS,Australia,HP6,Providers of preventive care,2017,0.1,
AUS,Australia,HP1,Hospitals,2017,4.312,
AUS,Australia,HP21,Long-term nursing care facilities,2017,0.703,
AUS,Australia,HP5,Retailers and other providers of medical goods,2017,1.412,
AUS,Australia,HP73,Private health insurance administration agencies,2017,0.118,
AUS,Australia,HP52,Retail sellers and other suppliers of durable medical goods and medical appliances,2017,0.158,
AUS,Australia,HP2,Residential long-term care facilities,2017,0.703,
AUS,Australia,HP34,Ambulatory healthcare centres,2017,0.457,
AUS,Australia,HP32,Dental practices,2017,0.513,
AUS,Australia,HP71,Government health administration agencies,2017,0.22,
AUS,Australia,HP41,Providers of patient transportation and emergency rescue,2017,0.208,
AUS,Australia,HP59,All other miscellaneous sellers and other suppliers of pharmaceuticals and medical goods,2017,0.243,
AUS,Australia,HP8,Rest of the economy,2017,0.165,
AUS,Australia,HP12,Mental health hospitals,2017,0.222,
AUS,Australia,HP82,All other industries as secondary providers of healthcare,2017,0.165,
AUS,Australia,HP4,Providers of ancillary services,2017,0.554,
AUS,Australia,HP31,Medical practices,2017,1.184,
AUS,Australia,HP7,Providers of healthcare system administration and financing,2017,0.338,
AUS,Australia,HP42,Medical and diagnostic laboratories,2017,0.345,
AUS,Australia,HP51,Pharmacies,2017,1.01,
AUS,Australia,HP33,Other healthcare practitioners,2017,0.355,
AUS,Australia,HP33,Other healthcare practitioners,2018,0.352,
AUS,Australia,HP51,Pharmacies,2018,1.017,
AUS,Australia,HP42,Medical and diagnostic laboratories,2018,0.342,
AUS,Australia,HP7,Providers of healthcare system administration and financing,2018,0.334,
AUS,Australia,HP31,Medical practices,2018,1.144,
AUS,Australia,HP4,Providers of ancillary services,2018,0.536,
AUS,Australia,HP82,All other industries as secondary providers of healthcare,2018,0.187,
AUS,Australia,HP12,Mental health hospitals,2018,0.224,
AUS,Australia,HP8,Rest of the economy,2018,0.187,
AUS,Australia,HP59,All other miscellaneous sellers and other suppliers of pharmaceuticals and medical goods,2018,0.246,
AUS,Australia,HP41,Providers of patient transportation and emergency rescue,2018,0.193,
AUS,Australia,HP71,Government health administration agencies,2018,0.216,
AUS,Australia,HP32,Dental practices,2018,0.492,
AUS,Australia,HP34,Ambulatory healthcare centres,2018,0.474,
AUS,Australia,HP2,Residential long-term care facilities,2018,0.703,
AUS,Australia,HP52,Retail sellers and other suppliers of durable medical goods and medical appliances,2018,0.15,
AUS,Australia,HP73,Private health insurance administration agencies,2018,0.119,
AUS,Australia,HP5,Retailers and other providers of medical goods,2018,1.414,
AUS,Australia,HP21,Long-term nursing care facilities,2018,0.703,
AUS,Australia,HP1,Hospitals,2018,4.348,
AUS,Australia,HP6,Providers of preventive care,2018,0.099,
AUS,Australia,HP3,Providers of ambulatory healthcare,2018,2.461,
AUS,Australia,HP11,General hospitals,2018,4.124,
AUS,Australia,HP11,General hospitals,2019,4.213,
AUS,Australia,HP3,Providers of ambulatory healthcare,2019,2.396,
AUS,Australia,HP6,Providers of preventive care,2019,0.114,
AUS,Australia,HP1,Hospitals,2019,4.447,
AUS,Australia,HP21,Long-term nursing care facilities,2019,0.711,
AUS,Australia,HP5,Retailers and other providers of medical goods,2019,1.483,
AUS,Australia,HP73,Private health insurance administration agencies,2019,0.121,
AUS,Australia,HP52,Retail sellers and other suppliers of durable medical goods and medical appliances,2019,0.137,
AUS,Australia,HP2,Residential long-term care facilities,2019,0.711,
AUS,Australia,HP34,Ambulatory healthcare centres,2019,0.435,
AUS,Australia,HP32,Dental practices,2019,0.44,
AUS,Australia,HP71,Government health administration agencies,2019,0.232,
AUS,Australia,HP41,Providers of patient transportation and emergency rescue,2019,0.208,
AUS,Australia,HP59,All other miscellaneous sellers and other suppliers of pharmaceuticals and medical goods,2019,0.248,
AUS,Australia,HP8,Rest of the economy,2019,0.206,
AUS,Australia,HP12,Mental health hospitals,2019,0.234,
AUS,Australia,HP82,All other industries as secondary providers of healthcare,2019,0.206,
AUS,Australia,HP4,Providers of ancillary services,2019,0.551,
AUS,Australia,HP31,Medical practices,2019,1.174,
AUS,Australia,HP7,Providers of healthcare system administration and financing,2019,0.353,
AUS,Australia,HP42,Medical and diagnostic laboratories,2019,0.343,
AUS,Australia,HP51,Pharmacies,2019,1.098,
AUS,Australia,HP33,Other healthcare practitioners,2019,0.347,
AUS,Australia,HP33,Other healthcare practitioners,2020,0.363,
AUS,Australia,HP51,Pharmacies,2020,1.078,
AUS,Australia,HP42,Medical and diagnostic laboratories,2020,0.392,
AUS,Australia,HP7,Providers of healthcare system administration and financing,2020,0.363,
AUS,Australia,HP31,Medical practices,2020,1.209,
AUS,Australia,HP4,Providers of ancillary services,2020,0.6,
AUS,Australia,HP82,All other industries as secondary providers of healthcare,2020,0.234,
AUS,Australia,HP12,Mental health hospitals,2020,0.236,
AUS,Australia,HP8,Rest of the economy,2020,0.234,
AUS,Australia,HP59,All other miscellaneous sellers and other suppliers of pharmaceuticals and medical goods,2020,0.278,
AUS,Australia,HP41,Providers of patient transportation and emergency rescue,2020,0.208,
AUS,Australia,HP71,Government health administration agencies,2020,0.234,
AUS,Australia,HP32,Dental practices,2020,0.487,
AUS,Australia,HP34,Ambulatory healthcare centres,2020,0.441,
AUS,Australia,HP2,Residential long-term care facilities,2020,0.74,
AUS,Australia,HP52,Retail sellers and other suppliers of durable medical goods and medical appliances,2020,0.152,
AUS,Australia,HP73,Private health insurance administration agencies,2020,0.13,
AUS,Australia,HP5,Retailers and other providers of medical goods,2020,1.508,
AUS,Australia,HP21,Long-term nursing care facilities,2020,0.74,
AUS,Australia,HP1,Hospitals,2020,4.516,
AUS,Australia,HP6,Providers of preventive care,2020,0.28,
AUS,Australia,HP3,Providers of ambulatory healthcare,2020,2.501,
AUS,Australia,HP11,General hospitals,2020,4.28,
AUS,Australia,HP11,General hospitals,2021,4.215,
AUS,Australia,HP3,Providers of ambulatory healthcare,2021,2.291,
AUS,Australia,HP6,Providers of preventive care,2021,0.451,
AUS,Australia,HP1,Hospitals,2021,4.441,
AUS,Australia,HP21,Long-term nursing care facilities,2021,0.689,
AUS,Australia,HP5,Retailers and other providers of medical goods,2021,1.446,
AUS,Australia,HP73,Private health insurance administration agencies,2021,0.114,
AUS,Australia,HP52,Retail sellers and other suppliers of durable medical goods and medical appliances,2021,0.145,
AUS,Australia,HP2,Residential long-term care facilities,2021,0.689,
AUS,Australia,HP34,Ambulatory healthcare centres,2021,0.452,
AUS,Australia,HP32,Dental practices,2021,0.439,
AUS,Australia,HP71,Government health administration agencies,2021,0.282,
AUS,Australia,HP41,Providers of patient transportation and emergency rescue,2021,0.213,
AUS,Australia,HP59,All other miscellaneous sellers and other suppliers of pharmaceuticals and medical goods,2021,0.256,
AUS,Australia,HP8,Rest of the economy,2021,0.221,
AUS,Australia,HP12,Mental health hospitals,2021,0.226,
AUS,Australia,HP82,All other industries as secondary providers of healthcare,2021,0.221,
AUS,Australia,HP4,Providers of ancillary services,2021,0.625,
AUS,Australia,HP31,Medical practices,2021,1.087,
AUS,Australia,HP7,Providers of healthcare system administration and financing,2021,0.397,
AUS,Australia,HP42,Medical and diagnostic laboratories,2021,0.411,
AUS,Australia,HP51,Pharmacies,2021,1.046,
AUS,Australia,HP33,Other healthcare practitioners,2021,0.312,
AUS,Australia,HP33,Other healthcare practitioners,2022,0.311,
AUS,Australia,HP51,Pharmacies,2022,1.036,
AUS,Australia,HP42,Medical and diagnostic laboratories,2022,0.317,
AUS,Australia,HP31,Medical practices,2022,1.032,
AUS,Australia,HP7,Providers of healthcare system administration and financing,2022,0.348,
AUS,Australia,HP4,Providers of ancillary services,2022,0.533,
AUS,Australia,HP82,All other industries as secondary providers of healthcare,2022,0.233,
AUS,Australia,HP12,Mental health hospitals,2022,0.244,
AUS,Australia,HP8,Rest of the economy,2022,0.233,
AUS,Australia,HP59,All other miscellaneous sellers and other suppliers of pharmaceuticals and medical goods,2022,0.247,
AUS,Australia,HP41,Providers of patient transportation and emergency rescue,2022,0.216,
AUS,Australia,HP71,Government health administration agencies,2022,0.228,
AUS,Australia,HP32,Dental practices,2022,0.451,
AUS,Australia,HP34,Ambulatory healthcare centres,2022,0.412,
AUS,Australia,HP2,Residential long-term care facilities,2022,0.701,
AUS,Australia,HP52,Retail sellers and other suppliers of durable medical goods and medical appliances,2022,0.142,
AUS,Australia,HP73,Private health insurance administration agencies,2022,0.12,
AUS,Australia,HP5,Retailers and other providers of medical goods,2022,1.425,
AUS,Australia,HP21,Long-term nursing care facilities,2022,0.701,
AUS,Australia,HP1,Hospitals,2022,4.28,
AUS,Australia,HP6,Providers of preventive care,2022,0.23,
AUS,Australia,HP3,Providers of ambulatory healthcare,2022,2.207,
AUS,Australia,HP11,General hospitals,2022,4.036,
AUS,Australia,HP11,General hospitals,2023,4.099,
AUS,Australia,HP3,Providers of ambulatory healthcare,2023,2.289,
AUS,Australia,HP6,Providers of preventive care,2023,0.162,
AUS,Australia,HP1,Hospitals,2023,4.356,
AUS,Australia,HP21,Long-term nursing care facilities,2023,0.897,
AUS,Australia,HP5,Retailers and other providers of medical goods,2023,1.466,
AUS,Australia,HP73,Private health insurance administration agencies,2023,0.132,
AUS,Australia,HP52,Retail sellers and other suppliers of durable medical goods and medical appliances,2023,0.141,
AUS,Australia,HP2,Residential long-term care facilities,2023,0.897,
AUS,Australia,HP34,Ambulatory healthcare centres,2023,0.429,
AUS,Australia,HP32,Dental practices,2023,0.455,
AUS,Australia,HP71,Government health administration agencies,2023,0.237,
AUS,Australia,HP41,Providers of patient transportation and emergency rescue,2023,0.221,
AUS,Australia,HP59,All other miscellaneous sellers and other suppliers of pharmaceuticals and medical goods,2023,0.246,
AUS,Australia,HP8,Rest of the economy,2023,0.276,
AUS,Australia,HP12,Mental health hospitals,2023,0.257,
AUS,Australia,HP82,All other industries as secondary providers of healthcare,2023,0.276,
AUS,Australia,HP4,Providers of ancillary services,2023,0.546,
AUS,Australia,HP7,Providers of healthcare system administration and financing,2023,0.369,
AUS,Australia,HP31,Medical practices,2023,1.084,
AUS,Australia,HP42,Medical and diagnostic laboratories,2023,0.325,
AUS,Australia,HP51,Pharmacies,2023,1.079,
AUS,Australia,HP33,Other healthcare practitioners,2023,0.321,
AUS,Australia,HP35,Providers of home healthcare services,2015,0,
AUS,Australia,HP35,Providers of home healthcare services,2016,0,
AUS,Australia,HP13,Specialised hospitals (other than mental health hospitals),2017,0,
AUS,Australia,HP35,Providers of home healthcare services,2017,0,
AUS,Australia,HP13,Specialised hospitals (other than mental health hospitals),2021,0,
AUS,Australia,HP35,Providers of home healthcare services,2020,0,
AUS,Australia,HP13,Specialised hospitals (other than mental health hospitals),2020,0,
AUS,Australia,HP35,Providers of home healthcare services,2018,0,
AUS,Australia,HP13,Specialised hospitals (other than mental health hospitals),2018,0,
AUS,Australia,HP13,Specialised hospitals (other than mental health hospitals),2019,0,
AUS,Australia,HP35,Providers of home healthcare services,2019,0,
AUS,Australia,HP35,Providers of home healthcare services,2022,0,
AUS,Australia,HP13,Specialised hospitals (other than mental health hospitals),2022,0,
AUS,Australia,HP13,Specialised hospitals (other than mental health hospitals),2023,0,
AUS,Australia,HP35,Providers of home healthcare services,2023,0,
AUS,Australia,_T,Total,2015,10.097,
AUS,Australia,_T,Total,2016,10.06,
AUS,Australia,_T,Total,2017,10.093,
AUS,Australia,_T,Total,2018,10.082,
AUS,Australia,_T,Total,2019,10.262,
AUS,Australia,_T,Total,2020,10.743,
AUS,Australia,_T,Total,2021,10.561,
AUS,Australia,_T,Total,2022,9.957,
AUS,Australia,_T,Total,2023,10.362,
BEL,Belgium,_T,Total,2015,10.877,
BEL,Belgium,_T,Total,2016,10.884,
BEL,Belgium,_T,Total,2017,10.927,
BEL,Belgium,HP52,Retail sellers and other suppliers of durable medical goods and medical appliances,2015,0.056,
BEL,Belgium,HP22,Mental health and substance abuse facilities,2015,0.028,
BEL,Belgium,HP11,General hospitals,2015,3.112,
BEL,Belgium,HP71,Government health administration agencies,2015,0.076,
BEL,Belgium,HP32,Dental practices,2015,0.392,
BEL,Belgium,HP42,Medical and diagnostic laboratories,2015,0.274,
BEL,Belgium,HP13,Specialised hospitals (other than mental health hospitals),2015,0.083,
BEL,Belgium,HP12,Mental health hospitals,2015,0.41,
BEL,Belgium,HP6,Providers of preventive care,2015,0.084,
BEL,Belgium,HP72,Social health insurance agencies,2015,0.236,
BEL,Belgium,HP81,Households as providers of home healthcare,2015,0.034,
BEL,Belgium,HP3,Providers of ambulatory healthcare,2015,3.578,
BEL,Belgium,HP41,Providers of patient transportation and emergency rescue,2015,0.032,
BEL,Belgium,HP33,Other healthcare practitioners,2015,0.309,
BEL,Belgium,HP8,Rest of the economy,2015,0.043,
BEL,Belgium,HP35,Providers of home healthcare services,2015,1.215,
BEL,Belgium,HP29,Other residential long-term care facilities,2015,0.438,
BEL,Belgium,HP1,Hospitals,2015,3.605,
BEL,Belgium,HP73,Private health insurance administration agencies,2015,0.108,
BEL,Belgium,HP51,Pharmacies,2015,1.123,
BEL,Belgium,HP34,Ambulatory healthcare centres,2015,0.039,
BEL,Belgium,HP59,All other miscellaneous sellers and other suppliers of pharmaceuticals and medical goods,2015,0.12,
BEL,Belgium,HP82,All other industries as secondary providers of healthcare,2015,0.009,
BEL,Belgium,HP21,Long-term nursing care facilities,2015,1.078,
BEL,Belgium,HP7,Providers of healthcare system administration and financing,2015,0.42,
BEL,Belgium,HP4,Providers of ancillary services,2015,0.306,
BEL,Belgium,HP5,Retailers and other providers of medical goods,2015,1.298,
BEL,Belgium,HP31,Medical practices,2015,1.623,
BEL,Belgium,HP2,Residential long-term care facilities,2015,1.544,
BEL,Belgium,HP2,Residential long-term care facilities,2016,1.594,
BEL,Belgium,HP31,Medical practices,2016,1.604,
BEL,Belgium,HP5,Retailers and other providers of medical goods,2016,1.271,
BEL,Belgium,HP4,Providers of ancillary services,2016,0.31,
BEL,Belgium,HP7,Providers of healthcare system administration and financing,2016,0.409,
BEL,Belgium,HP21,Long-term nursing care facilities,2016,0.766,
BEL,Belgium,HP59,All other miscellaneous sellers and other suppliers of pharmaceuticals and medical goods,2016,0.12,
BEL,Belgium,HP34,Ambulatory healthcare centres,2016,0.041,
BEL,Belgium,HP51,Pharmacies,2016,1.095,
BEL,Belgium,HP73,Private health insurance administration agencies,2016,0.109,
BEL,Belgium,HP1,Hospitals,2016,3.567,
BEL,Belgium,HP29,Other residential long-term care facilities,2016,0.801,
BEL,Belgium,HP35,Providers of home healthcare services,2016,1.286,
BEL,Belgium,HP8,Rest of the economy,2016,0.02,
BEL,Belgium,HP33,Other healthcare practitioners,2016,0.312,
BEL,Belgium,HP41,Providers of patient transportation and emergency rescue,2016,0.04,
BEL,Belgium,HP3,Providers of ambulatory healthcare,2016,3.639,
BEL,Belgium,HP81,Households as providers of home healthcare,2016,0.016,
BEL,Belgium,HP72,Social health insurance agencies,2016,0.222,
BEL,Belgium,HP6,Providers of preventive care,2016,0.075,
BEL,Belgium,HP12,Mental health hospitals,2016,0.377,
BEL,Belgium,HP13,Specialised hospitals (other than mental health hospitals),2016,0.065,
BEL,Belgium,HP42,Medical and diagnostic laboratories,2016,0.268,
BEL,Belgium,HP32,Dental practices,2016,0.396,
BEL,Belgium,HP71,Government health administration agencies,2016,0.078,
BEL,Belgium,HP11,General hospitals,2016,3.125,
BEL,Belgium,HP22,Mental health and substance abuse facilities,2016,0.027,
BEL,Belgium,HP52,Retail sellers and other suppliers of durable medical goods and medical appliances,2016,0.056,
BEL,Belgium,HP52,Retail sellers and other suppliers of durable medical goods and medical appliances,2017,0.055,
BEL,Belgium,HP22,Mental health and substance abuse facilities,2017,0.028,
BEL,Belgium,HP82,All other industries as secondary providers of healthcare,2016,0.004,
BEL,Belgium,HP49,Other providers of ancillary services,2016,0.001,
BEL,Belgium,HP49,Other providers of ancillary services,2015,0,
