country_code,country,insurance_code,insurance_type,year,coverage,status
NZL,New Zealand,COVGCMED,Government/compulsory health insurance,2010,100,
NZL,New Zealand,COVGCMED,Government/compulsory health insurance,2011,100,
NZL,New Zealand,COVGCMED,Government/compulsory health insurance,2012,100,
NZL,New Zealand,COVGCMED,Government/compulsory health insurance,2013,100,
NZL,New Zealand,COVGCMED,Government/compulsory health insurance,2014,100,
NZL,New Zealand,COVGCMED,Government/compulsory health insurance,2015,100,
NZL,New Zealand,COVGCMED,Government/compulsory health insurance,2016,100,
NZL,New Zealand,COVGCMED,Government/compulsory health insurance,2017,100,
NZL,New Zealand,COVGCMED,Government/compulsory health insurance,2018,100,
NZL,New Zealand,COVGCMED,Government/compulsory health insurance,2019,100,
NZL,New Zealand,COVGCMED,Government/compulsory health insurance,2020,100,
NZL,New Zealand,COVGCMED,Government/compulsory health insurance,2021,100,
NZL,New Zealand,COVGCMED,Government/compulsory health insurance,2022,100,
NZL,New Zealand,COVGCMED,Government/compulsory health insurance,2023,100,
NZL,New Zealand,COVGCMED,Government/compulsory health insurance,2024,100,
NZL,New Zealand,COVGCMED,Government/compulsory health insurance,2025,100,
NOR,Norway,COVGCMED,Government/compulsory health insurance,2010,100,
NOR,Norway,COVGCMED,Government/compulsory health insurance,2011,100,
NOR,Norway,COVGCMED,Government/compulsory health insurance,2012,100,
NOR,Norway,COVGCMED,Government/compulsory health insurance,2013,100,
NOR,Norway,COVGCMED,Government/compulsory health insurance,2014,100,
NOR,Norway,COVGCMED,Government/compulsory health insurance,2015,100,
NOR,Norway,COVGCMED,Government/compulsory health insurance,2016,100,
NOR,Norway,COVGCMED,Government/compulsory health insurance,2017,100,
NOR,Norway,COVGCMED,Government/compulsory health insurance,2018,100,
NOR,Norway,COVGCMED,Government/compulsory health insurance,2019,100,
NOR,Norway,COVGCMED,Government/compulsory health insurance,2020,100,
NOR,Norway,COVGCMED,Government/compulsory health insurance,2021,100,
NOR,Norway,COVGCMED,Government/compulsory health insurance,2022,100,
NOR,Norway,COVGCMED,Government/compulsory health insurance,2023,100,
NOR,Norway,COVGCMED,Government/compulsory health insurance,2024,100,
NOR,Norway,COVGCMED,Government/compulsory health insurance,2025,100,
CAN,Canada,COVGCMED,Government/compulsory health insurance,2010,100,
CAN,Canada,COVGCMED,Government/compulsory health insurance,2011,100,
CAN,Canada,COVGCMED,Government/compulsory health insurance,2012,100,
CAN,Canada,COVGCMED,Government/compulsory health insurance,2013,100,
CAN,Canada,COVGCMED,Government/compulsory health insurance,2014,100,
CAN,Canada,COVGCMED,Government/compulsory health insurance,2015,100,
CAN,Canada,COVGCMED,Government/compulsory health insurance,2016,100,
CAN,Canada,COVGCMED,Government/compulsory health insurance,2017,100,
CAN,Canada,COVGCMED,Government/compulsory health insurance,2018,100,
CAN,Canada,COVGCMED,Government/compulsory health insurance,2019,100,
CAN,Canada,COVGCMED,Government/compulsory health insurance,2020,100,
CAN,Canada,COVGCMED,Government/compulsory health insurance,2021,100,
CAN,Canada,COVGCMED,Government/compulsory health insurance,2022,100,
CAN,Canada,COVGCMED,Government/compulsory health insurance,2023,100,
CAN,Canada,COVGCMED,Government/compulsory health insurance,2024,100,
CAN,Canada,COVGCMED,Government/compulsory health insurance,2025,100,
CZE,Czechia,COVGCMED,Government/compulsory health insurance,2010,100,
CZE,Czechia,COVGCMED,Government/compulsory health insurance,2011,100,
CZE,Czechia,COVGCMED,Government/compulsory health insurance,2012,100,
CZE,Czechia,COVGCMED,Government/compulsory health insurance,2013,100,
CZE,Czechia,COVGCMED,Government/compulsory health insurance,2014,100,
CZE,Czechia,COVGCMED,Government/compulsory health insurance,2015,100,
CZE,Czechia,COVGCMED,Government/compulsory health insurance,2016,100,
CZE,Czechia,COVGCMED,Government/compulsory health insurance,2017,100,
CZE,Czechia,COVGCMED,Government/compulsory health insurance,2018,100,
CZE,Czechia,COVGCMED,Government/compulsory health insurance,2019,100,
CZE,Czechia,COVGCMED,Government/compulsory health insurance,2020,100,
CZE,Czechia,COVGCMED,Government/compulsory health insurance,2021,100,
CZE,Czechia,COVGCMED,Government/compulsory health insurance,2022,100,
CZE,Czechia,COVGCMED,Government/compulsory health insurance,2023,100,
CZE,Czechia,COVGCMED,Government/compulsory health insurance,2024,100,
CZE,Czechia,COVGCMED,Government/compulsory health insurance,2025,100,
SWE,Sweden,COVGCMED,Government/compulsory health insurance,2010,100,
SWE,Sweden,COVGCMED,Government/compulsory health insurance,2011,100,
SWE,Sweden,COVGCMED,Government/compulsory health insurance,2012,100,
SWE,Sweden,COVGCMED,Government/compulsory health insurance,2013,100,
SWE,Sweden,COVGCMED,Government/compulsory health insurance,2014,100,
SWE,Sweden,COVGCMED,Government/compulsory health insurance,2015,100,
SWE,Sweden,COVGCMED,Government/compulsory health insurance,2016,100,
SWE,Sweden,COVGCMED,Government/compulsory health insurance,2017,100,
SWE,Sweden,COVGCMED,Government/compulsory health insurance,2018,100,
SWE,Sweden,COVGCMED,Government/compulsory health insurance,2019,100,
SWE,Sweden,COVGCMED,Government/compulsory health insurance,2020,100,
SWE,Sweden,COVGCMED,Government/compulsory health insurance,2021,100,
SWE,Sweden,COVGCMED,Government/compulsory health insurance,2022,100,
SWE,Sweden,COVGCMED,Government/compulsory health insurance,2023,100,
SWE,Sweden,COVGCMED,Government/compulsory health insurance,2024,100,
GBR,United Kingdom,COVGCMED,Government/compulsory health insurance,2010,100,
GBR,United Kingdom,COVGCMED,Government/compulsory health insurance,2011,100,
GBR,United Kingdom,COVGCMED,Government/compulsory health insurance,2012,100,
GBR,United Kingdom,COVGCMED,Government/compulsory health insurance,2013,100,
GBR,United Kingdom,COVGCMED,Government/compulsory health insurance,2014,100,
GBR,United Kingdom,COVGCMED,Government/compulsory health insurance,2015,100,
GBR,United Kingdom,COVGCMED,Government/compulsory health insurance,2016,100,
GBR,United Kingdom,COVGCMED,Government/compulsory health insurance,2017,100,
GBR,United Kingdom,COVGCMED,Government/compulsory health insurance,2018,100,
GBR,United Kingdom,COVGCMED,Government/compulsory health insurance,2019,100,
GBR,United Kingdom,COVGCMED,Government/compulsory health insurance,2020,100,
GBR,United Kingdom,COVGCMED,Government/compulsory health insurance,2021,100,
GBR,United Kingdom,COVGCMED,Government/compulsory health insurance,2022,100,
GBR,United Kingdom,COVGCMED,Government/compulsory health insurance,2023,100,
GBR,United Kingdom,COVGCMED,Government/compulsory health insurance,2024,100,
DNK,Denmark,COVGCMED,Government/compulsory health insurance,2010,100,
DNK,Denmark,COVGCMED,Government/compulsory health insurance,2011,100,
DNK,Denmark,COVGCMED,Government/compulsory health insurance,2012,100,
DNK,Denmark,COVGCMED,Government/compulsory health insurance,2013,100,
DNK,Denmark,COVGCMED,Government/compulsory health insurance,2014,100,
DNK,Denmark,COVGCMED,Government/compulsory health insurance,2015,100,
DNK,Denmark,COVGCMED,Government/compulsory health insurance,2016,100,
DNK,Denmark,COVGCMED,Government/compulsory health insurance,2017,100,
DNK,Denmark,COVGCMED,Government/compulsory health insurance,2018,100,
DNK,Denmark,COVGCMED,Government/compulsory health insurance,2019,100,
DNK,Denmark,COVGCMED,Government/compulsory health insurance,2020,100,
DNK,Denmark,COVGCMED,Government/compulsory health insurance,2021,100,
DNK,Denmark,COVGCMED,Government/compulsory health insurance,2022,100,
DNK,Denmark,COVGCMED,Government/compulsory health insurance,2023,100,
DNK,Denmark,COVGCMED,Government/compulsory health insurance,2024,100,
FIN,Finland,COVGCMED,Government/compulsory health insurance,2010,100,
FIN,Finland,COVGCMED,Government/compulsory health insurance,2011,100,
FIN,Finland,COVGCMED,Government/compulsory health insurance,2012,100,
FIN,Finland,COVGCMED,Government/compulsory health insurance,2013,100,
FIN,Finland,COVGCMED,Government/compulsory health insurance,2014,100,
FIN,Finland,COVGCMED,Government/compulsory health insurance,2015,100,
FIN,Finland,COVGCMED,Government/compulsory health insurance,2016,100,
FIN,Finland,COVGCMED,Government/compulsory health insurance,2017,100,
FIN,Finland,COVGCMED,Government/compulsory health insurance,2018,100,
FIN,Finland,COVGCMED,Government/compulsory health insurance,2019,100,
FIN,Finland,COVGCMED,Government/compulsory health insurance,2020,100,
FIN,Finland,COVGCMED,Government/compulsory health insurance,2021,100,
FIN,Finland,COVGCMED,Government/compulsory health insurance,2022,100,
FIN,Finland,COVGCMED,Government/compulsory health insurance,2023,100,
FIN,Finland,COVGCMED,Government/compulsory health insurance,2024,100,
FIN,Finland,COVGCMED,Government/compulsory health insurance,2025,100,
GRC,Greece,COVGCMED,Government/compulsory health insurance,2016,100,
GRC,Greece,COVGCMED,Government/compulsory health insurance,2017,100,
GRC,Greece,COVGCMED,Government/compulsory health insurance,2018,100,
GRC,Greece,COVGCMED,Government/compulsory health insurance,2019,100,
GRC,Greece,COVGCMED,Government/compulsory health insurance,2020,100,
GRC,Greece,COVGCMED,Government/compulsory health insurance,2021,100,
GRC,Greece,COVGCMED,Government/compulsory health insurance,2022,100,
GRC,Greece,COVGCMED,Government/compulsory health insurance,2023,100,
GRC,Greece,COVGCMED,Government/compulsory health insurance,2024,100,
GRC,Greece,COVGCMED,Government/compulsory health insurance,2025,100,
IRL,Ireland,COVGCMED,Government/compulsory health insurance,2010,100,
IRL,Ireland,COVGCMED,Government/compulsory health insurance,2011,100,
IRL,Ireland,COVGCMED,Government/compulsory health insurance,2012,100,
IRL,Ireland,COVGCMED,Government/compulsory health insurance,2013,100,
IRL,Ireland,COVGCMED,Government/compulsory health insurance,2014,100,
IRL,Ireland,COVGCMED,Government/compulsory health insurance,2015,100,
IRL,Ireland,COVGCMED,Government/compulsory health insurance,2016,100,
IRL,Ireland,COVGCMED,Government/compulsory health insurance,2017,100,
IRL,Ireland,COVGCMED,Government/compulsory health insurance,2018,100,
IRL,Ireland,COVGCMED,Government/compulsory health insurance,2019,100,
IRL,Ireland,COVGCMED,Government/compulsory health insurance,2020,100,
IRL,Ireland,COVGCMED,Government/compulsory health insurance,2021,100,
IRL,Ireland,COVGCMED,Government/compulsory health insurance,2022,100,
IRL,Ireland,COVGCMED,Government/compulsory health insurance,2023,100,
IRL,Ireland,COVGCMED,Government/compulsory health insurance,2024,100,
IRL,Ireland,COVGCMED,Government/compulsory health insurance,2025,100,
ISR,Israel,COVGCMED,Government/compulsory health insurance,2010,100,
ISR,Israel,COVGCMED,Government/compulsory health insurance,2011,100,
ISR,Israel,COVGCMED,Government/compulsory health insurance,2012,100,
ISR,Israel,COVGCMED,Government/compulsory health insurance,2013,100,
ISR,Israel,COVGCMED,Government/compulsory health insurance,2014,100,
ISR,Israel,COVGCMED,Government/compulsory health insurance,2015,100,
ISR,Israel,COVGCMED,Government/compulsory health insurance,2016,100,
ISR,Israel,COVGCMED,Government/compulsory health insurance,2017,100,
ISR,Israel,COVGCMED,Government/compulsory health insurance,2018,100,
ISR,Israel,COVGCMED,Government/compulsory health insurance,2019,100,
ISR,Israel,COVGCMED,Government/compulsory health insurance,2020,100,
ISR,Israel,COVGCMED,Government/compulsory health insurance,2021,100,
ISR,Israel,COVGCMED,Government/compulsory health insurance,2022,100,
ISR,Israel,COVGCMED,Government/compulsory health insurance,2023,100,
ISR,Israel,COVGCMED,Government/compulsory health insurance,2024,100,
ISR,Israel,COVGCMED,Government/compulsory health insurance,2025,100,
ITA,Italy,COVGCMED,Government/compulsory health insurance,2010,100,
ITA,Italy,COVGCMED,Government/compulsory health insurance,2011,100,
ITA,Italy,COVGCMED,Government/compulsory health insurance,2012,100,
ITA,Italy,COVGCMED,Government/compulsory health insurance,2013,100,
ITA,Italy,COVGCMED,Government/compulsory health insurance,2014,100,
ITA,Italy,COVGCMED,Government/compulsory health insurance,2015,100,
ITA,Italy,COVGCMED,Government/compulsory health insurance,2016,100,
ITA,Italy,COVGCMED,Government/compulsory health insurance,2017,100,
ITA,Italy,COVGCMED,Government/compulsory health insurance,2018,100,
ITA,Italy,COVGCMED,Government/compulsory health insurance,2019,100,
ITA,Italy,COVGCMED,Government/compulsory health insurance,2020,100,
ITA,Italy,COVGCMED,Government/compulsory health insurance,2021,100,
ITA,Italy,COVGCMED,Government/compulsory health insurance,2022,100,
ITA,Italy,COVGCMED,Government/compulsory health insurance,2023,100,
ITA,Italy,COVGCMED,Government/compulsory health insurance,2024,100,
ITA,Italy,COVGCMED,Government/compulsory health insurance,2025,100,
JPN,Japan,COVGCMED,Government/compulsory health insurance,2010,100,
JPN,Japan,COVGCMED,Government/compulsory health insurance,2011,100,
JPN,Japan,COVGCMED,Government/compulsory health insurance,2012,100,
JPN,Japan,COVGCMED,Government/compulsory health insurance,2013,100,
JPN,Japan,COVGCMED,Government/compulsory health insurance,2014,100,
JPN,Japan,COVGCMED,Government/compulsory health insurance,2015,100,
JPN,Japan,COVGCMED,Government/compulsory health insurance,2016,100,
JPN,Japan,COVGCMED,Government/compulsory health insurance,2017,100,
JPN,Japan,COVGCMED,Government/compulsory health insurance,2018,100,
JPN,Japan,COVGCMED,Government/compulsory health insurance,2019,100,
JPN,Japan,COVGCMED,Government/compulsory health insurance,2020,100,
JPN,Japan,COVGCMED,Government/compulsory health insurance,2021,100,
JPN,Japan,COVGCMED,Government/compulsory health insurance,2022,100,
JPN,Japan,COVGCMED,Government/compulsory health insurance,2023,100,
KOR,Korea,COVGCMED,Government/compulsory health insurance,2010,100,
KOR,Korea,COVGCMED,Government/compulsory health insurance,2011,100,
KOR,Korea,COVGCMED,Government/compulsory health insurance,2012,100,
KOR,Korea,COVGCMED,Government/compulsory health insurance,2013,100,
KOR,Korea,COVGCMED,Government/compulsory health insurance,2014,100,
KOR,Korea,COVGCMED,Government/compulsory health insurance,2015,100,
KOR,Korea,COVGCMED,Government/compulsory health insurance,2016,100,
KOR,Korea,COVGCMED,Government/compulsory health insurance,2017,100,
KOR,Korea,COVGCMED,Government/compulsory health insurance,2018,100,
KOR,Korea,COVGCMED,Government/compulsory health insurance,2019,100,
KOR,Korea,COVGCMED,Government/compulsory health insurance,2020,100,
KOR,Korea,COVGCMED,Government/compulsory health insurance,2021,100,
KOR,Korea,COVGCMED,Government/compulsory health insurance,2022,100,
KOR,Korea,COVGCMED,Government/compulsory health insurance,2023,100,
KOR,Korea,COVGCMED,Government/compulsory health insurance,2024,100,
LUX,Luxembourg,COVGCMED,Government/compulsory health insurance,2017,100,
LUX,Luxembourg,COVGCMED,Government/compulsory health insurance,2018,100,
LUX,Luxembourg,COVGCMED,Government/compulsory health insurance,2019,100,
LUX,Luxembourg,COVGCMED,Government/compulsory health insurance,2020,100,
LUX,Luxembourg,COVGCMED,Government/compulsory health insurance,2021,100,
LUX,Luxembourg,COVGCMED,Government/compulsory health insurance,2022,100,
LUX,Luxembourg,COVGCMED,Government/compulsory health insurance,2023,100,
LUX,Luxembourg,COVGCMED,Government/compulsory health insurance,2024,100,
LUX,Luxembourg,COVGCMED,Government/compulsory health insurance,2025,100,
PRT,Portugal,COVGCMED,Government/compulsory health insurance,2010,100,
PRT,Portugal,COVGCMED,Government/compulsory health insurance,2011,100,
PRT,Portugal,COVGCMED,Government/compulsory health insurance,2012,100,
PRT,Portugal,COVGCMED,Government/compulsory health insurance,2013,100,
PRT,Portugal,COVGCMED,Government/compulsory health insurance,2014,100,
PRT,Portugal,COVGCMED,Government/compulsory health insurance,2015,100,
PRT,Portugal,COVGCMED,Government/compulsory health insurance,2016,100,
PRT,Portugal,COVGCMED,Government/compulsory health insurance,2017,100,
PRT,Portugal,COVGCMED,Government/compulsory health insurance,2018,100,
PRT,Portugal,COVGCMED,Government/compulsory health insurance,2019,100,
PRT,Portugal,COVGCMED,Government/compulsory health insurance,2020,100,
PRT,Portugal,COVGCMED,Government/compulsory health insurance,2021,100,
PRT,Portugal,COVGCMED,Government/compulsory health insurance,2022,100,
PRT,Portugal,COVGCMED,Government/compulsory health insurance,2023,100,
PRT,Portugal,COVGCMED,Government/compulsory health insurance,2024,100,
SVN,Slovenia,COVGCMED,Government/compulsory health insurance,2010,100,
SVN,Slovenia,COVGCMED,Government/compulsory health insurance,2011,100,
SVN,Slovenia,COVGCMED,Government/compulsory health insurance,2012,100,
SVN,Slovenia,COVGCMED,Government/compulsory health insurance,2013,100,
SVN,Slovenia,COVGCMED,Government/compulsory health insurance,2014,100,
SVN,Slovenia,COVGCMED,Government/compulsory health insurance,2015,100,
SVN,Slovenia,COVGCMED,Government/compulsory health insurance,2016,100,
SVN,Slovenia,COVGCMED,Government/compulsory health insurance,2017,100,
SVN,Slovenia,COVGCMED,Government/compulsory health insurance,2018,100,
SVN,Slovenia,COVGCMED,Government/compulsory health insurance,2019,100,
SVN,Slovenia,COVGCMED,Government/compulsory health insurance,2022,100,
ESP,Spain,COVGCMED,Government/compulsory health insurance,2019,100,
ESP,Spain,COVGCMED,Government/compulsory health insurance,2020,100,
ESP,Spain,COVGCMED,Government/compulsory health insurance,2021,100,
ESP,Spain,COVGCMED,Government/compulsory health insurance,2022,100,
ESP,Spain,COVGCMED,Government/compulsory health insurance,2023,100,
ESP,Spain,COVGCMED,Government/compulsory health insurance,2024,100,
ESP,Spain,COVGCMED,Government/compulsory health insurance,2025,100,
CHE,Switzerland,COVGCMED,Government/compulsory health insurance,2010,100,
CHE,Switzerland,COVGCMED,Government/compulsory health insurance,2011,100,
CHE,Switzerland,COVGCMED,Government/compulsory health insurance,2012,100,
CHE,Switzerland,COVGCMED,Government/compulsory health insurance,2013,100,
CHE,Switzerland,COVGCMED,Government/compulsory health insurance,2014,100,
CHE,Switzerland,COVGCMED,Government/compulsory health insurance,2015,100,
CHE,Switzerland,COVGCMED,Government/compulsory health insurance,2016,100,
CHE,Switzerland,COVGCMED,Government/compulsory health insurance,2017,100,
CHE,Switzerland,COVGCMED,Government/compulsory health insurance,2018,100,
CHE,Switzerland,COVGCMED,Government/compulsory health insurance,2019,100,
CHE,Switzerland,COVGCMED,Government/compulsory health insurance,2020,100,
CHE,Switzerland,COVGCMED,Government/compulsory health insurance,2021,100,
CHE,Switzerland,COVGCMED,Government/compulsory health insurance,2022,100,
CHE,Switzerland,COVGCMED,Government/compulsory health insurance,2023,100,
CHE,Switzerland,COVGCMED,Government/compulsory health insurance,2024,100,
PER,Peru,COVGCMED,Government/compulsory health insurance,2020,100,
PER,Peru,COVGCMED,Government/compulsory health insurance,2025,100,
RUS,Russia,COVGCMED,Government/compulsory health insurance,2015,100,
RUS,Russia,COVGCMED,Government/compulsory health insurance,2016,100,
THA,Thailand,COVGCMED,Government/compulsory health insurance,2019,100,
THA,Thailand,COVGCMED,Government/compulsory health insurance,2021,100,
THA,Thailand,COVGCMED,Government/compulsory health insurance,2023,100,
DNK,Denmark,TPRIBASI,Public and primary voluntary health insurance,2010,100,
DNK,Denmark,TPRIBASI,Public and primary voluntary health insurance,2011,100,
DNK,Denmark,TPRIBASI,Public and primary voluntary health insurance,2012,100,
DNK,Denmark,TPRIBASI,Public and primary voluntary health insurance,2013,100,
DNK,Denmark,TPRIBASI,Public and primary voluntary health insurance,2014,100,
DNK,Denmark,TPRIBASI,Public and primary voluntary health insurance,2015,100,
DNK,Denmark,TPRIBASI,Public and primary voluntary health insurance,2016,100,
DNK,Denmark,TPRIBASI,Public and primary voluntary health insurance,2017,100,
DNK,Denmark,TPRIBASI,Public and primary voluntary health insurance,2018,100,
DNK,Denmark,TPRIBASI,Public and primary voluntary health insurance,2019,100,
DNK,Denmark,TPRIBASI,Public and primary voluntary health insurance,2020,100,
DNK,Denmark,TPRIBASI,Public and primary voluntary health insurance,2021,100,
DNK,Denmark,TPRIBASI,Public and primary voluntary health insurance,2022,100,
DNK,Denmark,TPRIBASI,Public and primary voluntary health insurance,2023,100,
DNK,Denmark,TPRIBASI,Public and primary voluntary health insurance,2024,100,
FIN,Finland,TPRIBASI,Public and primary voluntary health insurance,2010,100,
FIN,Finland,TPRIBASI,Public and primary voluntary health insurance,2011,100,
FIN,Finland,TPRIBASI,Public and primary voluntary health insurance,2012,100,
FIN,Finland,TPRIBASI,Public and primary voluntary health insurance,2013,100,
FIN,Finland,TPRIBASI,Public and primary voluntary health insurance,2014,100,
FIN,Finland,TPRIBASI,Public and primary voluntary health insurance,2015,100,
FIN,Finland,TPRIBASI,Public and primary voluntary health insurance,2016,100,
FIN,Finland,TPRIBASI,Public and primary voluntary health insurance,2017,100,
FIN,Finland,TPRIBASI,Public and primary voluntary health insurance,2018,100,
FIN,Finland,TPRIBASI,Public and primary voluntary health insurance,2019,100,
FIN,Finland,TPRIBASI,Public and primary voluntary health insurance,2020,100,
FIN,Finland,TPRIBASI,Public and primary voluntary health insurance,2021,100,
FIN,Finland,TPRIBASI,Public and primary voluntary health insurance,2022,100,
FIN,Finland,TPRIBASI,Public and primary voluntary health insurance,2023,100,
FIN,Finland,TPRIBASI,Public and primary voluntary health insurance,2024,100,
FIN,Finland,TPRIBASI,Public and primary voluntary health insurance,2025,100,
GRC,Greece,TPRIBASI,Public and primary voluntary health insurance,2016,100,
GRC,Greece,TPRIBASI,Public and primary voluntary health insurance,2017,100,
GRC,Greece,TPRIBASI,Public and primary voluntary health insurance,2018,100,
GRC,Greece,TPRIBASI,Public and primary voluntary health insurance,2019,100,
GRC,Greece,TPRIBASI,Public and primary voluntary health insurance,2020,100,
GRC,Greece,TPRIBASI,Public and primary voluntary health insurance,2021,100,
GRC,Greece,TPRIBASI,Public and primary voluntary health insurance,2022,100,
GRC,Greece,TPRIBASI,Public and primary voluntary health insurance,2023,100,
GRC,Greece,TPRIBASI,Public and primary voluntary health insurance,2024,100,
GRC,Greece,TPRIBASI,Public and primary voluntary health insurance,2025,100,
ISL,Iceland,TPRIBASI,Public and primary voluntary health insurance,2010,100,
ISL,Iceland,TPRIBASI,Public and primary voluntary health insurance,2011,100,
ISL,Iceland,TPRIBASI,Public and primary voluntary health insurance,2012,100,
ISL,Iceland,TPRIBASI,Public and primary voluntary health insurance,2013,100,
ISL,Iceland,TPRIBASI,Public and primary voluntary health insurance,2014,100,
ISL,Iceland,TPRIBASI,Public and primary voluntary health insurance,2015,100,
ISL,Iceland,TPRIBASI,Public and primary voluntary health insurance,2016,100,
ISL,Iceland,TPRIBASI,Public and primary voluntary health insurance,2017,100,
ISL,Iceland,TPRIBASI,Public and primary voluntary health insurance,2018,100,
ISL,Iceland,TPRIBASI,Public and primary voluntary health insurance,2019,100,
ISL,Iceland,TPRIBASI,Public and primary voluntary health insurance,2020,100,
IRL,Ireland,TPRIBASI,Public and primary voluntary health insurance,2010,100,
IRL,Ireland,TPRIBASI,Public and primary voluntary health insurance,2011,100,
IRL,Ireland,TPRIBASI,Public and primary voluntary health insurance,2012,100,
IRL,Ireland,TPRIBASI,Public and primary voluntary health insurance,2013,100,
IRL,Ireland,TPRIBASI,Public and primary voluntary health insurance,2014,100,
IRL,Ireland,TPRIBASI,Public and primary voluntary health insurance,2015,100,
IRL,Ireland,TPRIBASI,Public and primary voluntary health insurance,2016,100,
IRL,Ireland,TPRIBASI,Public and primary voluntary health insurance,2017,100,
IRL,Ireland,TPRIBASI,Public and primary voluntary health insurance,2018,100,
IRL,Ireland,TPRIBASI,Public and primary voluntary health insurance,2019,100,
IRL,Ireland,TPRIBASI,Public and primary voluntary health insurance,2020,100,
IRL,Ireland,TPRIBASI,Public and primary voluntary health insurance,2021,100,
IRL,Ireland,TPRIBASI,Public and primary voluntary health insurance,2022,100,
IRL,Ireland,TPRIBASI,Public and primary voluntary health insurance,2023,100,
IRL,Ireland,TPRIBASI,Public and primary voluntary health insurance,2024,100,
IRL,Ireland,TPRIBASI,Public and primary voluntary health insurance,2025,100,
ISR,Israel,TPRIBASI,Public and primary voluntary health insurance,2010,100,
ISR,Israel,TPRIBASI,Public and primary voluntary health insurance,2011,100,
ISR,Israel,TPRIBASI,Public and primary voluntary health insurance,2012,100,
ISR,Israel,TPRIBASI,Public and primary voluntary health insurance,2013,100,
ISR,Israel,TPRIBASI,Public and primary voluntary health insurance,2014,100,
ISR,Israel,TPRIBASI,Public and primary voluntary health insurance,2015,100,
ISR,Israel,TPRIBASI,Public and primary voluntary health insurance,2016,100,
ISR,Israel,TPRIBASI,Public and primary voluntary health insurance,2017,100,
ISR,Israel,TPRIBASI,Public and primary voluntary health insurance,2018,100,
ISR,Israel,TPRIBASI,Public and primary voluntary health insurance,2019,100,
ISR,Israel,TPRIBASI,Public and primary voluntary health insurance,2020,100,
ISR,Israel,TPRIBASI,Public and primary voluntary health insurance,2021,100,
ISR,Israel,TPRIBASI,Public and primary voluntary health insurance,2022,100,
ISR,Israel,TPRIBASI,Public and primary voluntary health insurance,2023,100,
ISR,Israel,TPRIBASI,Public and primary voluntary health insurance,2024,100,
ISR,Israel,TPRIBASI,Public and primary voluntary health insurance,2025,100,
ITA,Italy,TPRIBASI,Public and primary voluntary health insurance,2010,100,
ITA,Italy,TPRIBASI,Public and primary voluntary health insurance,2011,100,
ITA,Italy,TPRIBASI,Public and primary voluntary health insurance,2012,100,
ITA,Italy,TPRIBASI,Public and primary voluntary health insurance,2013,100,
ITA,Italy,TPRIBASI,Public and primary voluntary health insurance,2014,100,
ITA,Italy,TPRIBASI,Public and primary voluntary health insurance,2015,100,
ITA,Italy,TPRIBASI,Public and primary voluntary health insurance,2016,100,
ITA,Italy,TPRIBASI,Public and primary voluntary health insurance,2017,100,
ITA,Italy,TPRIBASI,Public and primary voluntary health insurance,2018,100,
ITA,Italy,TPRIBASI,Public and primary voluntary health insurance,2019,100,
ITA,Italy,TPRIBASI,Public and primary voluntary health insurance,2020,100,
ITA,Italy,TPRIBASI,Public and primary voluntary health insurance,2021,100,
ITA,Italy,TPRIBASI,Public and primary voluntary health insurance,2022,100,
ITA,Italy,TPRIBASI,Public and primary voluntary health insurance,2023,100,
ITA,Italy,TPRIBASI,Public and primary voluntary health insurance,2024,100,
ITA,Italy,TPRIBASI,Public and primary voluntary health insurance,2025,100,
JPN,Japan,TPRIBASI,Public and primary voluntary health insurance,2010,100,
JPN,Japan,TPRIBASI,Public and primary voluntary health insurance,2011,100,
JPN,Japan,TPRIBASI,Public and primary voluntary health insurance,2012,100,
JPN,Japan,TPRIBASI,Public and primary voluntary health insurance,2013,100,
JPN,Japan,TPRIBASI,Public and primary voluntary health insurance,2014,100,
JPN,Japan,TPRIBASI,Public and primary voluntary health insurance,2015,100,
JPN,Japan,TPRIBASI,Public and primary voluntary health insurance,2016,100,
JPN,Japan,TPRIBASI,Public and primary voluntary health insurance,2017,100,
JPN,Japan,TPRIBASI,Public and primary voluntary health insurance,2018,100,
JPN,Japan,TPRIBASI,Public and primary voluntary health insurance,2019,100,
JPN,Japan,TPRIBASI,Public and primary voluntary health insurance,2020,100,
JPN,Japan,TPRIBASI,Public and primary voluntary health insurance,2021,100,
JPN,Japan,TPRIBASI,Public and primary voluntary health insurance,2022,100,
JPN,Japan,TPRIBASI,Public and primary voluntary health insurance,2023,100,
KOR,Korea,TPRIBASI,Public and primary voluntary health insurance,2010,100,
KOR,Korea,TPRIBASI,Public and primary voluntary health insurance,2011,100,
KOR,Korea,TPRIBASI,Public and primary voluntary health insurance,2012,100,
KOR,Korea,TPRIBASI,Public and primary voluntary health insurance,2013,100,
KOR,Korea,TPRIBASI,Public and primary voluntary health insurance,2014,100,
KOR,Korea,TPRIBASI,Public and primary voluntary health insurance,2015,100,
KOR,Korea,TPRIBASI,Public and primary voluntary health insurance,2016,100,
KOR,Korea,TPRIBASI,Public and primary voluntary health insurance,2017,100,
KOR,Korea,TPRIBASI,Public and primary voluntary health insurance,2018,100,
KOR,Korea,TPRIBASI,Public and primary voluntary health insurance,2019,100,
KOR,Korea,TPRIBASI,Public and primary voluntary health insurance,2020,100,
KOR,Korea,TPRIBASI,Public and primary voluntary health insurance,2021,100,
KOR,Korea,TPRIBASI,Public and primary voluntary health insurance,2022,100,
KOR,Korea,TPRIBASI,Public and primary voluntary health insurance,2023,100,
KOR,Korea,TPRIBASI,Public and primary voluntary health insurance,2024,100,
LUX,Luxembourg,TPRIBASI,Public and primary voluntary health insurance,2017,100,
LUX,Luxembourg,TPRIBASI,Public and primary voluntary health insurance,2018,100,
LUX,Luxembourg,TPRIBASI,Public and primary voluntary health insurance,2019,100,
LUX,Luxembourg,TPRIBASI,Public and primary voluntary health insurance,2020,100,
LUX,Luxembourg,TPRIBASI,Public and primary voluntary health insurance,2021,100,
LUX,Luxembourg,TPRIBASI,Public and primary voluntary health insurance,2022,100,
LUX,Luxembourg,TPRIBASI,Public and primary voluntary health insurance,2023,100,
LUX,Luxembourg,TPRIBASI,Public and primary voluntary health insurance,2024,100,
LUX,Luxembourg,TPRIBASI,Public and primary voluntary health insurance,2025,100,
PRT,Portugal,TPRIBASI,Public and primary voluntary health insurance,2010,100,
PRT,Portugal,TPRIBASI,Public and primary voluntary health insurance,2011,100,
PRT,Portugal,TPRIBASI,Public and primary voluntary health insurance,2012,100,
PRT,Portugal,TPRIBASI,Public and primary voluntary health insurance,2013,100,
PRT,Portugal,TPRIBASI,Public and primary voluntary health insurance,2014,100,
PRT,Portugal,TPRIBASI,Public and primary voluntary health insurance,2015,100,
PRT,Portugal,TPRIBASI,Public and primary voluntary health insurance,2016,100,
PRT,Portugal,TPRIBASI,Public and primary voluntary health insurance,2017,100,
PRT,Portugal,TPRIBASI,Public and primary voluntary health insurance,2018,100,
PRT,Portugal,TPRIBASI,Public and primary voluntary health insurance,2019,100,
PRT,Portugal,TPRIBASI,Public and primary voluntary health insurance,2020,100,
PRT,Portugal,TPRIBASI,Public and primary voluntary health insurance,2021,100,
PRT,Portugal,TPRIBASI,Public and primary voluntary health insurance,2022,100,
PRT,Portugal,TPRIBASI,Public and primary voluntary health insurance,2023,100,
PRT,Portugal,TPRIBASI,Public and primary voluntary health insurance,2024,100,
SVN,Slovenia,TPRIBASI,Public and primary voluntary health insurance,2010,100,
SVN,Slovenia,TPRIBASI,Public and primary voluntary health insurance,2011,100,
SVN,Slovenia,TPRIBASI,Public and primary voluntary health insurance,2012,100,
SVN,Slovenia,TPRIBASI,Public and primary voluntary health insurance,2013,100,
SVN,Slovenia,TPRIBASI,Public and primary voluntary health insurance,2014,100,
SVN,Slovenia,TPRIBASI,Public and primary voluntary health insurance,2015,100,
SVN,Slovenia,TPRIBASI,Public and primary voluntary health insurance,2016,100,
SVN,Slovenia,TPRIBASI,Public and primary voluntary health insurance,2017,100,
SVN,Slovenia,TPRIBASI,Public and primary voluntary health insurance,2018,100,
SVN,Slovenia,TPRIBASI,Public and primary voluntary health insurance,2019,100,
SVN,Slovenia,TPRIBASI,Public and primary voluntary health insurance,2022,100,
ESP,Spain,TPRIBASI,Public and primary voluntary health insurance,2019,100,
ESP,Spain,TPRIBASI,Public and primary voluntary health insurance,2021,100,
ESP,Spain,TPRIBASI,Public and primary voluntary health insurance,2022,100,
ESP,Spain,TPRIBASI,Public and primary voluntary health insurance,2024,100,
ESP,Spain,TPRIBASI,Public and primary voluntary health insurance,2025,100,
CHE,Switzerland,TPRIBASI,Public and primary voluntary health insurance,2010,100,
CHE,Switzerland,TPRIBASI,Public and primary voluntary health insurance,2011,100,
CHE,Switzerland,TPRIBASI,Public and primary voluntary health insurance,2012,100,
CHE,Switzerland,TPRIBASI,Public and primary voluntary health insurance,2013,100,
CHE,Switzerland,TPRIBASI,Public and primary voluntary health insurance,2014,100,
CHE,Switzerland,TPRIBASI,Public and primary voluntary health insurance,2015,100,
CHE,Switzerland,TPRIBASI,Public and primary voluntary health insurance,2016,100,
CHE,Switzerland,TPRIBASI,Public and primary voluntary health insurance,2017,100,
CHE,Switzerland,TPRIBASI,Public and primary voluntary health insurance,2018,100,
CHE,Switzerland,TPRIBASI,Public and primary voluntary health insurance,2019,100,
CHE,Switzerland,TPRIBASI,Public and primary voluntary health insurance,2020,100,
CHE,Switzerland,TPRIBASI,Public and primary voluntary health insurance,2021,100,
CHE,Switzerland,TPRIBASI,Public and primary voluntary health insurance,2022,100,
CHE,Switzerland,TPRIBASI,Public and primary voluntary health insurance,2023,100,
CHE,Switzerland,TPRIBASI,Public and primary voluntary health insurance,2024,100,
PER,Peru,TPRIBASI,Public and primary voluntary health insurance,2020,100,
PER,Peru,TPRIBASI,Public and primary voluntary health insurance,2021,100,
PER,Peru,TPRIBASI,Public and primary voluntary health insurance,2022,100,
PER,Peru,TPRIBASI,Public and primary voluntary health insurance,2023,100,
PER,Peru,TPRIBASI,Public and primary voluntary health insurance,2024,100,
PER,Peru,TPRIBASI,Public and primary voluntary health insurance,2025,100,
RUS,Russia,TPRIBASI,Public and primary voluntary health insurance,2015,100,
RUS,Russia,TPRIBASI,Public and primary voluntary health insurance,2016,100,
GBR,United Kingdom,TPRIBASI,Public and primary voluntary health insurance,2010,100,
GBR,United Kingdom,TPRIBASI,Public and primary voluntary health insurance,2011,100,
GBR,United Kingdom,TPRIBASI,Public and primary voluntary health insurance,2012,100,
GBR,United Kingdom,TPRIBASI,Public and primary voluntary health insurance,2013,100,
GBR,United Kingdom,TPRIBASI,Public and primary voluntary health insurance,2014,100,
GBR,United Kingdom,TPRIBASI,Public and primary voluntary health insurance,2015,100,
GBR,United Kingdom,TPRIBASI,Public and primary voluntary health insurance,2016,100,
GBR,United Kingdom,TPRIBASI,Public and primary voluntary health insurance,2017,100,
GBR,United Kingdom,TPRIBASI,Public and primary voluntary health insurance,2018,100,
GBR,United Kingdom,TPRIBASI,Public and primary voluntary health insurance,2019,100,
GBR,United Kingdom,TPRIBASI,Public and primary voluntary health insurance,2020,100,
GBR,United Kingdom,TPRIBASI,Public and primary voluntary health insurance,2021,100,
GBR,United Kingdom,TPRIBASI,Public and primary voluntary health insurance,2022,100,
GBR,United Kingdom,TPRIBASI,Public and primary voluntary health insurance,2023,100,
GBR,United Kingdom,TPRIBASI,Public and primary voluntary health insurance,2024,100,
SWE,Sweden,TPRIBASI,Public and primary voluntary health insurance,2010,100,
SWE,Sweden,TPRIBASI,Public and primary voluntary health insurance,2011,100,
SWE,Sweden,TPRIBASI,Public and primary voluntary health insurance,2012,100,
SWE,Sweden,TPRIBASI,Public and primary voluntary health insurance,2013,100,
SWE,Sweden,TPRIBASI,Public and primary voluntary health insurance,2014,100,
SWE,Sweden,TPRIBASI,Public and primary voluntary health insurance,2015,100,
SWE,Sweden,TPRIBASI,Public and primary voluntary health insurance,2016,100,
SWE,Sweden,TPRIBASI,Public and primary voluntary health insurance,2017,100,
SWE,Sweden,TPRIBASI,Public and primary voluntary health insurance,2018,100,
SWE,Sweden,TPRIBASI,Public and primary voluntary health insurance,2019,100,
SWE,Sweden,TPRIBASI,Public and primary voluntary health insurance,2020,100,
SWE,Sweden,TPRIBASI,Public and primary voluntary health insurance,2021,100,
SWE,Sweden,TPRIBASI,Public and primary voluntary health insurance,2022,100,
SWE,Sweden,TPRIBASI,Public and primary voluntary health insurance,2023,100,
SWE,Sweden,TPRIBASI,Public and primary voluntary health insurance,2024,100,
CAN,Canada,TPRIBASI,Public and primary voluntary health insurance,2010,100,
CAN,Canada,TPRIBASI,Public and primary voluntary health insurance,2011,100,
CAN,Canada,TPRIBASI,Public and primary voluntary health insurance,2012,100,
CAN,Canada,TPRIBASI,Public and primary voluntary health insurance,2013,100,
CAN,Canada,TPRIBASI,Public and primary voluntary health insurance,2014,100,
CAN,Canada,TPRIBASI,Public and primary voluntary health insurance,2015,100,
CAN,Canada,TPRIBASI,Public and primary voluntary health insurance,2016,100,
CAN,Canada,TPRIBASI,Public and primary voluntary health insurance,2017,100,
CAN,Canada,TPRIBASI,Public and primary voluntary health insurance,2018,100,
CAN,Canada,TPRIBASI,Public and primary voluntary health insurance,2019,100,
CAN,Canada,TPRIBASI,Public and primary voluntary health insurance,2020,100,
CAN,Canada,TPRIBASI,Public and primary voluntary health insurance,2021,100,
CAN,Canada,TPRIBASI,Public and primary voluntary health insurance,2022,100,
CAN,Canada,TPRIBASI,Public and primary voluntary health insurance,2023,100,
CAN,Canada,TPRIBASI,Public and primary voluntary health insurance,2024,100,
CAN,Canada,TPRIBASI,Public and primary voluntary health insurance,2025,100,
NOR,Norway,TPRIBASI,Public and primary voluntary health insurance,2010,100,
NOR,Norway,TPRIBASI,Public and primary voluntary health insurance,2011,100,
NOR,Norway,TPRIBASI,Public and primary voluntary health insurance,2012,100,
NOR,Norway,TPRIBASI,Public and primary voluntary health insurance,2013,100,
NOR,Norway,TPRIBASI,Public and primary voluntary health insurance,2014,100,
NOR,Norway,TPRIBASI,Public and primary voluntary health insurance,2015,100,
NOR,Norway,TPRIBASI,Public and primary voluntary health insurance,2016,100,
NOR,Norway,TPRIBASI,Public and primary voluntary health insurance,2017,100,
NOR,Norway,TPRIBASI,Public and primary voluntary health insurance,2018,100,
NOR,Norway,TPRIBASI,Public and primary voluntary health insurance,2019,100,
NOR,Norway,TPRIBASI,Public and primary voluntary health insurance,2020,100,
NOR,Norway,TPRIBASI,Public and primary voluntary health insurance,2021,100,
NOR,Norway,TPRIBASI,Public and primary voluntary health insurance,2022,100,
NOR,Norway,TPRIBASI,Public and primary voluntary health insurance,2023,100,
NOR,Norway,TPRIBASI,Public and primary voluntary health insurance,2024,100,
NOR,Norway,TPRIBASI,Public and primary voluntary health insurance,2025,100,
NZL,New Zealand,TPRIBASI,Public and primary voluntary health insurance,2010,100,
NZL,New Zealand,TPRIBASI,Public and primary voluntary health insurance,2011,100,
NZL,New Zealand,TPRIBASI,Public and primary voluntary health insurance,2012,100,
NZL,New Zealand,TPRIBASI,Public and primary voluntary health insurance,2013,100,
NZL,New Zealand,TPRIBASI,Public and primary voluntary health insurance,2014,100,
NZL,New Zealand,TPRIBASI,Public and primary voluntary health insurance,2015,100,
NZL,New Zealand,TPRIBASI,Public and primary voluntary health insurance,2016,100,
NZL,New Zealand,TPRIBASI,Public and primary voluntary health insurance,2017,100,
NZL,New Zealand,TPRIBASI,Public and primary voluntary health insurance,2018,100,
NZL,New Zealand,TPRIBASI,Public and primary voluntary health insurance,2019,100,
NZL,New Zealand,TPRIBASI,Public and primary voluntary health insurance,2020,100,
NZL,New Zealand,TPRIBASI,Public and primary voluntary health insurance,2021,100,
NZL,New Zealand,TPRIBASI,Public and primary voluntary health insurance,2022,100,
NZL,New Zealand,TPRIBASI,Public and primary voluntary health insurance,2023,100,
NZL,New Zealand,TPRIBASI,Public and primary voluntary health insurance,2024,100,
NZL,New Zealand,TPRIBASI,Public and primary voluntary health insurance,2025,100,
CZE,Czechia,TPRIBASI,Public and primary voluntary health insurance,2010,100,E
CZE,Czechia,TPRIBASI,Public and primary voluntary health insurance,2011,100,E
CZE,Czechia,TPRIBASI,Public and primary voluntary health insurance,2012,100,E
CZE,Czechia,TPRIBASI,Public and primary voluntary health insurance,2013,100,E
CZE,Czechia,TPRIBASI,Public and primary voluntary health insurance,2014,100,E
CZE,Czechia,TPRIBASI,Public and primary voluntary health insurance,2015,100,E
CZE,Czechia,TPRIBASI,Public and primary voluntary health insurance,2016,100,E
CZE,Czechia,TPRIBASI,Public and primary voluntary health insurance,2017,100,E
CZE,Czechia,TPRIBASI,Public and primary voluntary health insurance,2018,100,E
CZE,Czechia,TPRIBASI,Public and primary voluntary health insurance,2019,100,E
CZE,Czechia,TPRIBASI,Public and primary voluntary health insurance,2020,100,E
CZE,Czechia,TPRIBASI,Public and primary voluntary health insurance,2021,100,E
CZE,Czechia,TPRIBASI,Public and primary voluntary health insurance,2022,100,E
CZE,Czechia,TPRIBASI,Public and primary voluntary health insurance,2023,100,E
CZE,Czechia,TPRIBASI,Public and primary voluntary health insurance,2024,100,E
CZE,Czechia,TPRIBASI,Public and primary voluntary health insurance,2025,100,E
ISL,Iceland,TPRIBASI,Public and primary voluntary health insurance,2021,100,B
LVA,Latvia,COVGCMED,Government/compulsory health insurance,2017,100,E
LVA,Latvia,TPRIBASI,Public and primary voluntary health insurance,2017,100,E
LVA,Latvia,TPRIBASI,Public and primary voluntary health insurance,2018,100,E
LVA,Latvia,COVGCMED,Government/compulsory health insurance,2018,100,E
LVA,Latvia,COVGCMED,Government/compulsory health insurance,2019,100,E
LVA,Latvia,TPRIBASI,Public and primary voluntary health insurance,2019,100,E
LVA,Latvia,TPRIBASI,Public and primary voluntary health insurance,2020,100,E
LVA,Latvia,COVGCMED,Government/compulsory health insurance,2020,100,E
LVA,Latvia,COVGCMED,Government/compulsory health insurance,2021,100,E
LVA,Latvia,TPRIBASI,Public and primary voluntary health insurance,2021,100,E
LVA,Latvia,TPRIBASI,Public and primary voluntary health insurance,2022,100,E
LVA,Latvia,COVGCMED,Government/compulsory health insurance,2022,100,E
LVA,Latvia,COVGCMED,Government/compulsory health insurance,2023,100,E
LVA,Latvia,TPRIBASI,Public and primary voluntary health insurance,2023,100,E
LVA,Latvia,TPRIBASI,Public and primary voluntary health insurance,2024,100,E
LVA,Latvia,COVGCMED,Government/compulsory health insurance,2024,100,E
LVA,Latvia,COVGCMED,Government/compulsory health insurance,2025,100,E
LVA,Latvia,TPRIBASI,Public and primary voluntary health insurance,2025,100,E
ESP,Spain,TPRIBASI,Public and primary voluntary health insurance,2018,100,B
ESP,Spain,COVGCMED,Government/compulsory health insurance,2018,100,B
AUS,Australia,COVGCMED,Government/compulsory health insurance,2010,100,E
AUS,Australia,TPRIBASI,Public and primary voluntary health insurance,2010,100,E
AUS,Australia,TPRIBASI,Public and primary voluntary health insurance,2011,100,E
AUS,Australia,COVGCMED,Government/compulsory health insurance,2011,100,E
AUS,Australia,COVGCMED,Government/compulsory health insurance,2012,100,E
AUS,Australia,TPRIBASI,Public and primary voluntary health insurance,2012,100,E
AUS,Australia,TPRIBASI,Public and primary voluntary health insurance,2013,100,E
AUS,Australia,COVGCMED,Government/compulsory health insurance,2013,100,E
AUS,Australia,COVGCMED,Government/compulsory health insurance,2014,100,E
AUS,Australia,TPRIBASI,Public and primary voluntary health insurance,2014,100,E
AUS,Australia,TPRIBASI,Public and primary voluntary health insurance,2015,100,E
AUS,Australia,COVGCMED,Government/compulsory health insurance,2015,100,E
AUS,Australia,COVGCMED,Government/compulsory health insurance,2016,100,E
AUS,Australia,TPRIBASI,Public and primary voluntary health insurance,2016,100,E
AUS,Australia,TPRIBASI,Public and primary voluntary health insurance,2017,100,E
AUS,Australia,COVGCMED,Government/compulsory health insurance,2017,100,E
AUS,Australia,COVGCMED,Government/compulsory health insurance,2018,100,E
AUS,Australia,TPRIBASI,Public and primary voluntary health insurance,2018,100,E
AUS,Australia,TPRIBASI,Public and primary voluntary health insurance,2019,100,E
AUS,Australia,COVGCMED,Government/compulsory health insurance,2019,100,E
AUS,Australia,COVGCMED,Government/compulsory health insurance,2020,100,E
AUS,Australia,TPRIBASI,Public and primary voluntary health insurance,2020,100,E
AUS,Australia,TPRIBASI,Public and primary voluntary health insurance,2021,100,E
AUS,Australia,COVGCMED,Government/compulsory health insurance,2021,100,E
AUS,Australia,COVGCMED,Government/compulsory health insurance,2022,100,E
AUS,Australia,TPRIBASI,Public and primary voluntary health insurance,2022,100,E
AUS,Australia,TPRIBASI,Public and primary voluntary health insurance,2023,100,E
AUS,Australia,COVGCMED,Government/compulsory health insurance,2023,100,E
AUS,Australia,COVGCMED,Government/compulsory health insurance,2024,100,E
AUS,Australia,TPRIBASI,Public and primary voluntary health insurance,2024,100,E
AUS,Australia,TPRIBASI,Public and primary voluntary health insurance,2025,100,E
AUS,Australia,COVGCMED,Government/compulsory health insurance,2025,100,E
CZE,Czechia,PHINSUPI,Supplementary voluntary health insurance,2010,0,E
CZE,Czechia,PHINPMPI,Primary voluntary health insurance,2010,0,E
CZE,Czechia,PHINTPHI,Total voluntary health insurance,2010,0,E
CZE,Czechia,PHINTPHI,Total voluntary health insurance,2011,0,E
CZE,Czechia,PHINPMPI,Primary voluntary health insurance,2011,0,E
CZE,Czechia,PHINSUPI,Supplementary voluntary health insurance,2011,0,E
CZE,Czechia,PHINSUPI,Supplementary voluntary health insurance,2012,0,E
CZE,Czechia,PHINPMPI,Primary voluntary health insurance,2012,0,E
CZE,Czechia,PHINTPHI,Total voluntary health insurance,2012,0,E
CZE,Czechia,PHINTPHI,Total voluntary health insurance,2013,0,E
CZE,Czechia,PHINPMPI,Primary voluntary health insurance,2013,0,E
CZE,Czechia,PHINSUPI,Supplementary voluntary health insurance,2013,0,E
CZE,Czechia,PHINSUPI,Supplementary voluntary health insurance,2014,0,E
CZE,Czechia,PHINTPHI,Total voluntary health insurance,2015,0,E
CZE,Czechia,PHINPMPI,Primary voluntary health insurance,2015,0,E
CZE,Czechia,PHINSUPI,Supplementary voluntary health insurance,2015,0,E
CZE,Czechia,PHINSUPI,Supplementary voluntary health insurance,2016,0,E
CZE,Czechia,PHINPMPI,Primary voluntary health insurance,2016,0,E
CZE,Czechia,PHINTPHI,Total voluntary health insurance,2016,0,E
CZE,Czechia,PHINTPHI,Total voluntary health insurance,2017,0,E
CZE,Czechia,PHINPMPI,Primary voluntary health insurance,2017,0,E
CZE,Czechia,PHINSUPI,Supplementary voluntary health insurance,2017,0,E
CZE,Czechia,PHINSUPI,Supplementary voluntary health insurance,2018,0,E
CZE,Czechia,PHINPMPI,Primary voluntary health insurance,2018,0,E
CZE,Czechia,PHINTPHI,Total voluntary health insurance,2018,0,E
CZE,Czechia,PHINTPHI,Total voluntary health insurance,2019,0,E
CZE,Czechia,PHINPMPI,Primary voluntary health insurance,2019,0,E
CZE,Czechia,PHINSUPI,Supplementary voluntary health insurance,2019,0,E
CZE,Czechia,PHINSUPI,Supplementary voluntary health insurance,2020,0,E
CZE,Czechia,PHINPMPI,Primary voluntary health insurance,2020,0,E
CZE,Czechia,PHINTPHI,Total voluntary health insurance,2020,0,E
CZE,Czechia,PHINTPHI,Total voluntary health insurance,2021,0,E
CZE,Czechia,PHINPMPI,Primary voluntary health insurance,2021,0,E
CZE,Czechia,PHINSUPI,Supplementary voluntary health insurance,2021,0,E
CZE,Czechia,PHINSUPI,Supplementary voluntary health insurance,2022,0,E
CZE,Czechia,PHINPMPI,Primary voluntary health insurance,2022,0,E
CZE,Czechia,PHINTPHI,Total voluntary health insurance,2022,0,E
CZE,Czechia,PHINTPHI,Total voluntary health insurance,2023,0,E
CZE,Czechia,PHINPMPI,Primary voluntary health insurance,2023,0,E
CZE,Czechia,PHINSUPI,Supplementary voluntary health insurance,2023,0,E
CZE,Czechia,PHINSUPI,Supplementary voluntary health insurance,2024,0,E
CZE,Czechia,PHINPMPI,Primary voluntary health insurance,2024,0,E
CZE,Czechia,PHINTPHI,Total voluntary health insurance,2024,0,E
CZE,Czechia,PHINTPHI,Total voluntary health insurance,2025,0,E
CZE,Czechia,PHINPMPI,Primary voluntary health insurance,2025,0,E
CZE,Czechia,PHINSUPI,Supplementary voluntary health insurance,2025,0,E
SVN,Slovenia,PHINCMPI,Complementary voluntary health insurance,2024,0,B
AUT,Austria,PHINDUPI,Duplicate voluntary health insurance,2010,0,
AUT,Austria,PHINDUPI,Duplicate voluntary health insurance,2011,0,
AUT,Austria,PHINDUPI,Duplicate voluntary health insurance,2012,0,
AUT,Austria,PHINDUPI,Duplicate voluntary health insurance,2013,0,
AUT,Austria,PHINDUPI,Duplicate voluntary health insurance,2014,0,
AUT,Austria,PHINDUPI,Duplicate voluntary health insurance,2015,0,
AUT,Austria,PHINDUPI,Duplicate voluntary health insurance,2016,0,
AUT,Austria,PHINDUPI,Duplicate voluntary health insurance,2017,0,
AUT,Austria,PHINDUPI,Duplicate voluntary health insurance,2018,0,
AUT,Austria,PHINDUPI,Duplicate voluntary health insurance,2019,0,
AUT,Austria,PHINDUPI,Duplicate voluntary health insurance,2020,0,
AUT,Austria,PHINDUPI,Duplicate voluntary health insurance,2021,0,
AUT,Austria,PHINDUPI,Duplicate voluntary health insurance,2022,0,
AUT,Austria,PHINDUPI,Duplicate voluntary health insurance,2023,0,
AUT,Austria,PHINDUPI,Duplicate voluntary health insurance,2024,0,
FIN,Finland,PHINPMPI,Primary voluntary health insurance,2010,0,
FIN,Finland,PHINPMPI,Primary voluntary health insurance,2011,0,
FIN,Finland,PHINPMPI,Primary voluntary health insurance,2012,0,
FIN,Finland,PHINPMPI,Primary voluntary health insurance,2013,0,
FIN,Finland,PHINPMPI,Primary voluntary health insurance,2014,0,
FIN,Finland,PHINPMPI,Primary voluntary health insurance,2015,0,
FIN,Finland,PHINPMPI,Primary voluntary health insurance,2016,0,
FIN,Finland,PHINPMPI,Primary voluntary health insurance,2017,0,
FIN,Finland,PHINPMPI,Primary voluntary health insurance,2018,0,
FIN,Finland,PHINPMPI,Primary voluntary health insurance,2019,0,
FIN,Finland,PHINPMPI,Primary voluntary health insurance,2020,0,
FIN,Finland,PHINPMPI,Primary voluntary health insurance,2021,0,
FIN,Finland,PHINPMPI,Primary voluntary health insurance,2022,0,
FIN,Finland,PHINPMPI,Primary voluntary health insurance,2023,0,
FIN,Finland,PHINPMPI,Primary voluntary health insurance,2024,0,
FIN,Finland,PHINPMPI,Primary voluntary health insurance,2025,0,
NZL,New Zealand,PHINCMPI,Complementary voluntary health insurance,2010,0,
NZL,New Zealand,PHINCMPI,Complementary voluntary health insurance,2011,0,
NZL,New Zealand,PHINCMPI,Complementary voluntary health insurance,2012,0,
NZL,New Zealand,PHINCMPI,Complementary voluntary health insurance,2013,0,
NZL,New Zealand,PHINCMPI,Complementary voluntary health insurance,2014,0,
NZL,New Zealand,PHINCMPI,Complementary voluntary health insurance,2015,0,
SVN,Slovenia,PHINPMPI,Primary voluntary health insurance,2010,0,
SVN,Slovenia,PHINPMPI,Primary voluntary health insurance,2011,0,
SVN,Slovenia,PHINPMPI,Primary voluntary health insurance,2012,0,
SVN,Slovenia,PHINPMPI,Primary voluntary health insurance,2013,0,
SVN,Slovenia,PHINPMPI,Primary voluntary health insurance,2014,0,
SVN,Slovenia,PHINPMPI,Primary voluntary health insurance,2015,0,
SVN,Slovenia,PHINPMPI,Primary voluntary health insurance,2016,0,
SVN,Slovenia,PHINPMPI,Primary voluntary health insurance,2017,0,
SVN,Slovenia,PHINPMPI,Primary voluntary health insurance,2018,0,
SVN,Slovenia,PHINPMPI,Primary voluntary health insurance,2019,0,
SVN,Slovenia,PHINPMPI,Primary voluntary health insurance,2020,0,
SVN,Slovenia,PHINPMPI,Primary voluntary health insurance,2021,0,
SVN,Slovenia,PHINPMPI,Primary voluntary health insurance,2022,0,
SVN,Slovenia,PHINPMPI,Primary voluntary health insurance,2023,0,
SVN,Slovenia,PHINPMPI,Primary voluntary health insurance,2024,0,
SVN,Slovenia,PHINPMPI,Primary voluntary health insurance,2025,0,
SVN,Slovenia,PHINCMPI,Complementary voluntary health insurance,2025,0,
CHE,Switzerland,PHINCMPI,Complementary voluntary health insurance,2012,0,
CHE,Switzerland,PHINPMPI,Primary voluntary health insurance,2012,0,
CHE,Switzerland,PHINDUPI,Duplicate voluntary health insurance,2012,0,
CHE,Switzerland,PHINDUPI,Duplicate voluntary health insurance,2017,0,
CHE,Switzerland,PHINCMPI,Complementary voluntary health insurance,2017,0,
CHE,Switzerland,PHINPMPI,Primary voluntary health insurance,2017,0,
CHE,Switzerland,PHINCMPI,Complementary voluntary health insurance,2022,0,
CHE,Switzerland,PHINPMPI,Primary voluntary health insurance,2022,0,
CHE,Switzerland,PHINDUPI,Duplicate voluntary health insurance,2022,0,
NLD,Netherlands,PHINDUPI,Duplicate voluntary health insurance,2010,0,
NLD,Netherlands,PHINCMPI,Complementary voluntary health insurance,2010,0,
NLD,Netherlands,PHINPMPI,Primary voluntary health insurance,2010,0,
NLD,Netherlands,PHINPMPI,Primary voluntary health insurance,2011,0,
NLD,Netherlands,PHINCMPI,Complementary voluntary health insurance,2011,0,
NLD,Netherlands,PHINDUPI,Duplicate voluntary health insurance,2011,0,
NLD,Netherlands,PHINDUPI,Duplicate voluntary health insurance,2012,0,
NLD,Netherlands,PHINCMPI,Complementary voluntary health insurance,2012,0,
NLD,Netherlands,PHINPMPI,Primary voluntary health insurance,2012,0,
NLD,Netherlands,PHINPMPI,Primary voluntary health insurance,2013,0,
NLD,Netherlands,PHINCMPI,Complementary voluntary health insurance,2013,0,
NLD,Netherlands,PHINDUPI,Duplicate voluntary health insurance,2013,0,
NLD,Netherlands,PHINDUPI,Duplicate voluntary health insurance,2014,0,
NLD,Netherlands,PHINCMPI,Complementary voluntary health insurance,2014,0,
NLD,Netherlands,PHINPMPI,Primary voluntary health insurance,2014,0,
NLD,Netherlands,PHINPMPI,Primary voluntary health insurance,2015,0,
NLD,Netherlands,PHINCMPI,Complementary voluntary health insurance,2015,0,
NLD,Netherlands,PHINDUPI,Duplicate voluntary health insurance,2015,0,
NLD,Netherlands,PHINDUPI,Duplicate voluntary health insurance,2016,0,
NLD,Netherlands,PHINCMPI,Complementary voluntary health insurance,2016,0,
NLD,Netherlands,PHINPMPI,Primary voluntary health insurance,2016,0,
NLD,Netherlands,PHINPMPI,Primary voluntary health insurance,2017,0,
NLD,Netherlands,PHINCMPI,Complementary voluntary health insurance,2017,0,
NLD,Netherlands,PHINDUPI,Duplicate voluntary health insurance,2017,0,
NLD,Netherlands,PHINDUPI,Duplicate voluntary health insurance,2018,0,
NLD,Netherlands,PHINCMPI,Complementary voluntary health insurance,2018,0,
NLD,Netherlands,PHINPMPI,Primary voluntary health insurance,2018,0,
NLD,Netherlands,PHINPMPI,Primary voluntary health insurance,2019,0,
NLD,Netherlands,PHINCMPI,Complementary voluntary health insurance,2019,0,
NLD,Netherlands,PHINDUPI,Duplicate voluntary health insurance,2019,0,
NLD,Netherlands,PHINDUPI,Duplicate voluntary health insurance,2020,0,
NLD,Netherlands,PHINCMPI,Complementary voluntary health insurance,2020,0,
NLD,Netherlands,PHINPMPI,Primary voluntary health insurance,2020,0,
NLD,Netherlands,PHINPMPI,Primary voluntary health insurance,2021,0,
NLD,Netherlands,PHINCMPI,Complementary voluntary health insurance,2021,0,
NLD,Netherlands,PHINDUPI,Duplicate voluntary health insurance,2021,0,
NLD,Netherlands,PHINDUPI,Duplicate voluntary health insurance,2022,0,
NLD,Netherlands,PHINCMPI,Complementary voluntary health insurance,2022,0,
NLD,Netherlands,PHINPMPI,Primary voluntary health insurance,2022,0,
NLD,Netherlands,PHINPMPI,Primary voluntary health insurance,2023,0,
NLD,Netherlands,PHINCMPI,Complementary voluntary health insurance,2023,0,
NLD,Netherlands,PHINDUPI,Duplicate voluntary health insurance,2023,0,
NLD,Netherlands,PHINDUPI,Duplicate voluntary health insurance,2024,0,
NLD,Netherlands,PHINCMPI,Complementary voluntary health insurance,2024,0,
NLD,Netherlands,PHINPMPI,Primary voluntary health insurance,2024,0,
IRL,Ireland,PHINSUPI,Supplementary voluntary health insurance,2010,0,
IRL,Ireland,PHINCMPI,Complementary voluntary health insurance,2010,0,
IRL,Ireland,PHINPMPI,Primary voluntary health insurance,2010,0,
IRL,Ireland,PHINPMPI,Primary voluntary health insurance,2011,0,
IRL,Ireland,PHINCMPI,Complementary voluntary health insurance,2011,0,
IRL,Ireland,PHINSUPI,Supplementary voluntary health insurance,2011,0,
IRL,Ireland,PHINSUPI,Supplementary voluntary health insurance,2012,0,
IRL,Ireland,PHINCMPI,Complementary voluntary health insurance,2012,0,
IRL,Ireland,PHINPMPI,Primary voluntary health insurance,2012,0,
IRL,Ireland,PHINPMPI,Primary voluntary health insurance,2013,0,
IRL,Ireland,PHINCMPI,Complementary voluntary health insurance,2013,0,
IRL,Ireland,PHINSUPI,Supplementary voluntary health insurance,2013,0,
IRL,Ireland,PHINSUPI,Supplementary voluntary health insurance,2014,0,
IRL,Ireland,PHINCMPI,Complementary voluntary health insurance,2014,0,
IRL,Ireland,PHINPMPI,Primary voluntary health insurance,2014,0,
IRL,Ireland,PHINPMPI,Primary voluntary health insurance,2015,0,
IRL,Ireland,PHINCMPI,Complementary voluntary health insurance,2015,0,
IRL,Ireland,PHINSUPI,Supplementary voluntary health insurance,2015,0,
IRL,Ireland,PHINSUPI,Supplementary voluntary health insurance,2016,0,
IRL,Ireland,PHINCMPI,Complementary voluntary health insurance,2016,0,
IRL,Ireland,PHINPMPI,Primary voluntary health insurance,2016,0,
IRL,Ireland,PHINPMPI,Primary voluntary health insurance,2017,0,
IRL,Ireland,PHINCMPI,Complementary voluntary health insurance,2017,0,
IRL,Ireland,PHINSUPI,Supplementary voluntary health insurance,2017,0,
IRL,Ireland,PHINSUPI,Supplementary voluntary health insurance,2018,0,
IRL,Ireland,PHINCMPI,Complementary voluntary health insurance,2018,0,
IRL,Ireland,PHINPMPI,Primary voluntary health insurance,2018,0,
IRL,Ireland,PHINPMPI,Primary voluntary health insurance,2019,0,
IRL,Ireland,PHINCMPI,Complementary voluntary health insurance,2019,0,
IRL,Ireland,PHINSUPI,Supplementary voluntary health insurance,2019,0,
IRL,Ireland,PHINSUPI,Supplementary voluntary health insurance,2020,0,
IRL,Ireland,PHINCMPI,Complementary voluntary health insurance,2020,0,
IRL,Ireland,PHINPMPI,Primary voluntary health insurance,2020,0,
IRL,Ireland,PHINPMPI,Primary voluntary health insurance,2021,0,
IRL,Ireland,PHINCMPI,Complementary voluntary health insurance,2021,0,
IRL,Ireland,PHINSUPI,Supplementary voluntary health insurance,2021,0,
IRL,Ireland,PHINSUPI,Supplementary voluntary health insurance,2022,0,
IRL,Ireland,PHINCMPI,Complementary voluntary health insurance,2022,0,
IRL,Ireland,PHINPMPI,Primary voluntary health insurance,2022,0,
IRL,Ireland,PHINPMPI,Primary voluntary health insurance,2023,0,
IRL,Ireland,PHINCMPI,Complementary voluntary health insurance,2023,0,
IRL,Ireland,PHINSUPI,Supplementary voluntary health insurance,2023,0,
IRL,Ireland,PHINSUPI,Supplementary voluntary health insurance,2024,0,
IRL,Ireland,PHINCMPI,Complementary voluntary health insurance,2024,0,
IRL,Ireland,PHINPMPI,Primary voluntary health insurance,2024,0,
IRL,Ireland,PHINPMPI,Primary voluntary health insurance,2025,0,
IRL,Ireland,PHINCMPI,Complementary voluntary health insurance,2025,0,
IRL,Ireland,PHINSUPI,Supplementary voluntary health insurance,2025,0,
SVK,Slovak Republic,PHINSUPI,Supplementary voluntary health insurance,2010,0,
SVK,Slovak Republic,PHINTPHI,Total voluntary health insurance,2010,0,
SVK,Slovak Republic,PHINPMPI,Primary voluntary health insurance,2010,0,
SVK,Slovak Republic,PHINCMPI,Complementary voluntary health insurance,2010,0,
SVK,Slovak Republic,PHINDUPI,Duplicate voluntary health insurance,2010,0,
SVK,Slovak Republic,PHINDUPI,Duplicate voluntary health insurance,2011,0,
SVK,Slovak Republic,PHINCMPI,Complementary voluntary health insurance,2011,0,
SVK,Slovak Republic,PHINPMPI,Primary voluntary health insurance,2011,0,
SVK,Slovak Republic,PHINTPHI,Total voluntary health insurance,2011,0,
SVK,Slovak Republic,PHINSUPI,Supplementary voluntary health insurance,2011,0,
SVK,Slovak Republic,PHINSUPI,Supplementary voluntary health insurance,2012,0,
SVK,Slovak Republic,PHINTPHI,Total voluntary health insurance,2012,0,
SVK,Slovak Republic,PHINPMPI,Primary voluntary health insurance,2012,0,
SVK,Slovak Republic,PHINCMPI,Complementary voluntary health insurance,2012,0,
SVK,Slovak Republic,PHINDUPI,Duplicate voluntary health insurance,2012,0,
SVK,Slovak Republic,PHINDUPI,Duplicate voluntary health insurance,2013,0,
SVK,Slovak Republic,PHINCMPI,Complementary voluntary health insurance,2013,0,
SVK,Slovak Republic,PHINPMPI,Primary voluntary health insurance,2013,0,
SVK,Slovak Republic,PHINTPHI,Total voluntary health insurance,2013,0,
SVK,Slovak Republic,PHINSUPI,Supplementary voluntary health insurance,2013,0,
SVK,Slovak Republic,PHINSUPI,Supplementary voluntary health insurance,2014,0,
SVK,Slovak Republic,PHINTPHI,Total voluntary health insurance,2014,0,
SVK,Slovak Republic,PHINPMPI,Primary voluntary health insurance,2014,0,
SVK,Slovak Republic,PHINCMPI,Complementary voluntary health insurance,2014,0,
SVK,Slovak Republic,PHINDUPI,Duplicate voluntary health insurance,2014,0,
SVK,Slovak Republic,PHINDUPI,Duplicate voluntary health insurance,2015,0,
SVK,Slovak Republic,PHINCMPI,Complementary voluntary health insurance,2015,0,
SVK,Slovak Republic,PHINPMPI,Primary voluntary health insurance,2015,0,
SVK,Slovak Republic,PHINTPHI,Total voluntary health insurance,2015,0,
SVK,Slovak Republic,PHINSUPI,Supplementary voluntary health insurance,2015,0,
SVK,Slovak Republic,PHINSUPI,Supplementary voluntary health insurance,2016,0,
SVK,Slovak Republic,PHINTPHI,Total voluntary health insurance,2016,0,
SVK,Slovak Republic,PHINPMPI,Primary voluntary health insurance,2016,0,
SVK,Slovak Republic,PHINCMPI,Complementary voluntary health insurance,2016,0,
SVK,Slovak Republic,PHINDUPI,Duplicate voluntary health insurance,2016,0,
SVK,Slovak Republic,PHINDUPI,Duplicate voluntary health insurance,2017,0,
SVK,Slovak Republic,PHINCMPI,Complementary voluntary health insurance,2017,0,
SVK,Slovak Republic,PHINPMPI,Primary voluntary health insurance,2017,0,
SVK,Slovak Republic,PHINTPHI,Total voluntary health insurance,2017,0,
SVK,Slovak Republic,PHINSUPI,Supplementary voluntary health insurance,2017,0,
SVK,Slovak Republic,PHINSUPI,Supplementary voluntary health insurance,2018,0,
SVK,Slovak Republic,PHINTPHI,Total voluntary health insurance,2018,0,
SVK,Slovak Republic,PHINPMPI,Primary voluntary health insurance,2018,0,
SVK,Slovak Republic,PHINCMPI,Complementary voluntary health insurance,2018,0,
SVK,Slovak Republic,PHINDUPI,Duplicate voluntary health insurance,2018,0,
SVK,Slovak Republic,PHINDUPI,Duplicate voluntary health insurance,2019,0,
SVK,Slovak Republic,PHINCMPI,Complementary voluntary health insurance,2019,0,
SVK,Slovak Republic,PHINPMPI,Primary voluntary health insurance,2019,0,
SVK,Slovak Republic,PHINTPHI,Total voluntary health insurance,2019,0,
SVK,Slovak Republic,PHINSUPI,Supplementary voluntary health insurance,2019,0,
SVK,Slovak Republic,PHINSUPI,Supplementary voluntary health insurance,2020,0,
SVK,Slovak Republic,PHINTPHI,Total voluntary health insurance,2020,0,
SVK,Slovak Republic,PHINPMPI,Primary voluntary health insurance,2020,0,
SVK,Slovak Republic,PHINCMPI,Complementary voluntary health insurance,2020,0,
SVK,Slovak Republic,PHINDUPI,Duplicate voluntary health insurance,2020,0,
SVK,Slovak Republic,PHINDUPI,Duplicate voluntary health insurance,2021,0,
SVK,Slovak Republic,PHINCMPI,Complementary voluntary health insurance,2021,0,
SVK,Slovak Republic,PHINPMPI,Primary voluntary health insurance,2021,0,
SVK,Slovak Republic,PHINTPHI,Total voluntary health insurance,2021,0,
SVK,Slovak Republic,PHINSUPI,Supplementary voluntary health insurance,2021,0,
SVK,Slovak Republic,PHINSUPI,Supplementary voluntary health insurance,2022,0,
SVK,Slovak Republic,PHINTPHI,Total voluntary health insurance,2022,0,
SVK,Slovak Republic,PHINPMPI,Primary voluntary health insurance,2022,0,
SVK,Slovak Republic,PHINCMPI,Complementary voluntary health insurance,2022,0,
SVK,Slovak Republic,PHINDUPI,Duplicate voluntary health insurance,2022,0,
SVK,Slovak Republic,PHINDUPI,Duplicate voluntary health insurance,2023,0,
SVK,Slovak Republic,PHINCMPI,Complementary voluntary health insurance,2023,0,
SVK,Slovak Republic,PHINPMPI,Primary voluntary health insurance,2023,0,
SVK,Slovak Republic,PHINTPHI,Total voluntary health insurance,2023,0,
SVK,Slovak Republic,PHINSUPI,Supplementary voluntary health insurance,2023,0,
SVK,Slovak Republic,PHINSUPI,Supplementary voluntary health insurance,2024,0,
SVK,Slovak Republic,PHINTPHI,Total voluntary health insurance,2024,0,
SVK,Slovak Republic,PHINPMPI,Primary voluntary health insurance,2024,0,
SVK,Slovak Republic,PHINCMPI,Complementary voluntary health insurance,2024,0,
SVK,Slovak Republic,PHINDUPI,Duplicate voluntary health insurance,2024,0,
BEL,Belgium,PHINTPHI,Total voluntary health insurance,2015,97.8,E
DNK,Denmark,PHINSUPI,Supplementary voluntary health insurance,2019,36.9,B
DNK,Denmark,PHINTPHI,Total voluntary health insurance,2019,36.9,B
DNK,Denmark,PHINCMPI,Complementary voluntary health insurance,2019,36.9,B
DNK,Denmark,PHINCMPI,Complementary voluntary health insurance,2024,46.8,B
DEU,Germany,PHINCMPI,Complementary voluntary health insurance,2012,21.8,E
DEU,Germany,PHINTPHI,Total voluntary health insurance,2012,21.8,E
MEX,Mexico,TPRIBASI,Public and primary voluntary health insurance,2019,80.6,E
MEX,Mexico,COVGCMED,Government/compulsory health insurance,2019,80.6,E
CAN,Canada,PHINSUPI,Supplementary voluntary health insurance,2025,67,P
CAN,Canada,PHINTPHI,Total voluntary health insurance,2025,67,P
LVA,Latvia,PHINTPHI,Total voluntary health insurance,2025,26.5,P
ROU,Romania,TPRIBASI,Public and primary voluntary health insurance,2024,88.8,P
ROU,Romania,COVGCMED,Government/compulsory health insurance,2024,88.8,P
ROU,Romania,COVGCMED,Government/compulsory health insurance,2025,84.6,P
ROU,Romania,TPRIBASI,Public and primary voluntary health insurance,2025,84.6,P
CHL,Chile,PHINCMPI,Complementary voluntary health insurance,2014,30.6,B
FRA,France,PHINCMPI,Complementary voluntary health insurance,2017,58.4,B
FRA,France,PHINTPHI,Total voluntary health insurance,2017,58.4,B
FRA,France,PHINCMPI,Complementary voluntary health insurance,2019,56.1,B
FRA,France,PHINTPHI,Total voluntary health insurance,2019,56.1,B
FRA,France,PHINCMPI,Complementary voluntary health insurance,2023,58.4,B
FRA,France,PHINTPHI,Total voluntary health insurance,2023,58.4,B
DEU,Germany,COVGCMED,Government/compulsory health insurance,2012,99.9,B
DEU,Germany,TPRIBASI,Public and primary voluntary health insurance,2012,99.9,B
ISL,Iceland,COVGCMED,Government/compulsory health insurance,2021,99.7,B
ISR,Israel,PHINDUPI,Duplicate voluntary health insurance,2019,83.9,B
ISR,Israel,PHINTPHI,Total voluntary health insurance,2019,83.9,B
ISR,Israel,PHINSUPI,Supplementary voluntary health insurance,2019,83.9,B
ISR,Israel,PHINCMPI,Complementary voluntary health insurance,2019,39.8,B
LTU,Lithuania,COVGCMED,Government/compulsory health insurance,2018,98.1,B
LTU,Lithuania,TPRIBASI,Public and primary voluntary health insurance,2018,98.1,B
LTU,Lithuania,COVGCMED,Government/compulsory health insurance,2024,99,B
LTU,Lithuania,TPRIBASI,Public and primary voluntary health insurance,2024,99,B
SVN,Slovenia,PHINDUPI,Duplicate voluntary health insurance,2013,0.5,B
SVN,Slovenia,PHINSUPI,Supplementary voluntary health insurance,2013,2.4,B
SVN,Slovenia,PHINSUPI,Supplementary voluntary health insurance,2014,6,B
SVN,Slovenia,PHINDUPI,Duplicate voluntary health insurance,2014,0.3,B
SVN,Slovenia,PHINDUPI,Duplicate voluntary health insurance,2015,0.4,B
SVN,Slovenia,PHINSUPI,Supplementary voluntary health insurance,2015,12.1,B
SVN,Slovenia,PHINSUPI,Supplementary voluntary health insurance,2016,8.5,B
SVN,Slovenia,PHINDUPI,Duplicate voluntary health insurance,2016,1.7,B
SVN,Slovenia,PHINTPHI,Total voluntary health insurance,2024,24.1,B
RUS,Russia,PHINTPHI,Total voluntary health insurance,2014,11.3,B
RUS,Russia,TPRIBASI,Public and primary voluntary health insurance,2014,99.9,B
RUS,Russia,COVGCMED,Government/compulsory health insurance,2014,99.9,B
RUS,Russia,PHINTPHI,Total voluntary health insurance,2016,7,B
GRC,Greece,PHINDUPI,Duplicate voluntary health insurance,2010,12.8,D
GRC,Greece,PHINTPHI,Total voluntary health insurance,2010,12.8,D
GRC,Greece,PHINTPHI,Total voluntary health insurance,2011,12.4,D
GRC,Greece,PHINDUPI,Duplicate voluntary health insurance,2011,12.4,D
GRC,Greece,PHINDUPI,Duplicate voluntary health insurance,2012,12.5,D
GRC,Greece,PHINTPHI,Total voluntary health insurance,2012,12.5,D
GRC,Greece,PHINTPHI,Total voluntary health insurance,2013,12.5,D
GRC,Greece,PHINDUPI,Duplicate voluntary health insurance,2013,12.5,D
GRC,Greece,PHINDUPI,Duplicate voluntary health insurance,2014,11.5,D
GRC,Greece,PHINTPHI,Total voluntary health insurance,2014,11.5,D
GRC,Greece,PHINTPHI,Total voluntary health insurance,2015,12,D
GRC,Greece,PHINDUPI,Duplicate voluntary health insurance,2015,12,D
GRC,Greece,PHINDUPI,Duplicate voluntary health insurance,2016,11.9,D
GRC,Greece,PHINTPHI,Total voluntary health insurance,2016,11.9,D
GRC,Greece,PHINTPHI,Total voluntary health insurance,2017,12.2,D
GRC,Greece,PHINDUPI,Duplicate voluntary health insurance,2017,12.2,D
GRC,Greece,PHINDUPI,Duplicate voluntary health insurance,2018,13.6,D
GRC,Greece,PHINTPHI,Total voluntary health insurance,2018,13.6,D
GRC,Greece,PHINTPHI,Total voluntary health insurance,2019,15.3,D
GRC,Greece,PHINDUPI,Duplicate voluntary health insurance,2019,15.3,D
GRC,Greece,PHINDUPI,Duplicate voluntary health insurance,2020,16,D
GRC,Greece,PHINTPHI,Total voluntary health insurance,2020,16,D
GRC,Greece,PHINTPHI,Total voluntary health insurance,2021,17.2,D
GRC,Greece,PHINDUPI,Duplicate voluntary health insurance,2021,17.2,D
GRC,Greece,PHINDUPI,Duplicate voluntary health insurance,2022,19,D
GRC,Greece,PHINTPHI,Total voluntary health insurance,2022,19,D
GRC,Greece,PHINTPHI,Total voluntary health insurance,2023,20.7,D
GRC,Greece,PHINDUPI,Duplicate voluntary health insurance,2023,20.7,D
GRC,Greece,PHINDUPI,Duplicate voluntary health insurance,2024,21.4,D
GRC,Greece,PHINTPHI,Total voluntary health insurance,2024,21.4,D
SWE,Sweden,PHINDUPI,Duplicate voluntary health insurance,2010,4.6,D
SWE,Sweden,PHINDUPI,Duplicate voluntary health insurance,2011,5.1,D
SWE,Sweden,PHINDUPI,Duplicate voluntary health insurance,2012,5.3,D
SWE,Sweden,PHINDUPI,Duplicate voluntary health insurance,2013,5.6,D
SWE,Sweden,PHINDUPI,Duplicate voluntary health insurance,2014,5.8,D
SWE,Sweden,PHINDUPI,Duplicate voluntary health insurance,2015,6,D
SWE,Sweden,PHINDUPI,Duplicate voluntary health insurance,2016,6.2,D
SWE,Sweden,PHINDUPI,Duplicate voluntary health insurance,2017,6.3,D
SWE,Sweden,PHINDUPI,Duplicate voluntary health insurance,2018,6.3,D
SWE,Sweden,PHINDUPI,Duplicate voluntary health insurance,2019,6.6,D
SWE,Sweden,PHINDUPI,Duplicate voluntary health insurance,2020,6.6,D
SWE,Sweden,PHINDUPI,Duplicate voluntary health insurance,2021,6.9,D
SWE,Sweden,PHINDUPI,Duplicate voluntary health insurance,2022,7.2,D
SWE,Sweden,PHINDUPI,Duplicate voluntary health insurance,2023,7.4,D
SWE,Sweden,PHINDUPI,Duplicate voluntary health insurance,2024,8.1,D
HRV,Croatia,PHINCMPI,Complementary voluntary health insurance,2010,62.1,D
HRV,Croatia,PHINCMPI,Complementary voluntary health insurance,2011,57.7,D
HRV,Croatia,PHINCMPI,Complementary voluntary health insurance,2012,58.2,D
HRV,Croatia,PHINCMPI,Complementary voluntary health insurance,2013,59.9,D
HRV,Croatia,PHINCMPI,Complementary voluntary health insurance,2014,59.9,D
HRV,Croatia,PHINCMPI,Complementary voluntary health insurance,2015,60.9,D
HRV,Croatia,PHINCMPI,Complementary voluntary health insurance,2016,61.1,D
HRV,Croatia,PHINCMPI,Complementary voluntary health insurance,2017,61.1,D
HRV,Croatia,PHINCMPI,Complementary voluntary health insurance,2018,60.4,D
HRV,Croatia,PHINCMPI,Complementary voluntary health insurance,2019,59.2,D
HRV,Croatia,PHINCMPI,Complementary voluntary health insurance,2020,57.9,D
HRV,Croatia,PHINCMPI,Complementary voluntary health insurance,2021,57.8,D
HRV,Croatia,PHINCMPI,Complementary voluntary health insurance,2022,56.7,D
HRV,Croatia,PHINCMPI,Complementary voluntary health insurance,2023,57.3,D
HRV,Croatia,PHINCMPI,Complementary voluntary health insurance,2024,56.6,D
DNK,Denmark,PHINCMPI,Complementary voluntary health insurance,2010,21.6,D
DNK,Denmark,PHINTPHI,Total voluntary health insurance,2010,21.6,D
DNK,Denmark,PHINSUPI,Supplementary voluntary health insurance,2010,21.6,D
DNK,Denmark,PHINSUPI,Supplementary voluntary health insurance,2011,24.1,D
DNK,Denmark,PHINTPHI,Total voluntary health insurance,2011,24.1,D
DNK,Denmark,PHINCMPI,Complementary voluntary health insurance,2011,24.1,D
DNK,Denmark,PHINCMPI,Complementary voluntary health insurance,2012,27.1,D
DNK,Denmark,PHINTPHI,Total voluntary health insurance,2012,27.1,D
DNK,Denmark,PHINSUPI,Supplementary voluntary health insurance,2012,27.1,D
DNK,Denmark,PHINSUPI,Supplementary voluntary health insurance,2013,28.8,D
DNK,Denmark,PHINTPHI,Total voluntary health insurance,2013,28.8,D
DNK,Denmark,PHINCMPI,Complementary voluntary health insurance,2013,28.8,D
DNK,Denmark,PHINCMPI,Complementary voluntary health insurance,2014,31.7,D
DNK,Denmark,PHINTPHI,Total voluntary health insurance,2014,31.7,D
DNK,Denmark,PHINSUPI,Supplementary voluntary health insurance,2014,31.7,D
DNK,Denmark,PHINSUPI,Supplementary voluntary health insurance,2015,32,D
DNK,Denmark,PHINTPHI,Total voluntary health insurance,2015,32,D
DNK,Denmark,PHINCMPI,Complementary voluntary health insurance,2015,32,D
DNK,Denmark,PHINCMPI,Complementary voluntary health insurance,2016,32.6,D
DNK,Denmark,PHINTPHI,Total voluntary health insurance,2016,32.6,D
DNK,Denmark,PHINSUPI,Supplementary voluntary health insurance,2016,32.6,D
DNK,Denmark,PHINSUPI,Supplementary voluntary health insurance,2017,33.6,D
DNK,Denmark,PHINTPHI,Total voluntary health insurance,2017,33.6,D
DNK,Denmark,PHINCMPI,Complementary voluntary health insurance,2017,33.6,D
DNK,Denmark,PHINCMPI,Complementary voluntary health insurance,2018,34.9,D
DNK,Denmark,PHINTPHI,Total voluntary health insurance,2018,34.9,D
DNK,Denmark,PHINSUPI,Supplementary voluntary health insurance,2018,34.9,D
DNK,Denmark,PHINCMPI,Complementary voluntary health insurance,2020,39.3,D
DNK,Denmark,PHINTPHI,Total voluntary health insurance,2020,39.3,D
DNK,Denmark,PHINSUPI,Supplementary voluntary health insurance,2020,39.3,D
DNK,Denmark,PHINSUPI,Supplementary voluntary health insurance,2021,39.3,D
DNK,Denmark,PHINTPHI,Total voluntary health insurance,2021,39.3,D
DNK,Denmark,PHINCMPI,Complementary voluntary health insurance,2021,39.3,D
DNK,Denmark,PHINCMPI,Complementary voluntary health insurance,2022,45.3,D
DNK,Denmark,PHINTPHI,Total voluntary health insurance,2022,45.3,D
DNK,Denmark,PHINSUPI,Supplementary voluntary health insurance,2022,45.3,D
DNK,Denmark,PHINSUPI,Supplementary voluntary health insurance,2023,48.2,D
DNK,Denmark,PHINTPHI,Total voluntary health insurance,2023,48.2,D
DNK,Denmark,PHINCMPI,Complementary voluntary health insurance,2023,48.2,D
DNK,Denmark,PHINTPHI,Total voluntary health insurance,2024,50.7,D
DNK,Denmark,PHINSUPI,Supplementary voluntary health insurance,2024,50.7,D
DNK,Denmark,PHINCMPI,Complementary voluntary health insurance,2025,47,D
CHL,Chile,PHINCMPI,Complementary voluntary health insurance,2025,33.3,E
CZE,Czechia,PHINPMPI,Primary voluntary health insurance,2014,0.2,E
CZE,Czechia,PHINTPHI,Total voluntary health insurance,2014,0.2,E
FIN,Finland,PHINTPHI,Total voluntary health insurance,2025,23.3,E
FIN,Finland,PHINSUPI,Supplementary voluntary health insurance,2025,23.3,E
DEU,Germany,PHINCMPI,Complementary voluntary health insurance,2010,20.6,E
DEU,Germany,PHINTPHI,Total voluntary health insurance,2010,20.6,E
DEU,Germany,PHINTPHI,Total voluntary health insurance,2011,21.4,E
DEU,Germany,PHINCMPI,Complementary voluntary health insurance,2011,21.4,E
DEU,Germany,PHINTPHI,Total voluntary health insurance,2013,22.4,E
DEU,Germany,PHINCMPI,Complementary voluntary health insurance,2013,22.4,E
DEU,Germany,PHINCMPI,Complementary voluntary health insurance,2014,22.9,E
DEU,Germany,PHINTPHI,Total voluntary health insurance,2014,22.9,E
DEU,Germany,PHINTPHI,Total voluntary health insurance,2015,23.2,E
DEU,Germany,PHINCMPI,Complementary voluntary health insurance,2015,23.2,E
DEU,Germany,PHINCMPI,Complementary voluntary health insurance,2016,23.4,E
DEU,Germany,PHINTPHI,Total voluntary health insurance,2016,23.4,E
DEU,Germany,PHINTPHI,Total voluntary health insurance,2017,23.9,E
DEU,Germany,PHINCMPI,Complementary voluntary health insurance,2017,23.9,E
DEU,Germany,PHINCMPI,Complementary voluntary health insurance,2018,24.4,E
DEU,Germany,PHINTPHI,Total voluntary health insurance,2018,24.4,E
DEU,Germany,PHINTPHI,Total voluntary health insurance,2019,25.1,E
DEU,Germany,PHINCMPI,Complementary voluntary health insurance,2019,25.1,E
DEU,Germany,PHINCMPI,Complementary voluntary health insurance,2020,26.2,E
DEU,Germany,PHINTPHI,Total voluntary health insurance,2020,26.2,E
DEU,Germany,PHINTPHI,Total voluntary health insurance,2021,27.1,E
DEU,Germany,PHINCMPI,Complementary voluntary health insurance,2021,27.1,E
DEU,Germany,PHINCMPI,Complementary voluntary health insurance,2022,27.8,E
DEU,Germany,PHINTPHI,Total voluntary health insurance,2022,27.8,E
DEU,Germany,PHINTPHI,Total voluntary health insurance,2023,28.5,E
DEU,Germany,PHINCMPI,Complementary voluntary health insurance,2023,28.5,E
DEU,Germany,PHINCMPI,Complementary voluntary health insurance,2024,29.9,E
DEU,Germany,PHINTPHI,Total voluntary health insurance,2024,29.9,E
HUN,Hungary,PHINTPHI,Total voluntary health insurance,2021,3.3,E
HUN,Hungary,PHINDUPI,Duplicate voluntary health insurance,2021,3.3,E
HUN,Hungary,PHINDUPI,Duplicate voluntary health insurance,2022,3.8,E
HUN,Hungary,PHINTPHI,Total voluntary health insurance,2022,3.8,E
HUN,Hungary,PHINTPHI,Total voluntary health insurance,2023,4.1,E
HUN,Hungary,PHINDUPI,Duplicate voluntary health insurance,2023,4.1,E
MEX,Mexico,COVGCMED,Government/compulsory health insurance,2010,82.4,E
MEX,Mexico,TPRIBASI,Public and primary voluntary health insurance,2010,82.4,E
MEX,Mexico,TPRIBASI,Public and primary voluntary health insurance,2011,89.2,E
MEX,Mexico,COVGCMED,Government/compulsory health insurance,2011,89.2,E
MEX,Mexico,COVGCMED,Government/compulsory health insurance,2012,89.6,E
MEX,Mexico,TPRIBASI,Public and primary voluntary health insurance,2012,89.6,E
MEX,Mexico,TPRIBASI,Public and primary voluntary health insurance,2013,91.6,E
MEX,Mexico,COVGCMED,Government/compulsory health insurance,2013,91.6,E
MEX,Mexico,COVGCMED,Government/compulsory health insurance,2014,92.9,E
MEX,Mexico,TPRIBASI,Public and primary voluntary health insurance,2014,92.9,E
MEX,Mexico,TPRIBASI,Public and primary voluntary health insurance,2015,92.3,E
MEX,Mexico,COVGCMED,Government/compulsory health insurance,2015,92.3,E
MEX,Mexico,COVGCMED,Government/compulsory health insurance,2016,89.8,E
MEX,Mexico,TPRIBASI,Public and primary voluntary health insurance,2016,89.8,E
MEX,Mexico,TPRIBASI,Public and primary voluntary health insurance,2017,89.3,E
MEX,Mexico,COVGCMED,Government/compulsory health insurance,2017,89.3,E
MEX,Mexico,COVGCMED,Government/compulsory health insurance,2018,88.3,E
MEX,Mexico,TPRIBASI,Public and primary voluntary health insurance,2018,88.3,E
MEX,Mexico,COVGCMED,Government/compulsory health insurance,2020,72.4,E
MEX,Mexico,TPRIBASI,Public and primary voluntary health insurance,2020,72.4,E
MEX,Mexico,TPRIBASI,Public and primary voluntary health insurance,2021,77.4,E
MEX,Mexico,COVGCMED,Government/compulsory health insurance,2021,77.4,E
MEX,Mexico,COVGCMED,Government/compulsory health insurance,2022,77.8,E
MEX,Mexico,TPRIBASI,Public and primary voluntary health insurance,2022,77.8,E
MEX,Mexico,TPRIBASI,Public and primary voluntary health insurance,2023,77.6,E
MEX,Mexico,COVGCMED,Government/compulsory health insurance,2023,77.6,E
MEX,Mexico,COVGCMED,Government/compulsory health insurance,2024,80.2,E
MEX,Mexico,TPRIBASI,Public and primary voluntary health insurance,2024,80.2,E
NZL,New Zealand,PHINDUPI,Duplicate voluntary health insurance,2021,27.1,E
NZL,New Zealand,PHINTPHI,Total voluntary health insurance,2021,28.1,E
NZL,New Zealand,PHINCMPI,Complementary voluntary health insurance,2021,1,E
NZL,New Zealand,PHINCMPI,Complementary voluntary health insurance,2022,0.8,E
NZL,New Zealand,PHINTPHI,Total voluntary health insurance,2022,28.6,E
NZL,New Zealand,PHINDUPI,Duplicate voluntary health insurance,2022,27.7,E
NZL,New Zealand,PHINDUPI,Duplicate voluntary health insurance,2023,27.4,E
NZL,New Zealand,PHINTPHI,Total voluntary health insurance,2023,28.3,E
NZL,New Zealand,PHINCMPI,Complementary voluntary health insurance,2023,0.9,E
NZL,New Zealand,PHINCMPI,Complementary voluntary health insurance,2024,0.9,E
NZL,New Zealand,PHINTPHI,Total voluntary health insurance,2024,27.6,E
NZL,New Zealand,PHINDUPI,Duplicate voluntary health insurance,2024,27,E
NZL,New Zealand,PHINDUPI,Duplicate voluntary health insurance,2025,27.4,E
NZL,New Zealand,PHINTPHI,Total voluntary health insurance,2025,28.4,E
NZL,New Zealand,PHINCMPI,Complementary voluntary health insurance,2025,1,E
BEL,Belgium,PHINSUPI,Supplementary voluntary health insurance,2010,49,E
BEL,Belgium,PHINTPHI,Total voluntary health insurance,2010,78.9,E
BEL,Belgium,PHINTPHI,Total voluntary health insurance,2011,78.9,E
BEL,Belgium,PHINSUPI,Supplementary voluntary health insurance,2011,48.7,E
BEL,Belgium,PHINSUPI,Supplementary voluntary health insurance,2012,49.3,E
BEL,Belgium,PHINTPHI,Total voluntary health insurance,2012,79.7,E
BEL,Belgium,PHINTPHI,Total voluntary health insurance,2013,80.4,E
BEL,Belgium,PHINSUPI,Supplementary voluntary health insurance,2013,49,E
BEL,Belgium,PHINSUPI,Supplementary voluntary health insurance,2014,49.2,E
BEL,Belgium,PHINTPHI,Total voluntary health insurance,2014,82.2,E
BEL,Belgium,PHINCMPI,Complementary voluntary health insurance,2015,97.8,E
BEL,Belgium,PHINSUPI,Supplementary voluntary health insurance,2015,48.6,E
BEL,Belgium,PHINSUPI,Supplementary voluntary health insurance,2016,49.6,E
BEL,Belgium,PHINCMPI,Complementary voluntary health insurance,2016,97.9,E
BEL,Belgium,PHINTPHI,Total voluntary health insurance,2016,97.9,E
BEL,Belgium,PHINTPHI,Total voluntary health insurance,2017,97.8,E
BEL,Belgium,PHINCMPI,Complementary voluntary health insurance,2017,97.8,E
BEL,Belgium,PHINSUPI,Supplementary voluntary health insurance,2017,49.3,E
BEL,Belgium,PHINSUPI,Supplementary voluntary health insurance,2018,51.4,E
BEL,Belgium,PHINCMPI,Complementary voluntary health insurance,2018,97.8,E
BEL,Belgium,PHINTPHI,Total voluntary health insurance,2018,97.8,E
BEL,Belgium,PHINTPHI,Total voluntary health insurance,2019,97.7,E
BEL,Belgium,PHINCMPI,Complementary voluntary health insurance,2019,97.7,E
BEL,Belgium,PHINSUPI,Supplementary voluntary health insurance,2019,51.9,E
BEL,Belgium,PHINSUPI,Supplementary voluntary health insurance,2020,51.8,E
BEL,Belgium,PHINCMPI,Complementary voluntary health insurance,2020,97.6,E
BEL,Belgium,PHINTPHI,Total voluntary health insurance,2020,97.6,E
BEL,Belgium,PHINTPHI,Total voluntary health insurance,2021,97.5,E
BEL,Belgium,PHINCMPI,Complementary voluntary health insurance,2021,97.5,E
BEL,Belgium,PHINSUPI,Supplementary voluntary health insurance,2021,51.9,E
BEL,Belgium,PHINSUPI,Supplementary voluntary health insurance,2022,50.6,E
BEL,Belgium,PHINCMPI,Complementary voluntary health insurance,2022,97.4,E
BEL,Belgium,PHINTPHI,Total voluntary health insurance,2022,97.4,E
BEL,Belgium,PHINTPHI,Total voluntary health insurance,2023,97.2,E
BEL,Belgium,PHINCMPI,Complementary voluntary health insurance,2023,97.2,E
BEL,Belgium,PHINSUPI,Supplementary voluntary health insurance,2023,51.4,E
BEL,Belgium,PHINSUPI,Supplementary voluntary health insurance,2024,51.6,E
BEL,Belgium,PHINCMPI,Complementary voluntary health insurance,2024,97.5,E
BEL,Belgium,PHINTPHI,Total voluntary health insurance,2024,97.5,E
NLD,Netherlands,PHINSUPI,Supplementary voluntary health insurance,2010,88.7,E
NLD,Netherlands,PHINTPHI,Total voluntary health insurance,2010,88.7,E
NLD,Netherlands,TPRIBASI,Public and primary voluntary health insurance,2010,99.6,E
NLD,Netherlands,COVGCMED,Government/compulsory health insurance,2010,99.6,E
NLD,Netherlands,COVGCMED,Government/compulsory health insurance,2011,99.6,E
NLD,Netherlands,TPRIBASI,Public and primary voluntary health insurance,2011,99.6,E
NLD,Netherlands,PHINTPHI,Total voluntary health insurance,2011,88.9,E
NLD,Netherlands,PHINSUPI,Supplementary voluntary health insurance,2011,88.9,E
NLD,Netherlands,PHINSUPI,Supplementary voluntary health insurance,2012,87.7,E
NLD,Netherlands,PHINTPHI,Total voluntary health insurance,2012,87.7,E
NLD,Netherlands,TPRIBASI,Public and primary voluntary health insurance,2012,99.7,E
NLD,Netherlands,COVGCMED,Government/compulsory health insurance,2012,99.7,E
NLD,Netherlands,COVGCMED,Government/compulsory health insurance,2013,99.8,E
NLD,Netherlands,TPRIBASI,Public and primary voluntary health insurance,2013,99.8,E
NLD,Netherlands,PHINTPHI,Total voluntary health insurance,2013,85.5,E
NLD,Netherlands,PHINSUPI,Supplementary voluntary health insurance,2013,85.5,E
NLD,Netherlands,PHINSUPI,Supplementary voluntary health insurance,2014,84.4,E
NLD,Netherlands,PHINTPHI,Total voluntary health insurance,2014,84.4,E
NLD,Netherlands,TPRIBASI,Public and primary voluntary health insurance,2014,99.8,E
NLD,Netherlands,COVGCMED,Government/compulsory health insurance,2014,99.8,E
NLD,Netherlands,COVGCMED,Government/compulsory health insurance,2015,99.8,E
NLD,Netherlands,TPRIBASI,Public and primary voluntary health insurance,2015,99.8,E
NLD,Netherlands,PHINTPHI,Total voluntary health insurance,2015,84,E
NLD,Netherlands,PHINSUPI,Supplementary voluntary health insurance,2015,84,E
NLD,Netherlands,PHINSUPI,Supplementary voluntary health insurance,2016,84.2,E
NLD,Netherlands,PHINTPHI,Total voluntary health insurance,2016,84.2,E
NLD,Netherlands,TPRIBASI,Public and primary voluntary health insurance,2016,99.9,E
NLD,Netherlands,COVGCMED,Government/compulsory health insurance,2016,99.9,E
NLD,Netherlands,COVGCMED,Government/compulsory health insurance,2017,99.9,E
NLD,Netherlands,TPRIBASI,Public and primary voluntary health insurance,2017,99.9,E
NLD,Netherlands,PHINTPHI,Total voluntary health insurance,2017,84,E
NLD,Netherlands,PHINSUPI,Supplementary voluntary health insurance,2017,84,E
NLD,Netherlands,PHINSUPI,Supplementary voluntary health insurance,2018,83.5,E
NLD,Netherlands,PHINTPHI,Total voluntary health insurance,2018,83.5,E
NLD,Netherlands,TPRIBASI,Public and primary voluntary health insurance,2018,99.9,E
NLD,Netherlands,COVGCMED,Government/compulsory health insurance,2018,99.9,E
NLD,Netherlands,COVGCMED,Government/compulsory health insurance,2019,99.9,E
NLD,Netherlands,TPRIBASI,Public and primary voluntary health insurance,2019,99.9,E
NLD,Netherlands,PHINTPHI,Total voluntary health insurance,2019,83.6,E
NLD,Netherlands,PHINSUPI,Supplementary voluntary health insurance,2019,83.6,E
NLD,Netherlands,PHINSUPI,Supplementary voluntary health insurance,2020,83.1,E
NLD,Netherlands,PHINTPHI,Total voluntary health insurance,2020,83.1,E
NLD,Netherlands,TPRIBASI,Public and primary voluntary health insurance,2020,99.9,E
NLD,Netherlands,COVGCMED,Government/compulsory health insurance,2020,99.9,E
NLD,Netherlands,COVGCMED,Government/compulsory health insurance,2021,99.9,E
NLD,Netherlands,TPRIBASI,Public and primary voluntary health insurance,2021,99.9,E
NLD,Netherlands,PHINTPHI,Total voluntary health insurance,2021,84.8,E
NLD,Netherlands,PHINSUPI,Supplementary voluntary health insurance,2021,84.8,E
NLD,Netherlands,PHINSUPI,Supplementary voluntary health insurance,2022,83.4,E
NLD,Netherlands,PHINTPHI,Total voluntary health insurance,2022,83.4,E
NLD,Netherlands,TPRIBASI,Public and primary voluntary health insurance,2022,99.9,E
NLD,Netherlands,COVGCMED,Government/compulsory health insurance,2022,99.9,E
NLD,Netherlands,COVGCMED,Government/compulsory health insurance,2023,99.9,E
NLD,Netherlands,TPRIBASI,Public and primary voluntary health insurance,2023,99.9,E
NLD,Netherlands,PHINTPHI,Total voluntary health insurance,2023,82.4,E
NLD,Netherlands,PHINSUPI,Supplementary voluntary health insurance,2023,82.4,E
NLD,Netherlands,PHINSUPI,Supplementary voluntary health insurance,2024,81.4,E
NLD,Netherlands,PHINTPHI,Total voluntary health insurance,2024,81.4,E
NLD,Netherlands,TPRIBASI,Public and primary voluntary health insurance,2024,99.8,E
NLD,Netherlands,COVGCMED,Government/compulsory health insurance,2024,99.8,E
CHL,Chile,PHINPMPI,Primary voluntary health insurance,2010,16.5,
CHL,Chile,PHINPMPI,Primary voluntary health insurance,2011,16.9,
CHL,Chile,PHINPMPI,Primary voluntary health insurance,2012,17.5,
CHL,Chile,PHINPMPI,Primary voluntary health insurance,2013,18.1,
CHL,Chile,PHINPMPI,Primary voluntary health insurance,2014,18.5,
CHL,Chile,PHINPMPI,Primary voluntary health insurance,2015,18.8,
CHL,Chile,PHINPMPI,Primary voluntary health insurance,2016,18.7,
CHL,Chile,PHINPMPI,Primary voluntary health insurance,2017,18.4,
CHL,Chile,PHINPMPI,Primary voluntary health insurance,2018,18.2,
CHL,Chile,PHINPMPI,Primary voluntary health insurance,2019,18,
CHL,Chile,PHINPMPI,Primary voluntary health insurance,2020,17.2,
CHL,Chile,PHINPMPI,Primary voluntary health insurance,2021,16.9,
CHL,Chile,PHINPMPI,Primary voluntary health insurance,2022,15.9,
CHL,Chile,PHINPMPI,Primary voluntary health insurance,2023,14,
CHL,Chile,PHINPMPI,Primary voluntary health insurance,2024,13.1,
CHL,Chile,PHINPMPI,Primary voluntary health insurance,2025,12.6,
ISL,Iceland,PHINPMPI,Primary voluntary health insurance,2010,0.2,
ISL,Iceland,PHINPMPI,Primary voluntary health insurance,2011,0.2,
ISL,Iceland,PHINPMPI,Primary voluntary health insurance,2012,0.2,
ISL,Iceland,PHINPMPI,Primary voluntary health insurance,2013,0.2,
ISL,Iceland,PHINPMPI,Primary voluntary health insurance,2014,0.2,
ISL,Iceland,PHINPMPI,Primary voluntary health insurance,2015,0.3,
ISL,Iceland,PHINPMPI,Primary voluntary health insurance,2016,0.4,
ISL,Iceland,PHINPMPI,Primary voluntary health insurance,2017,0.5,
ISL,Iceland,PHINPMPI,Primary voluntary health insurance,2018,0.4,
ISL,Iceland,PHINPMPI,Primary voluntary health insurance,2019,0.4,
ISL,Iceland,PHINPMPI,Primary voluntary health insurance,2020,0.4,
ISL,Iceland,PHINPMPI,Primary voluntary health insurance,2021,0.4,
ESP,Spain,PHINPMPI,Primary voluntary health insurance,2011,0.9,
ESP,Spain,PHINPMPI,Primary voluntary health insurance,2014,0.8,
ESP,Spain,PHINPMPI,Primary voluntary health insurance,2017,0.9,
ESP,Spain,PHINPMPI,Primary voluntary health insurance,2020,0.7,
ESP,Spain,PHINPMPI,Primary voluntary health insurance,2023,1.3,
USA,United States,PHINPMPI,Primary voluntary health insurance,2010,53.2,
USA,United States,PHINPMPI,Primary voluntary health insurance,2011,53.1,
USA,United States,PHINPMPI,Primary voluntary health insurance,2012,52.7,
USA,United States,PHINPMPI,Primary voluntary health insurance,2013,52.5,
USA,United States,PHINPMPI,Primary voluntary health insurance,2014,54,
USA,United States,PHINPMPI,Primary voluntary health insurance,2015,55.3,
USA,United States,PHINPMPI,Primary voluntary health insurance,2016,54.9,
USA,United States,PHINPMPI,Primary voluntary health insurance,2017,54.9,
USA,United States,PHINPMPI,Primary voluntary health insurance,2018,54.5,
USA,United States,PHINPMPI,Primary voluntary health insurance,2019,52.5,
USA,United States,PHINPMPI,Primary voluntary health insurance,2020,52.2,
USA,United States,PHINPMPI,Primary voluntary health insurance,2021,52.9,
USA,United States,PHINPMPI,Primary voluntary health insurance,2022,51.7,
USA,United States,PHINPMPI,Primary voluntary health insurance,2023,52.3,
USA,United States,PHINPMPI,Primary voluntary health insurance,2024,52.6,
ARG,Argentina,PHINPMPI,Primary voluntary health insurance,2010,5.1,
ARG,Argentina,PHINPMPI,Primary voluntary health insurance,2021,5.9,
PER,Peru,PHINPMPI,Primary voluntary health insurance,2018,5.6,
PER,Peru,PHINPMPI,Primary voluntary health insurance,2019,6.6,
PER,Peru,PHINPMPI,Primary voluntary health insurance,2020,6.4,
PER,Peru,PHINPMPI,Primary voluntary health insurance,2021,4.4,
PER,Peru,PHINPMPI,Primary voluntary health insurance,2022,4.8,
PER,Peru,PHINPMPI,Primary voluntary health insurance,2023,5.3,
PER,Peru,PHINPMPI,Primary voluntary health insurance,2024,5.1,
CHL,Chile,PHINCMPI,Complementary voluntary health insurance,2010,18.9,
CHL,Chile,PHINCMPI,Complementary voluntary health insurance,2011,26.7,
CHL,Chile,PHINCMPI,Complementary voluntary health insurance,2012,21.7,
CHL,Chile,PHINCMPI,Complementary voluntary health insurance,2013,19.3,
CHL,Chile,PHINCMPI,Complementary voluntary health insurance,2015,29.5,
CHL,Chile,PHINCMPI,Complementary voluntary health insurance,2016,29.1,
CHL,Chile,PHINCMPI,Complementary voluntary health insurance,2017,34.9,
CHL,Chile,PHINCMPI,Complementary voluntary health insurance,2018,41.3,
CHL,Chile,PHINCMPI,Complementary voluntary health insurance,2019,36.4,
CHL,Chile,PHINCMPI,Complementary voluntary health insurance,2020,46.2,
CHL,Chile,PHINCMPI,Complementary voluntary health insurance,2021,67.9,
CHL,Chile,PHINCMPI,Complementary voluntary health insurance,2022,69.2,
CHL,Chile,PHINCMPI,Complementary voluntary health insurance,2023,55.4,
CHL,Chile,PHINCMPI,Complementary voluntary health insurance,2024,42.2,
EST,Estonia,PHINCMPI,Complementary voluntary health insurance,2019,0.5,
EST,Estonia,PHINCMPI,Complementary voluntary health insurance,2020,1,
EST,Estonia,PHINCMPI,Complementary voluntary health insurance,2021,2.3,
EST,Estonia,PHINCMPI,Complementary voluntary health insurance,2022,3.6,
EST,Estonia,PHINCMPI,Complementary voluntary health insurance,2023,4.1,
EST,Estonia,PHINCMPI,Complementary voluntary health insurance,2024,4.4,
EST,Estonia,PHINCMPI,Complementary voluntary health insurance,2025,4.8,
FRA,France,PHINCMPI,Complementary voluntary health insurance,2010,95.8,
FRA,France,PHINCMPI,Complementary voluntary health insurance,2012,95,
FRA,France,PHINCMPI,Complementary voluntary health insurance,2014,95.5,
ISR,Israel,PHINCMPI,Complementary voluntary health insurance,2010,33.6,
ISR,Israel,PHINCMPI,Complementary voluntary health insurance,2011,35.6,
ISR,Israel,PHINCMPI,Complementary voluntary health insurance,2012,36.7,
ISR,Israel,PHINCMPI,Complementary voluntary health insurance,2013,38.3,
ISR,Israel,PHINCMPI,Complementary voluntary health insurance,2014,42.9,
ISR,Israel,PHINCMPI,Complementary voluntary health insurance,2015,44.8,
ISR,Israel,PHINCMPI,Complementary voluntary health insurance,2016,44.6,
ISR,Israel,PHINCMPI,Complementary voluntary health insurance,2017,44.8,
ISR,Israel,PHINCMPI,Complementary voluntary health insurance,2018,46.7,
ISR,Israel,PHINCMPI,Complementary voluntary health insurance,2020,42.1,
ISR,Israel,PHINCMPI,Complementary voluntary health insurance,2021,38.3,
ISR,Israel,PHINCMPI,Complementary voluntary health insurance,2022,43.8,
ISR,Israel,PHINCMPI,Complementary voluntary health insurance,2023,43.2,
KOR,Korea,PHINCMPI,Complementary voluntary health insurance,2010,48,
KOR,Korea,PHINCMPI,Complementary voluntary health insurance,2011,51.1,
KOR,Korea,PHINCMPI,Complementary voluntary health insurance,2012,56.5,
KOR,Korea,PHINCMPI,Complementary voluntary health insurance,2013,61,
KOR,Korea,PHINCMPI,Complementary voluntary health insurance,2014,63.2,
KOR,Korea,PHINCMPI,Complementary voluntary health insurance,2015,66.8,
KOR,Korea,PHINCMPI,Complementary voluntary health insurance,2016,67.8,
KOR,Korea,PHINCMPI,Complementary voluntary health insurance,2017,67.7,
KOR,Korea,PHINCMPI,Complementary voluntary health insurance,2018,70,
KOR,Korea,PHINCMPI,Complementary voluntary health insurance,2019,70.8,
KOR,Korea,PHINCMPI,Complementary voluntary health insurance,2020,72.2,
KOR,Korea,PHINCMPI,Complementary voluntary health insurance,2021,72.2,
KOR,Korea,PHINCMPI,Complementary voluntary health insurance,2022,72.6,
KOR,Korea,PHINCMPI,Complementary voluntary health insurance,2023,72.6,
KOR,Korea,PHINCMPI,Complementary voluntary health insurance,2024,73,
LUX,Luxembourg,PHINCMPI,Complementary voluntary health insurance,2016,65.4,
LUX,Luxembourg,PHINCMPI,Complementary voluntary health insurance,2017,65.1,
LUX,Luxembourg,PHINCMPI,Complementary voluntary health insurance,2018,61.4,
LUX,Luxembourg,PHINCMPI,Complementary voluntary health insurance,2019,61.9,
LUX,Luxembourg,PHINCMPI,Complementary voluntary health insurance,2020,62.9,
LUX,Luxembourg,PHINCMPI,Complementary voluntary health insurance,2021,63.4,
LUX,Luxembourg,PHINCMPI,Complementary voluntary health insurance,2022,67.3,
LUX,Luxembourg,PHINCMPI,Complementary voluntary health insurance,2023,68.7,
LUX,Luxembourg,PHINCMPI,Complementary voluntary health insurance,2024,65.1,
LUX,Luxembourg,PHINCMPI,Complementary voluntary health insurance,2025,67.2,
NZL,New Zealand,PHINCMPI,Complementary voluntary health insurance,2016,1,
NZL,New Zealand,PHINCMPI,Complementary voluntary health insurance,2017,1,
NZL,New Zealand,PHINCMPI,Complementary voluntary health insurance,2018,1.1,
NZL,New Zealand,PHINCMPI,Complementary voluntary health insurance,2019,1,
NZL,New Zealand,PHINCMPI,Complementary voluntary health insurance,2020,1,
SVN,Slovenia,PHINCMPI,Complementary voluntary health insurance,2010,71.1,
SVN,Slovenia,PHINCMPI,Complementary voluntary health insurance,2011,70.7,
SVN,Slovenia,PHINCMPI,Complementary voluntary health insurance,2012,70.8,
SVN,Slovenia,PHINCMPI,Complementary voluntary health insurance,2013,70.8,
SVN,Slovenia,PHINCMPI,Complementary voluntary health insurance,2014,70.9,
SVN,Slovenia,PHINCMPI,Complementary voluntary health insurance,2015,71.2,
SVN,Slovenia,PHINCMPI,Complementary voluntary health insurance,2016,71.6,
SVN,Slovenia,PHINCMPI,Complementary voluntary health insurance,2017,72,
SVN,Slovenia,PHINCMPI,Complementary voluntary health insurance,2018,72.9,
SVN,Slovenia,PHINCMPI,Complementary voluntary health insurance,2019,71.7,
SVN,Slovenia,PHINCMPI,Complementary voluntary health insurance,2020,70.4,
SVN,Slovenia,PHINCMPI,Complementary voluntary health insurance,2021,70.4,
SVN,Slovenia,PHINCMPI,Complementary voluntary health insurance,2022,71,
SVN,Slovenia,PHINCMPI,Complementary voluntary health insurance,2023,70.9,
USA,United States,PHINCMPI,Complementary voluntary health insurance,2010,7.5,
USA,United States,PHINCMPI,Complementary voluntary health insurance,2011,7.5,
USA,United States,PHINCMPI,Complementary voluntary health insurance,2012,7.6,
USA,United States,PHINCMPI,Complementary voluntary health insurance,2013,7.5,
USA,United States,PHINCMPI,Complementary voluntary health insurance,2014,7.6,
USA,United States,PHINCMPI,Complementary voluntary health insurance,2015,7.7,
USA,United States,PHINCMPI,Complementary voluntary health insurance,2016,8.1,
USA,United States,PHINCMPI,Complementary voluntary health insurance,2017,8,
USA,United States,PHINCMPI,Complementary voluntary health insurance,2018,8.2,
USA,United States,PHINCMPI,Complementary voluntary health insurance,2019,9.5,
USA,United States,PHINCMPI,Complementary voluntary health insurance,2020,9.8,
USA,United States,PHINCMPI,Complementary voluntary health insurance,2021,9.6,
USA,United States,PHINCMPI,Complementary voluntary health insurance,2022,9.1,
USA,United States,PHINCMPI,Complementary voluntary health insurance,2023,9,
USA,United States,PHINCMPI,Complementary voluntary health insurance,2024,9.1,
PER,Peru,PHINCMPI,Complementary voluntary health insurance,2018,2.8,
PER,Peru,PHINCMPI,Complementary voluntary health insurance,2019,3.3,
PER,Peru,PHINCMPI,Complementary voluntary health insurance,2020,2.6,
PER,Peru,PHINCMPI,Complementary voluntary health insurance,2021,6.1,
PER,Peru,PHINCMPI,Complementary voluntary health insurance,2022,6.8,
PER,Peru,PHINCMPI,Complementary voluntary health insurance,2023,7.4,
PER,Peru,PHINCMPI,Complementary voluntary health insurance,2024,6.9,
AUS,Australia,PHINSUPI,Supplementary voluntary health insurance,2010,52.4,
AUS,Australia,PHINSUPI,Supplementary voluntary health insurance,2011,53.2,
AUS,Australia,PHINSUPI,Supplementary voluntary health insurance,2012,54.1,
AUS,Australia,PHINSUPI,Supplementary voluntary health insurance,2013,54.8,
AUS,Australia,PHINSUPI,Supplementary voluntary health insurance,2014,55.3,
AUS,Australia,PHINSUPI,Supplementary voluntary health insurance,2015,55.7,
AUS,Australia,PHINSUPI,Supplementary voluntary health insurance,2016,55.5,
AUS,Australia,PHINSUPI,Supplementary voluntary health insurance,2017,54.9,
AUS,Australia,PHINSUPI,Supplementary voluntary health insurance,2018,54.2,
AUS,Australia,PHINSUPI,Supplementary voluntary health insurance,2019,53.6,
AUS,Australia,PHINSUPI,Supplementary voluntary health insurance,2020,53,
AUS,Australia,PHINSUPI,Supplementary voluntary health insurance,2021,54.3,
AUS,Australia,PHINSUPI,Supplementary voluntary health insurance,2022,54.8,
AUS,Australia,PHINSUPI,Supplementary voluntary health insurance,2023,54.7,
AUS,Australia,PHINSUPI,Supplementary voluntary health insurance,2024,54.7,
AUS,Australia,PHINSUPI,Supplementary voluntary health insurance,2025,55.1,
AUT,Austria,PHINSUPI,Supplementary voluntary health insurance,2010,33.9,
AUT,Austria,PHINSUPI,Supplementary voluntary health insurance,2011,34.2,
AUT,Austria,PHINSUPI,Supplementary voluntary health insurance,2012,34.5,
AUT,Austria,PHINSUPI,Supplementary voluntary health insurance,2013,35.2,
AUT,Austria,PHINSUPI,Supplementary voluntary health insurance,2014,35.7,
AUT,Austria,PHINSUPI,Supplementary voluntary health insurance,2015,36.2,
AUT,Austria,PHINSUPI,Supplementary voluntary health insurance,2016,36.5,
AUT,Austria,PHINSUPI,Supplementary voluntary health insurance,2017,36.9,
AUT,Austria,PHINSUPI,Supplementary voluntary health insurance,2018,37.2,
AUT,Austria,PHINSUPI,Supplementary voluntary health insurance,2019,37.8,
AUT,Austria,PHINSUPI,Supplementary voluntary health insurance,2020,37.9,
AUT,Austria,PHINSUPI,Supplementary voluntary health insurance,2021,38.2,
AUT,Austria,PHINSUPI,Supplementary voluntary health insurance,2022,38.1,
AUT,Austria,PHINSUPI,Supplementary voluntary health insurance,2023,38.4,
AUT,Austria,PHINSUPI,Supplementary voluntary health insurance,2024,38.9,
CAN,Canada,PHINSUPI,Supplementary voluntary health insurance,2010,68,
CAN,Canada,PHINSUPI,Supplementary voluntary health insurance,2011,68,
CAN,Canada,PHINSUPI,Supplementary voluntary health insurance,2012,67,
CAN,Canada,PHINSUPI,Supplementary voluntary health insurance,2013,67,
CAN,Canada,PHINSUPI,Supplementary voluntary health insurance,2014,67,
CAN,Canada,PHINSUPI,Supplementary voluntary health insurance,2015,67,
CAN,Canada,PHINSUPI,Supplementary voluntary health insurance,2016,67,
CAN,Canada,PHINSUPI,Supplementary voluntary health insurance,2017,68,
CAN,Canada,PHINSUPI,Supplementary voluntary health insurance,2018,68,
CAN,Canada,PHINSUPI,Supplementary voluntary health insurance,2019,69,
CAN,Canada,PHINSUPI,Supplementary voluntary health insurance,2020,69,
CAN,Canada,PHINSUPI,Supplementary voluntary health insurance,2021,69,
CAN,Canada,PHINSUPI,Supplementary voluntary health insurance,2022,69,
CAN,Canada,PHINSUPI,Supplementary voluntary health insurance,2023,67,
CAN,Canada,PHINSUPI,Supplementary voluntary health insurance,2024,67,
FIN,Finland,PHINSUPI,Supplementary voluntary health insurance,2010,16.1,
FIN,Finland,PHINSUPI,Supplementary voluntary health insurance,2011,16.4,
FIN,Finland,PHINSUPI,Supplementary voluntary health insurance,2012,17.1,
FIN,Finland,PHINSUPI,Supplementary voluntary health insurance,2013,17.8,
FIN,Finland,PHINSUPI,Supplementary voluntary health insurance,2014,18.3,
FIN,Finland,PHINSUPI,Supplementary voluntary health insurance,2015,20.2,
FIN,Finland,PHINSUPI,Supplementary voluntary health insurance,2016,21,
FIN,Finland,PHINSUPI,Supplementary voluntary health insurance,2017,21,
FIN,Finland,PHINSUPI,Supplementary voluntary health insurance,2018,21.9,
FIN,Finland,PHINSUPI,Supplementary voluntary health insurance,2019,22.4,
FIN,Finland,PHINSUPI,Supplementary voluntary health insurance,2020,22.8,
FIN,Finland,PHINSUPI,Supplementary voluntary health insurance,2021,23.1,
FIN,Finland,PHINSUPI,Supplementary voluntary health insurance,2022,23.2,
FIN,Finland,PHINSUPI,Supplementary voluntary health insurance,2023,23.5,
FIN,Finland,PHINSUPI,Supplementary voluntary health insurance,2024,23.4,
ISR,Israel,PHINSUPI,Supplementary voluntary health insurance,2010,80.6,
ISR,Israel,PHINSUPI,Supplementary voluntary health insurance,2011,80,
ISR,Israel,PHINSUPI,Supplementary voluntary health insurance,2012,80.3,
ISR,Israel,PHINSUPI,Supplementary voluntary health insurance,2013,82.9,
ISR,Israel,PHINSUPI,Supplementary voluntary health insurance,2014,83.9,
ISR,Israel,PHINSUPI,Supplementary voluntary health insurance,2015,83.4,
ISR,Israel,PHINSUPI,Supplementary voluntary health insurance,2016,83.1,
ISR,Israel,PHINSUPI,Supplementary voluntary health insurance,2017,83.2,
ISR,Israel,PHINSUPI,Supplementary voluntary health insurance,2018,84.1,
ISR,Israel,PHINSUPI,Supplementary voluntary health insurance,2020,84.3,
ISR,Israel,PHINSUPI,Supplementary voluntary health insurance,2021,86.2,
ISR,Israel,PHINSUPI,Supplementary voluntary health insurance,2022,88,
ISR,Israel,PHINSUPI,Supplementary voluntary health insurance,2023,87.6,
KOR,Korea,PHINSUPI,Supplementary voluntary health insurance,2010,48,
KOR,Korea,PHINSUPI,Supplementary voluntary health insurance,2011,51.1,
KOR,Korea,PHINSUPI,Supplementary voluntary health insurance,2012,56.5,
KOR,Korea,PHINSUPI,Supplementary voluntary health insurance,2013,61,
KOR,Korea,PHINSUPI,Supplementary voluntary health insurance,2014,63.2,
KOR,Korea,PHINSUPI,Supplementary voluntary health insurance,2015,66.8,
KOR,Korea,PHINSUPI,Supplementary voluntary health insurance,2016,67.8,
KOR,Korea,PHINSUPI,Supplementary voluntary health insurance,2017,67.7,
KOR,Korea,PHINSUPI,Supplementary voluntary health insurance,2018,70,
KOR,Korea,PHINSUPI,Supplementary voluntary health insurance,2019,70.8,
KOR,Korea,PHINSUPI,Supplementary voluntary health insurance,2020,72.2,
KOR,Korea,PHINSUPI,Supplementary voluntary health insurance,2021,72.2,
KOR,Korea,PHINSUPI,Supplementary voluntary health insurance,2022,72.6,
KOR,Korea,PHINSUPI,Supplementary voluntary health insurance,2023,72.6,
KOR,Korea,PHINSUPI,Supplementary voluntary health insurance,2024,73,
SVN,Slovenia,PHINSUPI,Supplementary voluntary health insurance,2010,2,
SVN,Slovenia,PHINSUPI,Supplementary voluntary health insurance,2011,2.1,
SVN,Slovenia,PHINSUPI,Supplementary voluntary health insurance,2012,2,
SVN,Slovenia,PHINSUPI,Supplementary voluntary health insurance,2017,8.2,
SVN,Slovenia,PHINSUPI,Supplementary voluntary health insurance,2018,8.5,
SVN,Slovenia,PHINSUPI,Supplementary voluntary health insurance,2019,9.2,
SVN,Slovenia,PHINSUPI,Supplementary voluntary health insurance,2020,9.5,
SVN,Slovenia,PHINSUPI,Supplementary voluntary health insurance,2021,9.7,
SVN,Slovenia,PHINSUPI,Supplementary voluntary health insurance,2022,10.2,
SVN,Slovenia,PHINSUPI,Supplementary voluntary health insurance,2023,9.9,
SVN,Slovenia,PHINSUPI,Supplementary voluntary health insurance,2024,9.2,
SVN,Slovenia,PHINSUPI,Supplementary voluntary health insurance,2025,9.8,
CHE,Switzerland,PHINSUPI,Supplementary voluntary health insurance,2012,27.9,
CHE,Switzerland,PHINSUPI,Supplementary voluntary health insurance,2017,28.5,
CHE,Switzerland,PHINSUPI,Supplementary voluntary health insurance,2022,28.1,
PER,Peru,PHINSUPI,Supplementary voluntary health insurance,2018,2.5,
PER,Peru,PHINSUPI,Supplementary voluntary health insurance,2019,2.8,
PER,Peru,PHINSUPI,Supplementary voluntary health insurance,2020,2.5,
PER,Peru,PHINSUPI,Supplementary voluntary health insurance,2021,2.6,
PER,Peru,PHINSUPI,Supplementary voluntary health insurance,2022,3,
PER,Peru,PHINSUPI,Supplementary voluntary health insurance,2023,3.2,
PER,Peru,PHINSUPI,Supplementary voluntary health insurance,2024,2.9,
AUS,Australia,PHINDUPI,Duplicate voluntary health insurance,2010,45.3,
AUS,Australia,PHINDUPI,Duplicate voluntary health insurance,2011,45.9,
AUS,Australia,PHINDUPI,Duplicate voluntary health insurance,2012,46.6,
AUS,Australia,PHINDUPI,Duplicate voluntary health insurance,2013,46.9,
AUS,Australia,PHINDUPI,Duplicate voluntary health insurance,2014,47.2,
AUS,Australia,PHINDUPI,Duplicate voluntary health insurance,2015,47.3,
AUS,Australia,PHINDUPI,Duplicate voluntary health insurance,2016,46.8,
AUS,Australia,PHINDUPI,Duplicate voluntary health insurance,2017,46,
AUS,Australia,PHINDUPI,Duplicate voluntary health insurance,2018,45.1,
AUS,Australia,PHINDUPI,Duplicate voluntary health insurance,2019,44.3,
AUS,Australia,PHINDUPI,Duplicate voluntary health insurance,2020,43.7,
AUS,Australia,PHINDUPI,Duplicate voluntary health insurance,2021,44.5,
AUS,Australia,PHINDUPI,Duplicate voluntary health insurance,2022,44.9,
AUS,Australia,PHINDUPI,Duplicate voluntary health insurance,2023,44.8,
AUS,Australia,PHINDUPI,Duplicate voluntary health insurance,2024,45,
AUS,Australia,PHINDUPI,Duplicate voluntary health insurance,2025,45.4,
COL,Colombia,PHINDUPI,Duplicate voluntary health insurance,2022,2,
COL,Colombia,PHINDUPI,Duplicate voluntary health insurance,2023,1.9,
COL,Colombia,PHINDUPI,Duplicate voluntary health insurance,2024,1.5,
COL,Colombia,PHINDUPI,Duplicate voluntary health insurance,2025,1.6,
HUN,Hungary,PHINDUPI,Duplicate voluntary health insurance,2024,4.7,
IRL,Ireland,PHINDUPI,Duplicate voluntary health insurance,2010,49.8,
IRL,Ireland,PHINDUPI,Duplicate voluntary health insurance,2011,47.3,
IRL,Ireland,PHINDUPI,Duplicate voluntary health insurance,2012,45.7,
IRL,Ireland,PHINDUPI,Duplicate voluntary health insurance,2013,44.4,
IRL,Ireland,PHINDUPI,Duplicate voluntary health insurance,2014,43.6,
IRL,Ireland,PHINDUPI,Duplicate voluntary health insurance,2015,45.3,
IRL,Ireland,PHINDUPI,Duplicate voluntary health insurance,2016,45.4,
IRL,Ireland,PHINDUPI,Duplicate voluntary health insurance,2017,45.4,
IRL,Ireland,PHINDUPI,Duplicate voluntary health insurance,2018,45.7,
IRL,Ireland,PHINDUPI,Duplicate voluntary health insurance,2019,46.3,
IRL,Ireland,PHINDUPI,Duplicate voluntary health insurance,2020,46.2,
IRL,Ireland,PHINDUPI,Duplicate voluntary health insurance,2021,47,
IRL,Ireland,PHINDUPI,Duplicate voluntary health insurance,2022,47.6,
IRL,Ireland,PHINDUPI,Duplicate voluntary health insurance,2023,47,
IRL,Ireland,PHINDUPI,Duplicate voluntary health insurance,2024,46.6,
IRL,Ireland,PHINDUPI,Duplicate voluntary health insurance,2025,46,
ISR,Israel,PHINDUPI,Duplicate voluntary health insurance,2010,80.6,
ISR,Israel,PHINDUPI,Duplicate voluntary health insurance,2011,80,
ISR,Israel,PHINDUPI,Duplicate voluntary health insurance,2012,80.3,
ISR,Israel,PHINDUPI,Duplicate voluntary health insurance,2013,82.9,
ISR,Israel,PHINDUPI,Duplicate voluntary health insurance,2014,83.9,
ISR,Israel,PHINDUPI,Duplicate voluntary health insurance,2015,83.4,
ISR,Israel,PHINDUPI,Duplicate voluntary health insurance,2016,83.1,
ISR,Israel,PHINDUPI,Duplicate voluntary health insurance,2017,83.2,
ISR,Israel,PHINDUPI,Duplicate voluntary health insurance,2018,84.1,
ISR,Israel,PHINDUPI,Duplicate voluntary health insurance,2020,84.3,
ISR,Israel,PHINDUPI,Duplicate voluntary health insurance,2021,86.2,
ISR,Israel,PHINDUPI,Duplicate voluntary health insurance,2022,88,
ISR,Israel,PHINDUPI,Duplicate voluntary health insurance,2023,87.6,
MEX,Mexico,PHINDUPI,Duplicate voluntary health insurance,2010,6.1,
MEX,Mexico,PHINDUPI,Duplicate voluntary health insurance,2011,7.1,
MEX,Mexico,PHINDUPI,Duplicate voluntary health insurance,2012,7.4,
MEX,Mexico,PHINDUPI,Duplicate voluntary health insurance,2013,7.4,
MEX,Mexico,PHINDUPI,Duplicate voluntary health insurance,2014,8,
MEX,Mexico,PHINDUPI,Duplicate voluntary health insurance,2015,8.1,
MEX,Mexico,PHINDUPI,Duplicate voluntary health insurance,2016,9,
MEX,Mexico,PHINDUPI,Duplicate voluntary health insurance,2017,9.6,
MEX,Mexico,PHINDUPI,Duplicate voluntary health insurance,2018,9.8,
MEX,Mexico,PHINDUPI,Duplicate voluntary health insurance,2019,9.9,
MEX,Mexico,PHINDUPI,Duplicate voluntary health insurance,2020,10.4,
MEX,Mexico,PHINDUPI,Duplicate voluntary health insurance,2021,11,
MEX,Mexico,PHINDUPI,Duplicate voluntary health insurance,2022,12.2,
MEX,Mexico,PHINDUPI,Duplicate voluntary health insurance,2023,14.5,
MEX,Mexico,PHINDUPI,Duplicate voluntary health insurance,2024,16.1,
NZL,New Zealand,PHINDUPI,Duplicate voluntary health insurance,2010,31.6,
NZL,New Zealand,PHINDUPI,Duplicate voluntary health insurance,2011,30.9,
NZL,New Zealand,PHINDUPI,Duplicate voluntary health insurance,2012,30.5,
NZL,New Zealand,PHINDUPI,Duplicate voluntary health insurance,2013,29.8,
NZL,New Zealand,PHINDUPI,Duplicate voluntary health insurance,2014,29.3,
NZL,New Zealand,PHINDUPI,Duplicate voluntary health insurance,2015,28.8,
NZL,New Zealand,PHINDUPI,Duplicate voluntary health insurance,2016,27.7,
NZL,New Zealand,PHINDUPI,Duplicate voluntary health insurance,2017,27.6,
NZL,New Zealand,PHINDUPI,Duplicate voluntary health insurance,2018,27.8,
NZL,New Zealand,PHINDUPI,Duplicate voluntary health insurance,2019,27,
NZL,New Zealand,PHINDUPI,Duplicate voluntary health insurance,2020,26.8,
PRT,Portugal,PHINDUPI,Duplicate voluntary health insurance,2010,19.8,
PRT,Portugal,PHINDUPI,Duplicate voluntary health insurance,2011,19.8,
PRT,Portugal,PHINDUPI,Duplicate voluntary health insurance,2012,20.2,
PRT,Portugal,PHINDUPI,Duplicate voluntary health insurance,2013,20.9,
PRT,Portugal,PHINDUPI,Duplicate voluntary health insurance,2014,22.2,
PRT,Portugal,PHINDUPI,Duplicate voluntary health insurance,2015,25.6,
PRT,Portugal,PHINDUPI,Duplicate voluntary health insurance,2016,26,
PRT,Portugal,PHINDUPI,Duplicate voluntary health insurance,2017,26.5,
PRT,Portugal,PHINDUPI,Duplicate voluntary health insurance,2018,25.9,
PRT,Portugal,PHINDUPI,Duplicate voluntary health insurance,2019,27.9,
PRT,Portugal,PHINDUPI,Duplicate voluntary health insurance,2020,29.3,
PRT,Portugal,PHINDUPI,Duplicate voluntary health insurance,2021,31.9,
PRT,Portugal,PHINDUPI,Duplicate voluntary health insurance,2022,33.9,
PRT,Portugal,PHINDUPI,Duplicate voluntary health insurance,2023,35.2,
PRT,Portugal,PHINDUPI,Duplicate voluntary health insurance,2024,35.5,
SVN,Slovenia,PHINDUPI,Duplicate voluntary health insurance,2010,0.2,
SVN,Slovenia,PHINDUPI,Duplicate voluntary health insurance,2011,0.2,
SVN,Slovenia,PHINDUPI,Duplicate voluntary health insurance,2012,0.2,
SVN,Slovenia,PHINDUPI,Duplicate voluntary health insurance,2017,2.5,
SVN,Slovenia,PHINDUPI,Duplicate voluntary health insurance,2018,3.4,
SVN,Slovenia,PHINDUPI,Duplicate voluntary health insurance,2019,4.6,
SVN,Slovenia,PHINDUPI,Duplicate voluntary health insurance,2020,6,
SVN,Slovenia,PHINDUPI,Duplicate voluntary health insurance,2021,7.8,
SVN,Slovenia,PHINDUPI,Duplicate voluntary health insurance,2022,10.6,
SVN,Slovenia,PHINDUPI,Duplicate voluntary health insurance,2023,13.1,
SVN,Slovenia,PHINDUPI,Duplicate voluntary health insurance,2024,14.9,
SVN,Slovenia,PHINDUPI,Duplicate voluntary health insurance,2025,16.6,
ESP,Spain,PHINDUPI,Duplicate voluntary health insurance,2011,12.5,
ESP,Spain,PHINDUPI,Duplicate voluntary health insurance,2014,14.9,
ESP,Spain,PHINDUPI,Duplicate voluntary health insurance,2017,15.4,
ESP,Spain,PHINDUPI,Duplicate voluntary health insurance,2020,14.6,
ESP,Spain,PHINDUPI,Duplicate voluntary health insurance,2023,16.3,
GBR,United Kingdom,PHINDUPI,Duplicate voluntary health insurance,2010,11.2,
GBR,United Kingdom,PHINDUPI,Duplicate voluntary health insurance,2011,10.9,
GBR,United Kingdom,PHINDUPI,Duplicate voluntary health insurance,2012,10.8,
GBR,United Kingdom,PHINDUPI,Duplicate voluntary health insurance,2013,10.6,
GBR,United Kingdom,PHINDUPI,Duplicate voluntary health insurance,2014,10.4,
GBR,United Kingdom,PHINDUPI,Duplicate voluntary health insurance,2015,10.5,
GBR,United Kingdom,PHINDUPI,Duplicate voluntary health insurance,2016,10.4,
GBR,United Kingdom,PHINDUPI,Duplicate voluntary health insurance,2017,10.3,
GBR,United Kingdom,PHINDUPI,Duplicate voluntary health insurance,2018,10,
GBR,United Kingdom,PHINDUPI,Duplicate voluntary health insurance,2019,10.2,
GBR,United Kingdom,PHINDUPI,Duplicate voluntary health insurance,2020,10.2,
GBR,United Kingdom,PHINDUPI,Duplicate voluntary health insurance,2021,10.6,
GBR,United Kingdom,PHINDUPI,Duplicate voluntary health insurance,2022,11.2,
GBR,United Kingdom,PHINDUPI,Duplicate voluntary health insurance,2023,12,
GBR,United Kingdom,PHINDUPI,Duplicate voluntary health insurance,2024,12.2,
ARG,Argentina,PHINDUPI,Duplicate voluntary health insurance,2010,10.6,
ARG,Argentina,PHINDUPI,Duplicate voluntary health insurance,2021,8.4,
PER,Peru,PHINDUPI,Duplicate voluntary health insurance,2018,4.5,
PER,Peru,PHINDUPI,Duplicate voluntary health insurance,2019,5.9,
PER,Peru,PHINDUPI,Duplicate voluntary health insurance,2020,5.5,
PER,Peru,PHINDUPI,Duplicate voluntary health insurance,2021,5.9,
PER,Peru,PHINDUPI,Duplicate voluntary health insurance,2022,6.6,
PER,Peru,PHINDUPI,Duplicate voluntary health insurance,2023,7.1,
PER,Peru,PHINDUPI,Duplicate voluntary health insurance,2024,6.7,
AUT,Austria,TPRIBASI,Public and primary voluntary health insurance,2010,99.3,
AUT,Austria,TPRIBASI,Public and primary voluntary health insurance,2011,99.9,
AUT,Austria,TPRIBASI,Public and primary voluntary health insurance,2012,99.9,
AUT,Austria,TPRIBASI,Public and primary voluntary health insurance,2013,99.9,
AUT,Austria,TPRIBASI,Public and primary voluntary health insurance,2014,99.9,
AUT,Austria,TPRIBASI,Public and primary voluntary health insurance,2015,99.9,
AUT,Austria,TPRIBASI,Public and primary voluntary health insurance,2016,99.9,
AUT,Austria,TPRIBASI,Public and primary voluntary health insurance,2017,99.9,
AUT,Austria,TPRIBASI,Public and primary voluntary health insurance,2018,99.9,
AUT,Austria,TPRIBASI,Public and primary voluntary health insurance,2019,99.9,
AUT,Austria,TPRIBASI,Public and primary voluntary health insurance,2020,99.9,
AUT,Austria,TPRIBASI,Public and primary voluntary health insurance,2021,99.9,
AUT,Austria,TPRIBASI,Public and primary voluntary health insurance,2022,99.9,
AUT,Austria,TPRIBASI,Public and primary voluntary health insurance,2023,99.9,
AUT,Austria,TPRIBASI,Public and primary voluntary health insurance,2024,99.9,
BEL,Belgium,TPRIBASI,Public and primary voluntary health insurance,2010,99,
BEL,Belgium,TPRIBASI,Public and primary voluntary health insurance,2011,99,
BEL,Belgium,TPRIBASI,Public and primary voluntary health insurance,2012,99,
BEL,Belgium,TPRIBASI,Public and primary voluntary health insurance,2013,99,
BEL,Belgium,TPRIBASI,Public and primary voluntary health insurance,2014,99,
BEL,Belgium,TPRIBASI,Public and primary voluntary health insurance,2015,99,
BEL,Belgium,TPRIBASI,Public and primary voluntary health insurance,2016,99,
BEL,Belgium,TPRIBASI,Public and primary voluntary health insurance,2017,98.7,
BEL,Belgium,TPRIBASI,Public and primary voluntary health insurance,2018,98.7,
BEL,Belgium,TPRIBASI,Public and primary voluntary health insurance,2019,98.6,
BEL,Belgium,TPRIBASI,Public and primary voluntary health insurance,2020,98.6,
BEL,Belgium,TPRIBASI,Public and primary voluntary health insurance,2021,98.6,
BEL,Belgium,TPRIBASI,Public and primary voluntary health insurance,2022,98.5,
BEL,Belgium,TPRIBASI,Public and primary voluntary health insurance,2023,98.4,
BEL,Belgium,TPRIBASI,Public and primary voluntary health insurance,2024,98.9,
CHL,Chile,TPRIBASI,Public and primary voluntary health insurance,2010,90.9,
CHL,Chile,TPRIBASI,Public and primary voluntary health insurance,2011,93.4,
CHL,Chile,TPRIBASI,Public and primary voluntary health insurance,2012,94.1,
CHL,Chile,TPRIBASI,Public and primary voluntary health insurance,2013,94.5,
CHL,Chile,TPRIBASI,Public and primary voluntary health insurance,2014,94.2,
CHL,Chile,TPRIBASI,Public and primary voluntary health insurance,2015,92.6,
CHL,Chile,TPRIBASI,Public and primary voluntary health insurance,2016,94.2,
CHL,Chile,TPRIBASI,Public and primary voluntary health insurance,2017,94,
CHL,Chile,TPRIBASI,Public and primary voluntary health insurance,2018,93.4,
CHL,Chile,TPRIBASI,Public and primary voluntary health insurance,2019,95.6,
CHL,Chile,TPRIBASI,Public and primary voluntary health insurance,2020,95,
CHL,Chile,TPRIBASI,Public and primary voluntary health insurance,2021,94.3,
CHL,Chile,TPRIBASI,Public and primary voluntary health insurance,2022,94.6,
CHL,Chile,TPRIBASI,Public and primary voluntary health insurance,2023,95.3,
CHL,Chile,TPRIBASI,Public and primary voluntary health insurance,2024,96.5,
CHL,Chile,TPRIBASI,Public and primary voluntary health insurance,2025,98.1,
COL,Colombia,TPRIBASI,Public and primary voluntary health insurance,2010,93.6,
COL,Colombia,TPRIBASI,Public and primary voluntary health insurance,2011,96.4,
COL,Colombia,TPRIBASI,Public and primary voluntary health insurance,2012,96.4,
COL,Colombia,TPRIBASI,Public and primary voluntary health insurance,2013,96,
COL,Colombia,TPRIBASI,Public and primary voluntary health insurance,2014,96.6,
COL,Colombia,TPRIBASI,Public and primary voluntary health insurance,2015,97.6,
COL,Colombia,TPRIBASI,Public and primary voluntary health insurance,2016,95.7,
COL,Colombia,TPRIBASI,Public and primary voluntary health insurance,2017,94.9,
COL,Colombia,TPRIBASI,Public and primary voluntary health insurance,2018,94.7,
COL,Colombia,TPRIBASI,Public and primary voluntary health insurance,2019,95.2,
COL,Colombia,TPRIBASI,Public and primary voluntary health insurance,2020,97.8,
COL,Colombia,TPRIBASI,Public and primary voluntary health insurance,2021,99,
COL,Colombia,TPRIBASI,Public and primary voluntary health insurance,2022,99.1,
COL,Colombia,TPRIBASI,Public and primary voluntary health insurance,2023,98.9,
COL,Colombia,TPRIBASI,Public and primary voluntary health insurance,2024,98.6,
COL,Colombia,TPRIBASI,Public and primary voluntary health insurance,2025,98.4,
CRI,Costa Rica,TPRIBASI,Public and primary voluntary health insurance,2010,91.9,
CRI,Costa Rica,TPRIBASI,Public and primary voluntary health insurance,2011,93.7,
CRI,Costa Rica,TPRIBASI,Public and primary voluntary health insurance,2012,91.2,
CRI,Costa Rica,TPRIBASI,Public and primary voluntary health insurance,2013,91.2,
CRI,Costa Rica,TPRIBASI,Public and primary voluntary health insurance,2014,91.3,
CRI,Costa Rica,TPRIBASI,Public and primary voluntary health insurance,2015,90.5,
CRI,Costa Rica,TPRIBASI,Public and primary voluntary health insurance,2016,90.5,
CRI,Costa Rica,TPRIBASI,Public and primary voluntary health insurance,2017,90,
CRI,Costa Rica,TPRIBASI,Public and primary voluntary health insurance,2018,91.6,
CRI,Costa Rica,TPRIBASI,Public and primary voluntary health insurance,2019,91.1,
CRI,Costa Rica,TPRIBASI,Public and primary voluntary health insurance,2020,91.8,
CRI,Costa Rica,TPRIBASI,Public and primary voluntary health insurance,2021,90.9,
CRI,Costa Rica,TPRIBASI,Public and primary voluntary health insurance,2022,92.2,
CRI,Costa Rica,TPRIBASI,Public and primary voluntary health insurance,2023,93,
CRI,Costa Rica,TPRIBASI,Public and primary voluntary health insurance,2024,92.9,
CRI,Costa Rica,TPRIBASI,Public and primary voluntary health insurance,2025,93.9,
EST,Estonia,TPRIBASI,Public and primary voluntary health insurance,2010,94.5,
EST,Estonia,TPRIBASI,Public and primary voluntary health insurance,2011,94,
EST,Estonia,TPRIBASI,Public and primary voluntary health insurance,2012,93.7,
EST,Estonia,TPRIBASI,Public and primary voluntary health insurance,2013,93.6,
EST,Estonia,TPRIBASI,Public and primary voluntary health insurance,2014,93.9,
EST,Estonia,TPRIBASI,Public and primary voluntary health insurance,2015,94,
EST,Estonia,TPRIBASI,Public and primary voluntary health insurance,2016,94,
EST,Estonia,TPRIBASI,Public and primary voluntary health insurance,2017,94.1,
EST,Estonia,TPRIBASI,Public and primary voluntary health insurance,2018,94.5,
EST,Estonia,TPRIBASI,Public and primary voluntary health insurance,2019,95,
EST,Estonia,TPRIBASI,Public and primary voluntary health insurance,2020,95.2,
EST,Estonia,TPRIBASI,Public and primary voluntary health insurance,2021,95.9,
EST,Estonia,TPRIBASI,Public and primary voluntary health insurance,2022,96.1,
EST,Estonia,TPRIBASI,Public and primary voluntary health insurance,2023,94.8,
EST,Estonia,TPRIBASI,Public and primary voluntary health insurance,2024,93.9,
EST,Estonia,TPRIBASI,Public and primary voluntary health insurance,2025,93.6,
FRA,France,TPRIBASI,Public and primary voluntary health insurance,2010,99.9,
FRA,France,TPRIBASI,Public and primary voluntary health insurance,2011,99.9,
FRA,France,TPRIBASI,Public and primary voluntary health insurance,2012,99.9,
FRA,France,TPRIBASI,Public and primary voluntary health insurance,2013,99.9,
FRA,France,TPRIBASI,Public and primary voluntary health insurance,2014,99.9,
FRA,France,TPRIBASI,Public and primary voluntary health insurance,2015,99.9,
FRA,France,TPRIBASI,Public and primary voluntary health insurance,2016,99.9,
FRA,France,TPRIBASI,Public and primary voluntary health insurance,2017,99.9,
FRA,France,TPRIBASI,Public and primary voluntary health insurance,2018,99.9,
FRA,France,TPRIBASI,Public and primary voluntary health insurance,2019,99.9,
FRA,France,TPRIBASI,Public and primary voluntary health insurance,2020,99.9,
FRA,France,TPRIBASI,Public and primary voluntary health insurance,2021,99.9,
FRA,France,TPRIBASI,Public and primary voluntary health insurance,2022,99.9,
FRA,France,TPRIBASI,Public and primary voluntary health insurance,2023,99.9,
FRA,France,TPRIBASI,Public and primary voluntary health insurance,2024,99.9,
FRA,France,TPRIBASI,Public and primary voluntary health insurance,2025,99.9,
DEU,Germany,TPRIBASI,Public and primary voluntary health insurance,2010,99.8,
DEU,Germany,TPRIBASI,Public and primary voluntary health insurance,2011,99.8,
DEU,Germany,TPRIBASI,Public and primary voluntary health insurance,2013,99.9,
DEU,Germany,TPRIBASI,Public and primary voluntary health insurance,2014,99.9,
DEU,Germany,TPRIBASI,Public and primary voluntary health insurance,2015,99.9,
DEU,Germany,TPRIBASI,Public and primary voluntary health insurance,2016,99.9,
DEU,Germany,TPRIBASI,Public and primary voluntary health insurance,2017,99.9,
DEU,Germany,TPRIBASI,Public and primary voluntary health insurance,2018,99.9,
DEU,Germany,TPRIBASI,Public and primary voluntary health insurance,2019,99.9,
DEU,Germany,TPRIBASI,Public and primary voluntary health insurance,2020,99.9,
DEU,Germany,TPRIBASI,Public and primary voluntary health insurance,2021,99.9,
DEU,Germany,TPRIBASI,Public and primary voluntary health insurance,2022,99.9,
DEU,Germany,TPRIBASI,Public and primary voluntary health insurance,2023,99.9,
DEU,Germany,TPRIBASI,Public and primary voluntary health insurance,2024,99.9,
HUN,Hungary,TPRIBASI,Public and primary voluntary health insurance,2010,97,
HUN,Hungary,TPRIBASI,Public and primary voluntary health insurance,2011,97,
HUN,Hungary,TPRIBASI,Public and primary voluntary health insurance,2012,96,
HUN,Hungary,TPRIBASI,Public and primary voluntary health insurance,2013,96,
HUN,Hungary,TPRIBASI,Public and primary voluntary health insurance,2014,96,
HUN,Hungary,TPRIBASI,Public and primary voluntary health insurance,2015,95,
HUN,Hungary,TPRIBASI,Public and primary voluntary health insurance,2016,95,
HUN,Hungary,TPRIBASI,Public and primary voluntary health insurance,2017,95,
HUN,Hungary,TPRIBASI,Public and primary voluntary health insurance,2018,95,
HUN,Hungary,TPRIBASI,Public and primary voluntary health insurance,2019,95,
HUN,Hungary,TPRIBASI,Public and primary voluntary health insurance,2020,95,
HUN,Hungary,TPRIBASI,Public and primary voluntary health insurance,2021,96,
HUN,Hungary,TPRIBASI,Public and primary voluntary health insurance,2022,96,
HUN,Hungary,TPRIBASI,Public and primary voluntary health insurance,2023,96,
HUN,Hungary,TPRIBASI,Public and primary voluntary health insurance,2024,95.8,
ISL,Iceland,TPRIBASI,Public and primary voluntary health insurance,2022,99.7,
ISL,Iceland,TPRIBASI,Public and primary voluntary health insurance,2023,99.3,
ISL,Iceland,TPRIBASI,Public and primary voluntary health insurance,2024,99.4,
ISL,Iceland,TPRIBASI,Public and primary voluntary health insurance,2025,99.5,
LTU,Lithuania,TPRIBASI,Public and primary voluntary health insurance,2010,90.9,
LTU,Lithuania,TPRIBASI,Public and primary voluntary health insurance,2011,91.4,
LTU,Lithuania,TPRIBASI,Public and primary voluntary health insurance,2012,91.9,
LTU,Lithuania,TPRIBASI,Public and primary voluntary health insurance,2013,91.8,
LTU,Lithuania,TPRIBASI,Public and primary voluntary health insurance,2014,92,
LTU,Lithuania,TPRIBASI,Public and primary voluntary health insurance,2015,92.4,
LTU,Lithuania,TPRIBASI,Public and primary voluntary health insurance,2016,92.5,
LTU,Lithuania,TPRIBASI,Public and primary voluntary health insurance,2017,93.9,
LTU,Lithuania,TPRIBASI,Public and primary voluntary health insurance,2019,98.7,
LTU,Lithuania,TPRIBASI,Public and primary voluntary health insurance,2020,99.1,
LTU,Lithuania,TPRIBASI,Public and primary voluntary health insurance,2021,98.8,
LTU,Lithuania,TPRIBASI,Public and primary voluntary health insurance,2022,98.9,
LTU,Lithuania,TPRIBASI,Public and primary voluntary health insurance,2023,99.1,
LTU,Lithuania,TPRIBASI,Public and primary voluntary health insurance,2025,98.9,
POL,Poland,TPRIBASI,Public and primary voluntary health insurance,2010,97.5,
POL,Poland,TPRIBASI,Public and primary voluntary health insurance,2011,96.6,
POL,Poland,TPRIBASI,Public and primary voluntary health insurance,2012,91,
POL,Poland,TPRIBASI,Public and primary voluntary health insurance,2013,91.6,
POL,Poland,TPRIBASI,Public and primary voluntary health insurance,2014,91.3,
POL,Poland,TPRIBASI,Public and primary voluntary health insurance,2015,91,
POL,Poland,TPRIBASI,Public and primary voluntary health insurance,2016,91.5,
POL,Poland,TPRIBASI,Public and primary voluntary health insurance,2017,92.6,
POL,Poland,TPRIBASI,Public and primary voluntary health insurance,2018,92.9,
POL,Poland,TPRIBASI,Public and primary voluntary health insurance,2019,93.4,
POL,Poland,TPRIBASI,Public and primary voluntary health insurance,2020,93.3,
POL,Poland,TPRIBASI,Public and primary voluntary health insurance,2021,94,
POL,Poland,TPRIBASI,Public and primary voluntary health insurance,2022,96.7,
POL,Poland,TPRIBASI,Public and primary voluntary health insurance,2023,96.9,
POL,Poland,TPRIBASI,Public and primary voluntary health insurance,2024,91.2,
POL,Poland,TPRIBASI,Public and primary voluntary health insurance,2025,92.1,
SVK,Slovak Republic,TPRIBASI,Public and primary voluntary health insurance,2010,94.8,
SVK,Slovak Republic,TPRIBASI,Public and primary voluntary health insurance,2011,95.2,
SVK,Slovak Republic,TPRIBASI,Public and primary voluntary health insurance,2012,95,
SVK,Slovak Republic,TPRIBASI,Public and primary voluntary health insurance,2013,94.6,
SVK,Slovak Republic,TPRIBASI,Public and primary voluntary health insurance,2014,94.2,
SVK,Slovak Republic,TPRIBASI,Public and primary voluntary health insurance,2015,93.8,
SVK,Slovak Republic,TPRIBASI,Public and primary voluntary health insurance,2016,94.5,
SVK,Slovak Republic,TPRIBASI,Public and primary voluntary health insurance,2017,94.6,
SVK,Slovak Republic,TPRIBASI,Public and primary voluntary health insurance,2018,94.5,
SVK,Slovak Republic,TPRIBASI,Public and primary voluntary health insurance,2019,94.6,
SVK,Slovak Republic,TPRIBASI,Public and primary voluntary health insurance,2020,94.6,
SVK,Slovak Republic,TPRIBASI,Public and primary voluntary health insurance,2021,95,
SVK,Slovak Republic,TPRIBASI,Public and primary voluntary health insurance,2022,95.3,
SVK,Slovak Republic,TPRIBASI,Public and primary voluntary health insurance,2023,95.5,
SVK,Slovak Republic,TPRIBASI,Public and primary voluntary health insurance,2024,95.5,
SVN,Slovenia,TPRIBASI,Public and primary voluntary health insurance,2020,99.5,
SVN,Slovenia,TPRIBASI,Public and primary voluntary health insurance,2021,99.7,
SVN,Slovenia,TPRIBASI,Public and primary voluntary health insurance,2023,99.8,
SVN,Slovenia,TPRIBASI,Public and primary voluntary health insurance,2024,99.6,
ESP,Spain,TPRIBASI,Public and primary voluntary health insurance,2011,99.9,
ESP,Spain,TPRIBASI,Public and primary voluntary health insurance,2014,99.8,
ESP,Spain,TPRIBASI,Public and primary voluntary health insurance,2017,99.9,
ESP,Spain,TPRIBASI,Public and primary voluntary health insurance,2020,100.7,
ESP,Spain,TPRIBASI,Public and primary voluntary health insurance,2023,101.3,
TUR,Türkiye,TPRIBASI,Public and primary voluntary health insurance,2010,96.2,
TUR,Türkiye,TPRIBASI,Public and primary voluntary health insurance,2011,97.6,
TUR,Türkiye,TPRIBASI,Public and primary voluntary health insurance,2012,98.2,
TUR,Türkiye,TPRIBASI,Public and primary voluntary health insurance,2013,98,
TUR,Türkiye,TPRIBASI,Public and primary voluntary health insurance,2014,98.4,
TUR,Türkiye,TPRIBASI,Public and primary voluntary health insurance,2015,98.4,
TUR,Türkiye,TPRIBASI,Public and primary voluntary health insurance,2016,98.2,
TUR,Türkiye,TPRIBASI,Public and primary voluntary health insurance,2017,99.2,
TUR,Türkiye,TPRIBASI,Public and primary voluntary health insurance,2018,98.5,
TUR,Türkiye,TPRIBASI,Public and primary voluntary health insurance,2019,98.8,
TUR,Türkiye,TPRIBASI,Public and primary voluntary health insurance,2020,98.5,
TUR,Türkiye,TPRIBASI,Public and primary voluntary health insurance,2021,98.8,
TUR,Türkiye,TPRIBASI,Public and primary voluntary health insurance,2022,99.2,
TUR,Türkiye,TPRIBASI,Public and primary voluntary health insurance,2023,99.3,
TUR,Türkiye,TPRIBASI,Public and primary voluntary health insurance,2024,99.1,
USA,United States,TPRIBASI,Public and primary voluntary health insurance,2010,84,
USA,United States,TPRIBASI,Public and primary voluntary health insurance,2011,84.9,
USA,United States,TPRIBASI,Public and primary voluntary health insurance,2012,85.3,
USA,United States,TPRIBASI,Public and primary voluntary health insurance,2013,85.5,
USA,United States,TPRIBASI,Public and primary voluntary health insurance,2014,88.5,
USA,United States,TPRIBASI,Public and primary voluntary health insurance,2015,90.9,
USA,United States,TPRIBASI,Public and primary voluntary health insurance,2016,91.2,
USA,United States,TPRIBASI,Public and primary voluntary health insurance,2017,90.8,
USA,United States,TPRIBASI,Public and primary voluntary health insurance,2018,90.6,
USA,United States,TPRIBASI,Public and primary voluntary health insurance,2019,89.7,
USA,United States,TPRIBASI,Public and primary voluntary health insurance,2020,90.3,
USA,United States,TPRIBASI,Public and primary voluntary health insurance,2021,90.8,
USA,United States,TPRIBASI,Public and primary voluntary health insurance,2022,91.6,
USA,United States,TPRIBASI,Public and primary voluntary health insurance,2023,92.4,
USA,United States,TPRIBASI,Public and primary voluntary health insurance,2024,91.8,
ARG,Argentina,TPRIBASI,Public and primary voluntary health insurance,2010,89.4,
ARG,Argentina,TPRIBASI,Public and primary voluntary health insurance,2021,91.6,
BGR,Bulgaria,TPRIBASI,Public and primary voluntary health insurance,2015,88.6,
BGR,Bulgaria,TPRIBASI,Public and primary voluntary health insurance,2016,87.8,
BGR,Bulgaria,TPRIBASI,Public and primary voluntary health insurance,2017,88,
BGR,Bulgaria,TPRIBASI,Public and primary voluntary health insurance,2018,88.2,
BGR,Bulgaria,TPRIBASI,Public and primary voluntary health insurance,2019,88.6,
BGR,Bulgaria,TPRIBASI,Public and primary voluntary health insurance,2020,88,
BGR,Bulgaria,TPRIBASI,Public and primary voluntary health insurance,2021,88.2,
BGR,Bulgaria,TPRIBASI,Public and primary voluntary health insurance,2022,93.5,
BGR,Bulgaria,TPRIBASI,Public and primary voluntary health insurance,2023,93.9,
BGR,Bulgaria,TPRIBASI,Public and primary voluntary health insurance,2024,94.3,
BGR,Bulgaria,TPRIBASI,Public and primary voluntary health insurance,2025,94.8,
IDN,Indonesia,TPRIBASI,Public and primary voluntary health insurance,2018,78.5,
IDN,Indonesia,TPRIBASI,Public and primary voluntary health insurance,2019,83.6,
IDN,Indonesia,TPRIBASI,Public and primary voluntary health insurance,2020,82.6,
IDN,Indonesia,TPRIBASI,Public and primary voluntary health insurance,2021,80.9,
IDN,Indonesia,TPRIBASI,Public and primary voluntary health insurance,2022,90.5,
IDN,Indonesia,TPRIBASI,Public and primary voluntary health insurance,2023,95.9,
IDN,Indonesia,TPRIBASI,Public and primary voluntary health insurance,2024,98.8,
IDN,Indonesia,TPRIBASI,Public and primary voluntary health insurance,2025,98.1,
PER,Peru,TPRIBASI,Public and primary voluntary health insurance,2018,92.1,
PER,Peru,TPRIBASI,Public and primary voluntary health insurance,2019,97.6,
ROU,Romania,TPRIBASI,Public and primary voluntary health insurance,2012,91.2,
ROU,Romania,TPRIBASI,Public and primary voluntary health insurance,2013,90.5,
ROU,Romania,TPRIBASI,Public and primary voluntary health insurance,2014,86.2,
ROU,Romania,TPRIBASI,Public and primary voluntary health insurance,2015,86.7,
ROU,Romania,TPRIBASI,Public and primary voluntary health insurance,2016,86.9,
ROU,Romania,TPRIBASI,Public and primary voluntary health insurance,2017,85.3,
ROU,Romania,TPRIBASI,Public and primary voluntary health insurance,2018,85.8,
ROU,Romania,TPRIBASI,Public and primary voluntary health insurance,2019,85.5,
ROU,Romania,TPRIBASI,Public and primary voluntary health insurance,2020,85.4,
ROU,Romania,TPRIBASI,Public and primary voluntary health insurance,2021,85.5,
ROU,Romania,TPRIBASI,Public and primary voluntary health insurance,2022,88.5,
ROU,Romania,TPRIBASI,Public and primary voluntary health insurance,2023,89,
RUS,Russia,TPRIBASI,Public and primary voluntary health insurance,2010,98.9,
RUS,Russia,TPRIBASI,Public and primary voluntary health insurance,2012,99.8,
RUS,Russia,TPRIBASI,Public and primary voluntary health insurance,2013,99.2,
RUS,Russia,TPRIBASI,Public and primary voluntary health insurance,2017,99.7,
RUS,Russia,TPRIBASI,Public and primary voluntary health insurance,2018,99.6,
RUS,Russia,TPRIBASI,Public and primary voluntary health insurance,2019,99.1,
RUS,Russia,TPRIBASI,Public and primary voluntary health insurance,2020,99.2,
AUS,Australia,PHINTPHI,Total voluntary health insurance,2010,52.5,
AUS,Australia,PHINTPHI,Total voluntary health insurance,2011,53.3,
AUS,Australia,PHINTPHI,Total voluntary health insurance,2012,54.2,
AUS,Australia,PHINTPHI,Total voluntary health insurance,2013,54.8,
AUS,Australia,PHINTPHI,Total voluntary health insurance,2014,55.4,
AUS,Australia,PHINTPHI,Total voluntary health insurance,2015,55.8,
AUS,Australia,PHINTPHI,Total voluntary health insurance,2016,55.5,
AUS,Australia,PHINTPHI,Total voluntary health insurance,2017,54.9,
AUS,Australia,PHINTPHI,Total voluntary health insurance,2018,54.3,
AUS,Australia,PHINTPHI,Total voluntary health insurance,2019,53.7,
AUS,Australia,PHINTPHI,Total voluntary health insurance,2020,53.1,
AUS,Australia,PHINTPHI,Total voluntary health insurance,2021,54.4,
AUS,Australia,PHINTPHI,Total voluntary health insurance,2022,54.9,
AUS,Australia,PHINTPHI,Total voluntary health insurance,2023,54.7,
AUS,Australia,PHINTPHI,Total voluntary health insurance,2024,54.8,
AUS,Australia,PHINTPHI,Total voluntary health insurance,2025,55.1,
AUT,Austria,PHINTPHI,Total voluntary health insurance,2010,33.9,
AUT,Austria,PHINTPHI,Total voluntary health insurance,2011,34.2,
AUT,Austria,PHINTPHI,Total voluntary health insurance,2012,34.5,
AUT,Austria,PHINTPHI,Total voluntary health insurance,2013,35.2,
AUT,Austria,PHINTPHI,Total voluntary health insurance,2014,35.7,
AUT,Austria,PHINTPHI,Total voluntary health insurance,2015,36.2,
AUT,Austria,PHINTPHI,Total voluntary health insurance,2016,36.5,
AUT,Austria,PHINTPHI,Total voluntary health insurance,2017,36.9,
AUT,Austria,PHINTPHI,Total voluntary health insurance,2018,37.2,
AUT,Austria,PHINTPHI,Total voluntary health insurance,2019,37.8,
AUT,Austria,PHINTPHI,Total voluntary health insurance,2020,37.9,
AUT,Austria,PHINTPHI,Total voluntary health insurance,2021,38.2,
AUT,Austria,PHINTPHI,Total voluntary health insurance,2022,38.1,
AUT,Austria,PHINTPHI,Total voluntary health insurance,2023,38.4,
AUT,Austria,PHINTPHI,Total voluntary health insurance,2024,38.9,
CAN,Canada,PHINTPHI,Total voluntary health insurance,2010,68,
CAN,Canada,PHINTPHI,Total voluntary health insurance,2011,68,
CAN,Canada,PHINTPHI,Total voluntary health insurance,2012,67,
CAN,Canada,PHINTPHI,Total voluntary health insurance,2013,67,
CAN,Canada,PHINTPHI,Total voluntary health insurance,2014,67,
CAN,Canada,PHINTPHI,Total voluntary health insurance,2015,67,
CAN,Canada,PHINTPHI,Total voluntary health insurance,2016,67,
CAN,Canada,PHINTPHI,Total voluntary health insurance,2017,68,
CAN,Canada,PHINTPHI,Total voluntary health insurance,2018,68,
CAN,Canada,PHINTPHI,Total voluntary health insurance,2019,69,
CAN,Canada,PHINTPHI,Total voluntary health insurance,2020,69,
CAN,Canada,PHINTPHI,Total voluntary health insurance,2021,69,
CAN,Canada,PHINTPHI,Total voluntary health insurance,2022,69,
CAN,Canada,PHINTPHI,Total voluntary health insurance,2023,67,
CAN,Canada,PHINTPHI,Total voluntary health insurance,2024,67,
COL,Colombia,PHINTPHI,Total voluntary health insurance,2022,3.2,
COL,Colombia,PHINTPHI,Total voluntary health insurance,2023,3.7,
COL,Colombia,PHINTPHI,Total voluntary health insurance,2024,3.8,
COL,Colombia,PHINTPHI,Total voluntary health insurance,2025,5.5,
EST,Estonia,PHINTPHI,Total voluntary health insurance,2019,0.5,
EST,Estonia,PHINTPHI,Total voluntary health insurance,2020,1,
EST,Estonia,PHINTPHI,Total voluntary health insurance,2021,2.3,
EST,Estonia,PHINTPHI,Total voluntary health insurance,2022,3.6,
EST,Estonia,PHINTPHI,Total voluntary health insurance,2023,4.1,
EST,Estonia,PHINTPHI,Total voluntary health insurance,2024,4.4,
EST,Estonia,PHINTPHI,Total voluntary health insurance,2025,4.8,
FIN,Finland,PHINTPHI,Total voluntary health insurance,2010,16.1,
FIN,Finland,PHINTPHI,Total voluntary health insurance,2011,16.4,
FIN,Finland,PHINTPHI,Total voluntary health insurance,2012,17.1,
FIN,Finland,PHINTPHI,Total voluntary health insurance,2013,17.8,
FIN,Finland,PHINTPHI,Total voluntary health insurance,2014,18.3,
FIN,Finland,PHINTPHI,Total voluntary health insurance,2015,20.2,
FIN,Finland,PHINTPHI,Total voluntary health insurance,2016,21,
FIN,Finland,PHINTPHI,Total voluntary health insurance,2017,21,
FIN,Finland,PHINTPHI,Total voluntary health insurance,2018,21.9,
FIN,Finland,PHINTPHI,Total voluntary health insurance,2019,22.4,
FIN,Finland,PHINTPHI,Total voluntary health insurance,2020,22.8,
FIN,Finland,PHINTPHI,Total voluntary health insurance,2021,23.1,
FIN,Finland,PHINTPHI,Total voluntary health insurance,2022,23.2,
FIN,Finland,PHINTPHI,Total voluntary health insurance,2023,23.5,
FIN,Finland,PHINTPHI,Total voluntary health insurance,2024,23.4,
FRA,France,PHINTPHI,Total voluntary health insurance,2010,95.8,
FRA,France,PHINTPHI,Total voluntary health insurance,2012,95,
FRA,France,PHINTPHI,Total voluntary health insurance,2014,95.5,
HUN,Hungary,PHINTPHI,Total voluntary health insurance,2024,4.7,
ISL,Iceland,PHINTPHI,Total voluntary health insurance,2010,0.2,
ISL,Iceland,PHINTPHI,Total voluntary health insurance,2011,0.2,
ISL,Iceland,PHINTPHI,Total voluntary health insurance,2012,0.2,
ISL,Iceland,PHINTPHI,Total voluntary health insurance,2013,0.2,
ISL,Iceland,PHINTPHI,Total voluntary health insurance,2014,0.2,
ISL,Iceland,PHINTPHI,Total voluntary health insurance,2015,0.3,
ISL,Iceland,PHINTPHI,Total voluntary health insurance,2016,0.4,
ISL,Iceland,PHINTPHI,Total voluntary health insurance,2017,0.5,
ISL,Iceland,PHINTPHI,Total voluntary health insurance,2018,0.4,
ISL,Iceland,PHINTPHI,Total voluntary health insurance,2019,0.4,
ISL,Iceland,PHINTPHI,Total voluntary health insurance,2020,0.4,
ISL,Iceland,PHINTPHI,Total voluntary health insurance,2021,0.4,
IRL,Ireland,PHINTPHI,Total voluntary health insurance,2010,49.8,
IRL,Ireland,PHINTPHI,Total voluntary health insurance,2011,47.3,
IRL,Ireland,PHINTPHI,Total voluntary health insurance,2012,45.7,
IRL,Ireland,PHINTPHI,Total voluntary health insurance,2013,44.4,
IRL,Ireland,PHINTPHI,Total voluntary health insurance,2014,43.6,
IRL,Ireland,PHINTPHI,Total voluntary health insurance,2015,45.3,
IRL,Ireland,PHINTPHI,Total voluntary health insurance,2016,45.4,
IRL,Ireland,PHINTPHI,Total voluntary health insurance,2017,45.4,
IRL,Ireland,PHINTPHI,Total voluntary health insurance,2018,45.7,
IRL,Ireland,PHINTPHI,Total voluntary health insurance,2019,46.3,
IRL,Ireland,PHINTPHI,Total voluntary health insurance,2020,46.2,
IRL,Ireland,PHINTPHI,Total voluntary health insurance,2021,47,
IRL,Ireland,PHINTPHI,Total voluntary health insurance,2022,47.6,
IRL,Ireland,PHINTPHI,Total voluntary health insurance,2023,47,
IRL,Ireland,PHINTPHI,Total voluntary health insurance,2024,46.6,
IRL,Ireland,PHINTPHI,Total voluntary health insurance,2025,46,
ISR,Israel,PHINTPHI,Total voluntary health insurance,2010,80.6,
ISR,Israel,PHINTPHI,Total voluntary health insurance,2011,80,
ISR,Israel,PHINTPHI,Total voluntary health insurance,2012,80.3,
ISR,Israel,PHINTPHI,Total voluntary health insurance,2013,82.9,
ISR,Israel,PHINTPHI,Total voluntary health insurance,2014,83.9,
ISR,Israel,PHINTPHI,Total voluntary health insurance,2015,83.4,
ISR,Israel,PHINTPHI,Total voluntary health insurance,2016,83.1,
ISR,Israel,PHINTPHI,Total voluntary health insurance,2017,83.2,
ISR,Israel,PHINTPHI,Total voluntary health insurance,2018,84.1,
ISR,Israel,PHINTPHI,Total voluntary health insurance,2020,84.3,
ISR,Israel,PHINTPHI,Total voluntary health insurance,2021,86.2,
ISR,Israel,PHINTPHI,Total voluntary health insurance,2022,88,
ISR,Israel,PHINTPHI,Total voluntary health insurance,2023,87.6,
KOR,Korea,PHINTPHI,Total voluntary health insurance,2010,48,
KOR,Korea,PHINTPHI,Total voluntary health insurance,2011,51.1,
KOR,Korea,PHINTPHI,Total voluntary health insurance,2012,56.5,
KOR,Korea,PHINTPHI,Total voluntary health insurance,2013,61,
KOR,Korea,PHINTPHI,Total voluntary health insurance,2014,63.2,
KOR,Korea,PHINTPHI,Total voluntary health insurance,2015,66.8,
KOR,Korea,PHINTPHI,Total voluntary health insurance,2016,67.8,
KOR,Korea,PHINTPHI,Total voluntary health insurance,2017,67.7,
KOR,Korea,PHINTPHI,Total voluntary health insurance,2018,70,
KOR,Korea,PHINTPHI,Total voluntary health insurance,2019,70.8,
KOR,Korea,PHINTPHI,Total voluntary health insurance,2020,72.2,
KOR,Korea,PHINTPHI,Total voluntary health insurance,2021,72.2,
KOR,Korea,PHINTPHI,Total voluntary health insurance,2022,72.6,
KOR,Korea,PHINTPHI,Total voluntary health insurance,2023,72.6,
KOR,Korea,PHINTPHI,Total voluntary health insurance,2024,73,
LVA,Latvia,PHINTPHI,Total voluntary health insurance,2010,8.9,
LVA,Latvia,PHINTPHI,Total voluntary health insurance,2011,9.1,
LVA,Latvia,PHINTPHI,Total voluntary health insurance,2012,8.1,
LVA,Latvia,PHINTPHI,Total voluntary health insurance,2013,12.7,
LVA,Latvia,PHINTPHI,Total voluntary health insurance,2014,13.9,
LVA,Latvia,PHINTPHI,Total voluntary health insurance,2015,14.2,
LVA,Latvia,PHINTPHI,Total voluntary health insurance,2016,14.6,
LVA,Latvia,PHINTPHI,Total voluntary health insurance,2017,16,
LVA,Latvia,PHINTPHI,Total voluntary health insurance,2018,18.2,
LVA,Latvia,PHINTPHI,Total voluntary health insurance,2019,18.9,
LVA,Latvia,PHINTPHI,Total voluntary health insurance,2020,20.3,
LVA,Latvia,PHINTPHI,Total voluntary health insurance,2021,22,
LVA,Latvia,PHINTPHI,Total voluntary health insurance,2022,23.8,
LVA,Latvia,PHINTPHI,Total voluntary health insurance,2023,24.7,
LVA,Latvia,PHINTPHI,Total voluntary health insurance,2024,25.7,
LTU,Lithuania,PHINTPHI,Total voluntary health insurance,2015,1.5,
LTU,Lithuania,PHINTPHI,Total voluntary health insurance,2016,1.5,
LTU,Lithuania,PHINTPHI,Total voluntary health insurance,2017,1.3,
LTU,Lithuania,PHINTPHI,Total voluntary health insurance,2018,1.8,
LTU,Lithuania,PHINTPHI,Total voluntary health insurance,2019,2.7,
LTU,Lithuania,PHINTPHI,Total voluntary health insurance,2020,3.7,
LTU,Lithuania,PHINTPHI,Total voluntary health insurance,2021,4.8,
LTU,Lithuania,PHINTPHI,Total voluntary health insurance,2022,5,
LTU,Lithuania,PHINTPHI,Total voluntary health insurance,2023,6.6,
LTU,Lithuania,PHINTPHI,Total voluntary health insurance,2024,7.9,
MEX,Mexico,PHINTPHI,Total voluntary health insurance,2010,6.1,
MEX,Mexico,PHINTPHI,Total voluntary health insurance,2011,7.1,
MEX,Mexico,PHINTPHI,Total voluntary health insurance,2012,7.4,
MEX,Mexico,PHINTPHI,Total voluntary health insurance,2013,7.4,
MEX,Mexico,PHINTPHI,Total voluntary health insurance,2014,8,
MEX,Mexico,PHINTPHI,Total voluntary health insurance,2015,8.1,
MEX,Mexico,PHINTPHI,Total voluntary health insurance,2016,9,
MEX,Mexico,PHINTPHI,Total voluntary health insurance,2017,9.6,
MEX,Mexico,PHINTPHI,Total voluntary health insurance,2018,9.8,
MEX,Mexico,PHINTPHI,Total voluntary health insurance,2019,9.9,
MEX,Mexico,PHINTPHI,Total voluntary health insurance,2020,10.4,
MEX,Mexico,PHINTPHI,Total voluntary health insurance,2021,11,
MEX,Mexico,PHINTPHI,Total voluntary health insurance,2022,12.2,
MEX,Mexico,PHINTPHI,Total voluntary health insurance,2023,14.5,
MEX,Mexico,PHINTPHI,Total voluntary health insurance,2024,16.1,
NZL,New Zealand,PHINTPHI,Total voluntary health insurance,2010,31.6,
NZL,New Zealand,PHINTPHI,Total voluntary health insurance,2011,30.9,
NZL,New Zealand,PHINTPHI,Total voluntary health insurance,2012,30.5,
NZL,New Zealand,PHINTPHI,Total voluntary health insurance,2013,29.8,
NZL,New Zealand,PHINTPHI,Total voluntary health insurance,2014,29.3,
NZL,New Zealand,PHINTPHI,Total voluntary health insurance,2015,28.8,
NZL,New Zealand,PHINTPHI,Total voluntary health insurance,2016,28.7,
NZL,New Zealand,PHINTPHI,Total voluntary health insurance,2017,28.6,
NZL,New Zealand,PHINTPHI,Total voluntary health insurance,2018,28.8,
NZL,New Zealand,PHINTPHI,Total voluntary health insurance,2019,28,
NZL,New Zealand,PHINTPHI,Total voluntary health insurance,2020,27.8,
PRT,Portugal,PHINTPHI,Total voluntary health insurance,2010,19.8,
PRT,Portugal,PHINTPHI,Total voluntary health insurance,2011,19.8,
PRT,Portugal,PHINTPHI,Total voluntary health insurance,2012,20.2,
PRT,Portugal,PHINTPHI,Total voluntary health insurance,2013,20.9,
PRT,Portugal,PHINTPHI,Total voluntary health insurance,2014,22.2,
PRT,Portugal,PHINTPHI,Total voluntary health insurance,2015,25.6,
PRT,Portugal,PHINTPHI,Total voluntary health insurance,2016,26,
PRT,Portugal,PHINTPHI,Total voluntary health insurance,2017,26.5,
PRT,Portugal,PHINTPHI,Total voluntary health insurance,2018,25.9,
PRT,Portugal,PHINTPHI,Total voluntary health insurance,2019,27.9,
PRT,Portugal,PHINTPHI,Total voluntary health insurance,2020,29.3,
PRT,Portugal,PHINTPHI,Total voluntary health insurance,2021,31.9,
PRT,Portugal,PHINTPHI,Total voluntary health insurance,2022,33.9,
PRT,Portugal,PHINTPHI,Total voluntary health insurance,2023,35.2,
PRT,Portugal,PHINTPHI,Total voluntary health insurance,2024,35.5,
SVN,Slovenia,PHINTPHI,Total voluntary health insurance,2010,73.2,
SVN,Slovenia,PHINTPHI,Total voluntary health insurance,2011,72.9,
SVN,Slovenia,PHINTPHI,Total voluntary health insurance,2012,72.8,
SVN,Slovenia,PHINTPHI,Total voluntary health insurance,2013,73.7,
SVN,Slovenia,PHINTPHI,Total voluntary health insurance,2014,77.2,
SVN,Slovenia,PHINTPHI,Total voluntary health insurance,2015,83.7,
SVN,Slovenia,PHINTPHI,Total voluntary health insurance,2016,81.9,
SVN,Slovenia,PHINTPHI,Total voluntary health insurance,2017,82.7,
SVN,Slovenia,PHINTPHI,Total voluntary health insurance,2018,84.9,
SVN,Slovenia,PHINTPHI,Total voluntary health insurance,2019,85.5,
SVN,Slovenia,PHINTPHI,Total voluntary health insurance,2020,85.9,
SVN,Slovenia,PHINTPHI,Total voluntary health insurance,2021,87.9,
SVN,Slovenia,PHINTPHI,Total voluntary health insurance,2022,91.7,
SVN,Slovenia,PHINTPHI,Total voluntary health insurance,2023,93.9,
SVN,Slovenia,PHINTPHI,Total voluntary health insurance,2025,26.4,
ESP,Spain,PHINTPHI,Total voluntary health insurance,2011,13.3,
ESP,Spain,PHINTPHI,Total voluntary health insurance,2014,15.6,
ESP,Spain,PHINTPHI,Total voluntary health insurance,2017,16.3,
ESP,Spain,PHINTPHI,Total voluntary health insurance,2020,15.3,
ESP,Spain,PHINTPHI,Total voluntary health insurance,2023,17.6,
CHE,Switzerland,PHINTPHI,Total voluntary health insurance,2012,27.9,
CHE,Switzerland,PHINTPHI,Total voluntary health insurance,2017,28.5,
CHE,Switzerland,PHINTPHI,Total voluntary health insurance,2022,28.1,
TUR,Türkiye,PHINTPHI,Total voluntary health insurance,2010,2.8,
TUR,Türkiye,PHINTPHI,Total voluntary health insurance,2011,4.6,
TUR,Türkiye,PHINTPHI,Total voluntary health insurance,2012,5.5,
TUR,Türkiye,PHINTPHI,Total voluntary health insurance,2013,5.6,
TUR,Türkiye,PHINTPHI,Total voluntary health insurance,2014,5.8,
TUR,Türkiye,PHINTPHI,Total voluntary health insurance,2015,5.4,
TUR,Türkiye,PHINTPHI,Total voluntary health insurance,2016,7.6,
TUR,Türkiye,PHINTPHI,Total voluntary health insurance,2017,6.7,
TUR,Türkiye,PHINTPHI,Total voluntary health insurance,2018,8.3,
TUR,Türkiye,PHINTPHI,Total voluntary health insurance,2019,9,
TUR,Türkiye,PHINTPHI,Total voluntary health insurance,2020,7.6,
TUR,Türkiye,PHINTPHI,Total voluntary health insurance,2021,9.5,
TUR,Türkiye,PHINTPHI,Total voluntary health insurance,2022,12.1,
TUR,Türkiye,PHINTPHI,Total voluntary health insurance,2023,13.9,
TUR,Türkiye,PHINTPHI,Total voluntary health insurance,2024,16.9,
GBR,United Kingdom,PHINTPHI,Total voluntary health insurance,2010,11.2,
GBR,United Kingdom,PHINTPHI,Total voluntary health insurance,2011,10.9,
GBR,United Kingdom,PHINTPHI,Total voluntary health insurance,2012,10.8,
GBR,United Kingdom,PHINTPHI,Total voluntary health insurance,2013,10.6,
GBR,United Kingdom,PHINTPHI,Total voluntary health insurance,2014,10.4,
GBR,United Kingdom,PHINTPHI,Total voluntary health insurance,2015,10.5,
GBR,United Kingdom,PHINTPHI,Total voluntary health insurance,2016,10.4,
GBR,United Kingdom,PHINTPHI,Total voluntary health insurance,2017,10.3,
GBR,United Kingdom,PHINTPHI,Total voluntary health insurance,2018,10,
GBR,United Kingdom,PHINTPHI,Total voluntary health insurance,2019,10.2,
GBR,United Kingdom,PHINTPHI,Total voluntary health insurance,2020,10.2,
GBR,United Kingdom,PHINTPHI,Total voluntary health insurance,2021,10.6,
GBR,United Kingdom,PHINTPHI,Total voluntary health insurance,2022,11.2,
GBR,United Kingdom,PHINTPHI,Total voluntary health insurance,2023,12,
GBR,United Kingdom,PHINTPHI,Total voluntary health insurance,2024,12.2,
USA,United States,PHINTPHI,Total voluntary health insurance,2010,60.6,
USA,United States,PHINTPHI,Total voluntary health insurance,2011,60.6,
USA,United States,PHINTPHI,Total voluntary health insurance,2012,60.3,
USA,United States,PHINTPHI,Total voluntary health insurance,2013,60.1,
USA,United States,PHINTPHI,Total voluntary health insurance,2014,61.6,
USA,United States,PHINTPHI,Total voluntary health insurance,2015,62.9,
USA,United States,PHINTPHI,Total voluntary health insurance,2016,63,
USA,United States,PHINTPHI,Total voluntary health insurance,2017,62.9,
USA,United States,PHINTPHI,Total voluntary health insurance,2018,62.7,
USA,United States,PHINTPHI,Total voluntary health insurance,2019,62,
USA,United States,PHINTPHI,Total voluntary health insurance,2020,62,
USA,United States,PHINTPHI,Total voluntary health insurance,2021,62.4,
USA,United States,PHINTPHI,Total voluntary health insurance,2022,60.8,
USA,United States,PHINTPHI,Total voluntary health insurance,2023,61.3,
USA,United States,PHINTPHI,Total voluntary health insurance,2024,61.7,
ARG,Argentina,PHINTPHI,Total voluntary health insurance,2010,15.7,
ARG,Argentina,PHINTPHI,Total voluntary health insurance,2021,14.3,
BRA,Brazil,PHINTPHI,Total voluntary health insurance,2010,22.3,
BRA,Brazil,PHINTPHI,Total voluntary health insurance,2011,23.4,
BRA,Brazil,PHINTPHI,Total voluntary health insurance,2012,23.8,
BRA,Brazil,PHINTPHI,Total voluntary health insurance,2013,24.7,
BRA,Brazil,PHINTPHI,Total voluntary health insurance,2014,25.6,
BRA,Brazil,PHINTPHI,Total voluntary health insurance,2015,23.6,
BRA,Brazil,PHINTPHI,Total voluntary health insurance,2016,22.8,
BRA,Brazil,PHINTPHI,Total voluntary health insurance,2017,22.3,
BRA,Brazil,PHINTPHI,Total voluntary health insurance,2018,22.2,
BRA,Brazil,PHINTPHI,Total voluntary health insurance,2019,22.1,
BRA,Brazil,PHINTPHI,Total voluntary health insurance,2020,22.3,
BRA,Brazil,PHINTPHI,Total voluntary health insurance,2021,22.7,
BRA,Brazil,PHINTPHI,Total voluntary health insurance,2022,23.3,
BRA,Brazil,PHINTPHI,Total voluntary health insurance,2023,23.8,
BRA,Brazil,PHINTPHI,Total voluntary health insurance,2024,24.1,
BGR,Bulgaria,PHINTPHI,Total voluntary health insurance,2023,8.9,
BGR,Bulgaria,PHINTPHI,Total voluntary health insurance,2024,10.3,
BGR,Bulgaria,PHINTPHI,Total voluntary health insurance,2025,9.8,
PER,Peru,PHINTPHI,Total voluntary health insurance,2018,6.2,
PER,Peru,PHINTPHI,Total voluntary health insurance,2019,7.2,
PER,Peru,PHINTPHI,Total voluntary health insurance,2020,6.7,
PER,Peru,PHINTPHI,Total voluntary health insurance,2021,6.5,
PER,Peru,PHINTPHI,Total voluntary health insurance,2022,7.2,
PER,Peru,PHINTPHI,Total voluntary health insurance,2023,7.9,
PER,Peru,PHINTPHI,Total voluntary health insurance,2024,7.4,
PER,Peru,PHINTPHI,Total voluntary health insurance,2025,3.3,
RUS,Russia,PHINTPHI,Total voluntary health insurance,2011,11.5,
RUS,Russia,PHINTPHI,Total voluntary health insurance,2012,11.6,
RUS,Russia,PHINTPHI,Total voluntary health insurance,2013,11.5,
RUS,Russia,PHINTPHI,Total voluntary health insurance,2015,10.4,
RUS,Russia,PHINTPHI,Total voluntary health insurance,2017,7.6,
RUS,Russia,PHINTPHI,Total voluntary health insurance,2018,8.4,
RUS,Russia,PHINTPHI,Total voluntary health insurance,2019,9.5,
RUS,Russia,PHINTPHI,Total voluntary health insurance,2020,6.7,
ZAF,South Africa,PHINTPHI,Total voluntary health insurance,2010,16.6,
ZAF,South Africa,PHINTPHI,Total voluntary health insurance,2011,16.5,
ZAF,South Africa,PHINTPHI,Total voluntary health insurance,2012,16.6,
ZAF,South Africa,PHINTPHI,Total voluntary health insurance,2013,16.6,
ZAF,South Africa,PHINTPHI,Total voluntary health insurance,2014,16.3,
ZAF,South Africa,PHINTPHI,Total voluntary health insurance,2015,15.8,
ZAF,South Africa,PHINTPHI,Total voluntary health insurance,2016,15.7,
ZAF,South Africa,PHINTPHI,Total voluntary health insurance,2017,15.1,
ZAF,South Africa,PHINTPHI,Total voluntary health insurance,2018,15.4,
ZAF,South Africa,PHINTPHI,Total voluntary health insurance,2019,15.1,
ZAF,South Africa,PHINTPHI,Total voluntary health insurance,2020,14.8,
ZAF,South Africa,PHINTPHI,Total voluntary health insurance,2021,14.9,
THA,Thailand,PHINTPHI,Total voluntary health insurance,2019,7.3,
THA,Thailand,PHINTPHI,Total voluntary health insurance,2021,6.3,
THA,Thailand,PHINTPHI,Total voluntary health insurance,2023,6.4,
AUT,Austria,COVGCMED,Government/compulsory health insurance,2010,99.3,
AUT,Austria,COVGCMED,Government/compulsory health insurance,2011,99.9,
AUT,Austria,COVGCMED,Government/compulsory health insurance,2012,99.9,
AUT,Austria,COVGCMED,Government/compulsory health insurance,2013,99.9,
AUT,Austria,COVGCMED,Government/compulsory health insurance,2014,99.9,
AUT,Austria,COVGCMED,Government/compulsory health insurance,2015,99.9,
AUT,Austria,COVGCMED,Government/compulsory health insurance,2016,99.9,
AUT,Austria,COVGCMED,Government/compulsory health insurance,2017,99.9,
AUT,Austria,COVGCMED,Government/compulsory health insurance,2018,99.9,
AUT,Austria,COVGCMED,Government/compulsory health insurance,2019,99.9,
AUT,Austria,COVGCMED,Government/compulsory health insurance,2020,99.9,
AUT,Austria,COVGCMED,Government/compulsory health insurance,2021,99.9,
AUT,Austria,COVGCMED,Government/compulsory health insurance,2022,99.9,
AUT,Austria,COVGCMED,Government/compulsory health insurance,2023,99.9,
AUT,Austria,COVGCMED,Government/compulsory health insurance,2024,99.9,
BEL,Belgium,COVGCMED,Government/compulsory health insurance,2010,99,
BEL,Belgium,COVGCMED,Government/compulsory health insurance,2011,99,
BEL,Belgium,COVGCMED,Government/compulsory health insurance,2012,99,
BEL,Belgium,COVGCMED,Government/compulsory health insurance,2013,99,
BEL,Belgium,COVGCMED,Government/compulsory health insurance,2014,99,
BEL,Belgium,COVGCMED,Government/compulsory health insurance,2015,99,
BEL,Belgium,COVGCMED,Government/compulsory health insurance,2016,99,
BEL,Belgium,COVGCMED,Government/compulsory health insurance,2017,98.7,
BEL,Belgium,COVGCMED,Government/compulsory health insurance,2018,98.7,
BEL,Belgium,COVGCMED,Government/compulsory health insurance,2019,98.6,
BEL,Belgium,COVGCMED,Government/compulsory health insurance,2020,98.6,
BEL,Belgium,COVGCMED,Government/compulsory health insurance,2021,98.6,
BEL,Belgium,COVGCMED,Government/compulsory health insurance,2022,98.5,
BEL,Belgium,COVGCMED,Government/compulsory health insurance,2023,98.4,
BEL,Belgium,COVGCMED,Government/compulsory health insurance,2024,98.9,
CHL,Chile,COVGCMED,Government/compulsory health insurance,2010,74.4,
CHL,Chile,COVGCMED,Government/compulsory health insurance,2011,76.5,
CHL,Chile,COVGCMED,Government/compulsory health insurance,2012,76.7,
CHL,Chile,COVGCMED,Government/compulsory health insurance,2013,76.4,
CHL,Chile,COVGCMED,Government/compulsory health insurance,2014,75.7,
CHL,Chile,COVGCMED,Government/compulsory health insurance,2015,73.8,
CHL,Chile,COVGCMED,Government/compulsory health insurance,2016,75.5,
CHL,Chile,COVGCMED,Government/compulsory health insurance,2017,75.5,
CHL,Chile,COVGCMED,Government/compulsory health insurance,2018,75.2,
CHL,Chile,COVGCMED,Government/compulsory health insurance,2019,77.7,
CHL,Chile,COVGCMED,Government/compulsory health insurance,2020,77.8,
CHL,Chile,COVGCMED,Government/compulsory health insurance,2021,77.4,
CHL,Chile,COVGCMED,Government/compulsory health insurance,2022,78.7,
CHL,Chile,COVGCMED,Government/compulsory health insurance,2023,81.3,
CHL,Chile,COVGCMED,Government/compulsory health insurance,2024,83.4,
CHL,Chile,COVGCMED,Government/compulsory health insurance,2025,85.5,
COL,Colombia,COVGCMED,Government/compulsory health insurance,2010,93.6,
COL,Colombia,COVGCMED,Government/compulsory health insurance,2011,96.4,
COL,Colombia,COVGCMED,Government/compulsory health insurance,2012,96.4,
COL,Colombia,COVGCMED,Government/compulsory health insurance,2013,96,
COL,Colombia,COVGCMED,Government/compulsory health insurance,2014,96.6,
COL,Colombia,COVGCMED,Government/compulsory health insurance,2015,97.6,
COL,Colombia,COVGCMED,Government/compulsory health insurance,2016,95.7,
COL,Colombia,COVGCMED,Government/compulsory health insurance,2017,94.9,
COL,Colombia,COVGCMED,Government/compulsory health insurance,2018,94.7,
COL,Colombia,COVGCMED,Government/compulsory health insurance,2019,95.2,
COL,Colombia,COVGCMED,Government/compulsory health insurance,2020,97.8,
COL,Colombia,COVGCMED,Government/compulsory health insurance,2021,99,
COL,Colombia,COVGCMED,Government/compulsory health insurance,2022,99.1,
COL,Colombia,COVGCMED,Government/compulsory health insurance,2023,98.9,
COL,Colombia,COVGCMED,Government/compulsory health insurance,2024,98.6,
COL,Colombia,COVGCMED,Government/compulsory health insurance,2025,98.4,
CRI,Costa Rica,COVGCMED,Government/compulsory health insurance,2010,91.9,
CRI,Costa Rica,COVGCMED,Government/compulsory health insurance,2011,93.7,
CRI,Costa Rica,COVGCMED,Government/compulsory health insurance,2012,91.2,
CRI,Costa Rica,COVGCMED,Government/compulsory health insurance,2013,91.2,
CRI,Costa Rica,COVGCMED,Government/compulsory health insurance,2014,91.3,
CRI,Costa Rica,COVGCMED,Government/compulsory health insurance,2015,90.5,
CRI,Costa Rica,COVGCMED,Government/compulsory health insurance,2016,90.5,
CRI,Costa Rica,COVGCMED,Government/compulsory health insurance,2017,90,
CRI,Costa Rica,COVGCMED,Government/compulsory health insurance,2018,91.6,
CRI,Costa Rica,COVGCMED,Government/compulsory health insurance,2019,91.1,
CRI,Costa Rica,COVGCMED,Government/compulsory health insurance,2020,91.8,
CRI,Costa Rica,COVGCMED,Government/compulsory health insurance,2021,90.9,
CRI,Costa Rica,COVGCMED,Government/compulsory health insurance,2022,92.2,
CRI,Costa Rica,COVGCMED,Government/compulsory health insurance,2023,93,
CRI,Costa Rica,COVGCMED,Government/compulsory health insurance,2024,92.9,
CRI,Costa Rica,COVGCMED,Government/compulsory health insurance,2025,93.9,
EST,Estonia,COVGCMED,Government/compulsory health insurance,2010,94.5,
EST,Estonia,COVGCMED,Government/compulsory health insurance,2011,94,
EST,Estonia,COVGCMED,Government/compulsory health insurance,2012,93.7,
EST,Estonia,COVGCMED,Government/compulsory health insurance,2013,93.6,
EST,Estonia,COVGCMED,Government/compulsory health insurance,2014,93.9,
EST,Estonia,COVGCMED,Government/compulsory health insurance,2015,94,
EST,Estonia,COVGCMED,Government/compulsory health insurance,2016,94,
EST,Estonia,COVGCMED,Government/compulsory health insurance,2017,94.1,
EST,Estonia,COVGCMED,Government/compulsory health insurance,2018,94.5,
EST,Estonia,COVGCMED,Government/compulsory health insurance,2019,95,
EST,Estonia,COVGCMED,Government/compulsory health insurance,2020,95.2,
EST,Estonia,COVGCMED,Government/compulsory health insurance,2021,95.9,
EST,Estonia,COVGCMED,Government/compulsory health insurance,2022,96.1,
EST,Estonia,COVGCMED,Government/compulsory health insurance,2023,94.8,
EST,Estonia,COVGCMED,Government/compulsory health insurance,2024,93.9,
EST,Estonia,COVGCMED,Government/compulsory health insurance,2025,93.6,
FRA,France,COVGCMED,Government/compulsory health insurance,2010,99.9,
FRA,France,COVGCMED,Government/compulsory health insurance,2011,99.9,
FRA,France,COVGCMED,Government/compulsory health insurance,2012,99.9,
FRA,France,COVGCMED,Government/compulsory health insurance,2013,99.9,
FRA,France,COVGCMED,Government/compulsory health insurance,2014,99.9,
FRA,France,COVGCMED,Government/compulsory health insurance,2015,99.9,
FRA,France,COVGCMED,Government/compulsory health insurance,2016,99.9,
FRA,France,COVGCMED,Government/compulsory health insurance,2017,99.9,
FRA,France,COVGCMED,Government/compulsory health insurance,2018,99.9,
FRA,France,COVGCMED,Government/compulsory health insurance,2019,99.9,
FRA,France,COVGCMED,Government/compulsory health insurance,2020,99.9,
FRA,France,COVGCMED,Government/compulsory health insurance,2021,99.9,
FRA,France,COVGCMED,Government/compulsory health insurance,2022,99.9,
FRA,France,COVGCMED,Government/compulsory health insurance,2023,99.9,
FRA,France,COVGCMED,Government/compulsory health insurance,2024,99.9,
FRA,France,COVGCMED,Government/compulsory health insurance,2025,99.9,
DEU,Germany,COVGCMED,Government/compulsory health insurance,2010,99.8,
DEU,Germany,COVGCMED,Government/compulsory health insurance,2011,99.8,
DEU,Germany,COVGCMED,Government/compulsory health insurance,2013,99.9,
DEU,Germany,COVGCMED,Government/compulsory health insurance,2014,99.9,
DEU,Germany,COVGCMED,Government/compulsory health insurance,2015,99.9,
DEU,Germany,COVGCMED,Government/compulsory health insurance,2016,99.9,
DEU,Germany,COVGCMED,Government/compulsory health insurance,2017,99.9,
DEU,Germany,COVGCMED,Government/compulsory health insurance,2018,99.9,
DEU,Germany,COVGCMED,Government/compulsory health insurance,2019,99.9,
DEU,Germany,COVGCMED,Government/compulsory health insurance,2020,99.9,
DEU,Germany,COVGCMED,Government/compulsory health insurance,2021,99.9,
DEU,Germany,COVGCMED,Government/compulsory health insurance,2022,99.9,
DEU,Germany,COVGCMED,Government/compulsory health insurance,2023,99.9,
DEU,Germany,COVGCMED,Government/compulsory health insurance,2024,99.9,
HUN,Hungary,COVGCMED,Government/compulsory health insurance,2010,97,
HUN,Hungary,COVGCMED,Government/compulsory health insurance,2011,97,
HUN,Hungary,COVGCMED,Government/compulsory health insurance,2012,96,
HUN,Hungary,COVGCMED,Government/compulsory health insurance,2013,96,
HUN,Hungary,COVGCMED,Government/compulsory health insurance,2014,96,
HUN,Hungary,COVGCMED,Government/compulsory health insurance,2015,95,
HUN,Hungary,COVGCMED,Government/compulsory health insurance,2016,95,
HUN,Hungary,COVGCMED,Government/compulsory health insurance,2017,95,
HUN,Hungary,COVGCMED,Government/compulsory health insurance,2018,95,
HUN,Hungary,COVGCMED,Government/compulsory health insurance,2019,95,
HUN,Hungary,COVGCMED,Government/compulsory health insurance,2020,95,
HUN,Hungary,COVGCMED,Government/compulsory health insurance,2021,96,
HUN,Hungary,COVGCMED,Government/compulsory health insurance,2022,96,
HUN,Hungary,COVGCMED,Government/compulsory health insurance,2023,96,
HUN,Hungary,COVGCMED,Government/compulsory health insurance,2024,95.8,
ISL,Iceland,COVGCMED,Government/compulsory health insurance,2010,99.8,
ISL,Iceland,COVGCMED,Government/compulsory health insurance,2011,99.8,
ISL,Iceland,COVGCMED,Government/compulsory health insurance,2012,99.8,
ISL,Iceland,COVGCMED,Government/compulsory health insurance,2013,99.8,
ISL,Iceland,COVGCMED,Government/compulsory health insurance,2014,99.8,
ISL,Iceland,COVGCMED,Government/compulsory health insurance,2015,99.7,
ISL,Iceland,COVGCMED,Government/compulsory health insurance,2016,99.6,
ISL,Iceland,COVGCMED,Government/compulsory health insurance,2017,99.5,
ISL,Iceland,COVGCMED,Government/compulsory health insurance,2018,99.6,
ISL,Iceland,COVGCMED,Government/compulsory health insurance,2019,99.6,
ISL,Iceland,COVGCMED,Government/compulsory health insurance,2020,99.6,
ISL,Iceland,COVGCMED,Government/compulsory health insurance,2022,99.7,
ISL,Iceland,COVGCMED,Government/compulsory health insurance,2023,99.3,
ISL,Iceland,COVGCMED,Government/compulsory health insurance,2024,99.4,
ISL,Iceland,COVGCMED,Government/compulsory health insurance,2025,99.5,
LTU,Lithuania,COVGCMED,Government/compulsory health insurance,2010,90.9,
LTU,Lithuania,COVGCMED,Government/compulsory health insurance,2011,91.4,
LTU,Lithuania,COVGCMED,Government/compulsory health insurance,2012,91.9,
LTU,Lithuania,COVGCMED,Government/compulsory health insurance,2013,91.8,
LTU,Lithuania,COVGCMED,Government/compulsory health insurance,2014,92,
LTU,Lithuania,COVGCMED,Government/compulsory health insurance,2015,92.4,
LTU,Lithuania,COVGCMED,Government/compulsory health insurance,2016,92.5,
LTU,Lithuania,COVGCMED,Government/compulsory health insurance,2017,93.9,
LTU,Lithuania,COVGCMED,Government/compulsory health insurance,2019,98.7,
LTU,Lithuania,COVGCMED,Government/compulsory health insurance,2020,99.1,
LTU,Lithuania,COVGCMED,Government/compulsory health insurance,2021,98.8,
LTU,Lithuania,COVGCMED,Government/compulsory health insurance,2022,98.9,
LTU,Lithuania,COVGCMED,Government/compulsory health insurance,2023,99.1,
LTU,Lithuania,COVGCMED,Government/compulsory health insurance,2025,98.9,
POL,Poland,COVGCMED,Government/compulsory health insurance,2010,97.5,
POL,Poland,COVGCMED,Government/compulsory health insurance,2011,96.6,
POL,Poland,COVGCMED,Government/compulsory health insurance,2012,91,
POL,Poland,COVGCMED,Government/compulsory health insurance,2013,91.6,
POL,Poland,COVGCMED,Government/compulsory health insurance,2014,91.3,
POL,Poland,COVGCMED,Government/compulsory health insurance,2015,91,
POL,Poland,COVGCMED,Government/compulsory health insurance,2016,91.5,
POL,Poland,COVGCMED,Government/compulsory health insurance,2017,92.6,
POL,Poland,COVGCMED,Government/compulsory health insurance,2018,92.9,
POL,Poland,COVGCMED,Government/compulsory health insurance,2019,93.4,
POL,Poland,COVGCMED,Government/compulsory health insurance,2020,93.3,
POL,Poland,COVGCMED,Government/compulsory health insurance,2021,94,
POL,Poland,COVGCMED,Government/compulsory health insurance,2022,96.7,
POL,Poland,COVGCMED,Government/compulsory health insurance,2023,96.9,
POL,Poland,COVGCMED,Government/compulsory health insurance,2024,91.2,
POL,Poland,COVGCMED,Government/compulsory health insurance,2025,92.1,
SVK,Slovak Republic,COVGCMED,Government/compulsory health insurance,2010,94.8,
SVK,Slovak Republic,COVGCMED,Government/compulsory health insurance,2011,95.2,
SVK,Slovak Republic,COVGCMED,Government/compulsory health insurance,2012,95,
SVK,Slovak Republic,COVGCMED,Government/compulsory health insurance,2013,94.6,
SVK,Slovak Republic,COVGCMED,Government/compulsory health insurance,2014,94.2,
SVK,Slovak Republic,COVGCMED,Government/compulsory health insurance,2015,93.8,
SVK,Slovak Republic,COVGCMED,Government/compulsory health insurance,2016,94.5,
SVK,Slovak Republic,COVGCMED,Government/compulsory health insurance,2017,94.6,
SVK,Slovak Republic,COVGCMED,Government/compulsory health insurance,2018,94.5,
SVK,Slovak Republic,COVGCMED,Government/compulsory health insurance,2019,94.6,
SVK,Slovak Republic,COVGCMED,Government/compulsory health insurance,2020,94.6,
SVK,Slovak Republic,COVGCMED,Government/compulsory health insurance,2021,95,
SVK,Slovak Republic,COVGCMED,Government/compulsory health insurance,2022,95.3,
SVK,Slovak Republic,COVGCMED,Government/compulsory health insurance,2023,95.5,
SVK,Slovak Republic,COVGCMED,Government/compulsory health insurance,2024,95.5,
SVN,Slovenia,COVGCMED,Government/compulsory health insurance,2020,99.5,
SVN,Slovenia,COVGCMED,Government/compulsory health insurance,2021,99.7,
SVN,Slovenia,COVGCMED,Government/compulsory health insurance,2023,99.8,
SVN,Slovenia,COVGCMED,Government/compulsory health insurance,2024,99.6,
ESP,Spain,COVGCMED,Government/compulsory health insurance,2011,99,
ESP,Spain,COVGCMED,Government/compulsory health insurance,2014,99.1,
ESP,Spain,COVGCMED,Government/compulsory health insurance,2017,99,
TUR,Türkiye,COVGCMED,Government/compulsory health insurance,2010,96.2,
TUR,Türkiye,COVGCMED,Government/compulsory health insurance,2011,97.6,
TUR,Türkiye,COVGCMED,Government/compulsory health insurance,2012,98.2,
TUR,Türkiye,COVGCMED,Government/compulsory health insurance,2013,98,
TUR,Türkiye,COVGCMED,Government/compulsory health insurance,2014,98.4,
TUR,Türkiye,COVGCMED,Government/compulsory health insurance,2015,98.4,
TUR,Türkiye,COVGCMED,Government/compulsory health insurance,2016,98.2,
TUR,Türkiye,COVGCMED,Government/compulsory health insurance,2017,99.2,
TUR,Türkiye,COVGCMED,Government/compulsory health insurance,2018,98.5,
TUR,Türkiye,COVGCMED,Government/compulsory health insurance,2019,98.8,
TUR,Türkiye,COVGCMED,Government/compulsory health insurance,2020,98.5,
TUR,Türkiye,COVGCMED,Government/compulsory health insurance,2021,98.8,
TUR,Türkiye,COVGCMED,Government/compulsory health insurance,2022,99.2,
TUR,Türkiye,COVGCMED,Government/compulsory health insurance,2023,99.3,
TUR,Türkiye,COVGCMED,Government/compulsory health insurance,2024,99.1,
USA,United States,COVGCMED,Government/compulsory health insurance,2010,30.8,
USA,United States,COVGCMED,Government/compulsory health insurance,2011,31.8,
USA,United States,COVGCMED,Government/compulsory health insurance,2012,32.6,
USA,United States,COVGCMED,Government/compulsory health insurance,2013,33,
USA,United States,COVGCMED,Government/compulsory health insurance,2014,34.5,
USA,United States,COVGCMED,Government/compulsory health insurance,2015,35.6,
USA,United States,COVGCMED,Government/compulsory health insurance,2016,36.3,
USA,United States,COVGCMED,Government/compulsory health insurance,2017,35.9,
USA,United States,COVGCMED,Government/compulsory health insurance,2018,34,
USA,United States,COVGCMED,Government/compulsory health insurance,2019,37.3,
USA,United States,COVGCMED,Government/compulsory health insurance,2020,38.1,
USA,United States,COVGCMED,Government/compulsory health insurance,2021,38.4,
USA,United States,COVGCMED,Government/compulsory health insurance,2022,39.8,
USA,United States,COVGCMED,Government/compulsory health insurance,2023,40.2,
USA,United States,COVGCMED,Government/compulsory health insurance,2024,39.2,
ARG,Argentina,COVGCMED,Government/compulsory health insurance,2010,84.3,
ARG,Argentina,COVGCMED,Government/compulsory health insurance,2021,85.7,
BGR,Bulgaria,COVGCMED,Government/compulsory health insurance,2015,88.6,
BGR,Bulgaria,COVGCMED,Government/compulsory health insurance,2016,87.8,
BGR,Bulgaria,COVGCMED,Government/compulsory health insurance,2017,88,
BGR,Bulgaria,COVGCMED,Government/compulsory health insurance,2018,88.2,
BGR,Bulgaria,COVGCMED,Government/compulsory health insurance,2019,88.6,
BGR,Bulgaria,COVGCMED,Government/compulsory health insurance,2020,88,
BGR,Bulgaria,COVGCMED,Government/compulsory health insurance,2021,88.2,
BGR,Bulgaria,COVGCMED,Government/compulsory health insurance,2022,93.5,
BGR,Bulgaria,COVGCMED,Government/compulsory health insurance,2023,93.9,
BGR,Bulgaria,COVGCMED,Government/compulsory health insurance,2024,94.3,
BGR,Bulgaria,COVGCMED,Government/compulsory health insurance,2025,94.8,
IDN,Indonesia,COVGCMED,Government/compulsory health insurance,2018,78.5,
IDN,Indonesia,COVGCMED,Government/compulsory health insurance,2019,83.6,
IDN,Indonesia,COVGCMED,Government/compulsory health insurance,2020,82.6,
IDN,Indonesia,COVGCMED,Government/compulsory health insurance,2021,80.9,
IDN,Indonesia,COVGCMED,Government/compulsory health insurance,2022,90.5,
IDN,Indonesia,COVGCMED,Government/compulsory health insurance,2023,95.9,
IDN,Indonesia,COVGCMED,Government/compulsory health insurance,2024,98.8,
IDN,Indonesia,COVGCMED,Government/compulsory health insurance,2025,98.1,
PER,Peru,COVGCMED,Government/compulsory health insurance,2018,86.5,
PER,Peru,COVGCMED,Government/compulsory health insurance,2019,91,
PER,Peru,COVGCMED,Government/compulsory health insurance,2021,97.4,
PER,Peru,COVGCMED,Government/compulsory health insurance,2022,98.5,
PER,Peru,COVGCMED,Government/compulsory health insurance,2023,97.3,
PER,Peru,COVGCMED,Government/compulsory health insurance,2024,99.1,
ROU,Romania,COVGCMED,Government/compulsory health insurance,2012,91.2,
ROU,Romania,COVGCMED,Government/compulsory health insurance,2013,90.5,
ROU,Romania,COVGCMED,Government/compulsory health insurance,2014,86.2,
ROU,Romania,COVGCMED,Government/compulsory health insurance,2015,86.7,
ROU,Romania,COVGCMED,Government/compulsory health insurance,2016,86.9,
ROU,Romania,COVGCMED,Government/compulsory health insurance,2017,85.3,
ROU,Romania,COVGCMED,Government/compulsory health insurance,2018,85.8,
ROU,Romania,COVGCMED,Government/compulsory health insurance,2019,85.5,
ROU,Romania,COVGCMED,Government/compulsory health insurance,2020,85.4,
ROU,Romania,COVGCMED,Government/compulsory health insurance,2021,85.5,
ROU,Romania,COVGCMED,Government/compulsory health insurance,2022,88.5,
ROU,Romania,COVGCMED,Government/compulsory health insurance,2023,89,
RUS,Russia,COVGCMED,Government/compulsory health insurance,2010,98.9,
RUS,Russia,COVGCMED,Government/compulsory health insurance,2012,99.8,
RUS,Russia,COVGCMED,Government/compulsory health insurance,2013,99.2,
RUS,Russia,COVGCMED,Government/compulsory health insurance,2017,99.7,
RUS,Russia,COVGCMED,Government/compulsory health insurance,2018,99.6,
RUS,Russia,COVGCMED,Government/compulsory health insurance,2019,99.1,
RUS,Russia,COVGCMED,Government/compulsory health insurance,2020,99.2,
