country_code,country,year,socioeconomic_status_code,socioeconomic_status,Health status,value
AUT,Austria,2010,ISCED11_3T4,"Upper secondary and post-secondary non-tertiary, all programmes",Good/very good health,74
AUT,Austria,2011,ISCED11_3T4,"Upper secondary and post-secondary non-tertiary, all programmes",Good/very good health,72
AUT,Austria,2012,ISCED11_3T4,"Upper secondary and post-secondary non-tertiary, all programmes",Good/very good health,72.8
AUT,Austria,2013,ISCED11_3T4,"Upper secondary and post-secondary non-tertiary, all programmes",Good/very good health,71.6
AUT,Austria,2014,ISCED11_3T4,"Upper secondary and post-secondary non-tertiary, all programmes",Good/very good health,70.6
AUT,Austria,2015,ISCED11_3T4,"Upper secondary and post-secondary non-tertiary, all programmes",Good/very good health,72.3
AUT,Austria,2016,ISCED11_3T4,"Upper secondary and post-secondary non-tertiary, all programmes",Good/very good health,71.1
AUT,Austria,2017,ISCED11_3T4,"Upper secondary and post-secondary non-tertiary, all programmes",Good/very good health,71.7
AUT,Austria,2018,ISCED11_3T4,"Upper secondary and post-secondary non-tertiary, all programmes",Good/very good health,71.8
AUT,Austria,2019,ISCED11_3T4,"Upper secondary and post-secondary non-tertiary, all programmes",Good/very good health,70.5
AUT,Austria,2020,ISCED11_3T4,"Upper secondary and post-secondary non-tertiary, all programmes",Good/very good health,73.1
AUT,Austria,2021,ISCED11_3T4,"Upper secondary and post-secondary non-tertiary, all programmes",Good/very good health,71
AUT,Austria,2022,ISCED11_3T4,"Upper secondary and post-secondary non-tertiary, all programmes",Good/very good health,68.5
AUT,Austria,2023,ISCED11_3T4,"Upper secondary and post-secondary non-tertiary, all programmes",Good/very good health,67.4
AUT,Austria,2024,ISCED11_3T4,"Upper secondary and post-secondary non-tertiary, all programmes",Good/very good health,64.6
AUT,Austria,2025,ISCED11_3T4,"Upper secondary and post-secondary non-tertiary, all programmes",Good/very good health,65.5
BEL,Belgium,2010,ISCED11_3T4,"Upper secondary and post-secondary non-tertiary, all programmes",Good/very good health,78.6
BEL,Belgium,2011,ISCED11_3T4,"Upper secondary and post-secondary non-tertiary, all programmes",Good/very good health,78.1
BEL,Belgium,2012,ISCED11_3T4,"Upper secondary and post-secondary non-tertiary, all programmes",Good/very good health,77.5
BEL,Belgium,2013,ISCED11_3T4,"Upper secondary and post-secondary non-tertiary, all programmes",Good/very good health,78.4
BEL,Belgium,2014,ISCED11_3T4,"Upper secondary and post-secondary non-tertiary, all programmes",Good/very good health,78.7
BEL,Belgium,2015,ISCED11_3T4,"Upper secondary and post-secondary non-tertiary, all programmes",Good/very good health,77.3
BEL,Belgium,2016,ISCED11_3T4,"Upper secondary and post-secondary non-tertiary, all programmes",Good/very good health,76.6
BEL,Belgium,2017,ISCED11_3T4,"Upper secondary and post-secondary non-tertiary, all programmes",Good/very good health,76
BEL,Belgium,2018,ISCED11_3T4,"Upper secondary and post-secondary non-tertiary, all programmes",Good/very good health,75.9
BEL,Belgium,2019,ISCED11_3T4,"Upper secondary and post-secondary non-tertiary, all programmes",Good/very good health,74.5
BEL,Belgium,2020,ISCED11_3T4,"Upper secondary and post-secondary non-tertiary, all programmes",Good/very good health,76.1
BEL,Belgium,2021,ISCED11_3T4,"Upper secondary and post-secondary non-tertiary, all programmes",Good/very good health,76.4
BEL,Belgium,2022,ISCED11_3T4,"Upper secondary and post-secondary non-tertiary, all programmes",Good/very good health,76
BEL,Belgium,2023,ISCED11_3T4,"Upper secondary and post-secondary non-tertiary, all programmes",Good/very good health,75.7
BEL,Belgium,2024,ISCED11_3T4,"Upper secondary and post-secondary non-tertiary, all programmes",Good/very good health,73.9
BEL,Belgium,2025,ISCED11_3T4,"Upper secondary and post-secondary non-tertiary, all programmes",Good/very good health,73.4
CHL,Chile,2011,ISCED11_3T4,"Upper secondary and post-secondary non-tertiary, all programmes",Good/very good health,60.7
CHL,Chile,2015,ISCED11_3T4,"Upper secondary and post-secondary non-tertiary, all programmes",Good/very good health,58.9
CHL,Chile,2017,ISCED11_3T4,"Upper secondary and post-secondary non-tertiary, all programmes",Good/very good health,61.2
COL,Colombia,2018,ISCED11_3T4,"Upper secondary and post-secondary non-tertiary, all programmes",Good/very good health,86.1
COL,Colombia,2019,ISCED11_3T4,"Upper secondary and post-secondary non-tertiary, all programmes",Good/very good health,86.1
CZE,Czechia,2010,ISCED11_3T4,"Upper secondary and post-secondary non-tertiary, all programmes",Good/very good health,62.8
CZE,Czechia,2011,ISCED11_3T4,"Upper secondary and post-secondary non-tertiary, all programmes",Good/very good health,59.7
CZE,Czechia,2012,ISCED11_3T4,"Upper secondary and post-secondary non-tertiary, all programmes",Good/very good health,60.3
CZE,Czechia,2013,ISCED11_3T4,"Upper secondary and post-secondary non-tertiary, all programmes",Good/very good health,59.3
CZE,Czechia,2014,ISCED11_3T4,"Upper secondary and post-secondary non-tertiary, all programmes",Good/very good health,60.1
CZE,Czechia,2015,ISCED11_3T4,"Upper secondary and post-secondary non-tertiary, all programmes",Good/very good health,60
CZE,Czechia,2016,ISCED11_3T4,"Upper secondary and post-secondary non-tertiary, all programmes",Good/very good health,58.6
CZE,Czechia,2017,ISCED11_3T4,"Upper secondary and post-secondary non-tertiary, all programmes",Good/very good health,59.9
CZE,Czechia,2018,ISCED11_3T4,"Upper secondary and post-secondary non-tertiary, all programmes",Good/very good health,60.1
CZE,Czechia,2019,ISCED11_3T4,"Upper secondary and post-secondary non-tertiary, all programmes",Good/very good health,59.7
CZE,Czechia,2020,ISCED11_3T4,"Upper secondary and post-secondary non-tertiary, all programmes",Good/very good health,61.3
CZE,Czechia,2021,ISCED11_3T4,"Upper secondary and post-secondary non-tertiary, all programmes",Good/very good health,64.9
CZE,Czechia,2022,ISCED11_3T4,"Upper secondary and post-secondary non-tertiary, all programmes",Good/very good health,64.8
CZE,Czechia,2023,ISCED11_3T4,"Upper secondary and post-secondary non-tertiary, all programmes",Good/very good health,62.8
CZE,Czechia,2024,ISCED11_3T4,"Upper secondary and post-secondary non-tertiary, all programmes",Good/very good health,62.2
CZE,Czechia,2025,ISCED11_3T4,"Upper secondary and post-secondary non-tertiary, all programmes",Good/very good health,62.5
DNK,Denmark,2010,ISCED11_3T4,"Upper secondary and post-secondary non-tertiary, all programmes",Good/very good health,73.2
DNK,Denmark,2011,ISCED11_3T4,"Upper secondary and post-secondary non-tertiary, all programmes",Good/very good health,71.6
DNK,Denmark,2012,ISCED11_3T4,"Upper secondary and post-secondary non-tertiary, all programmes",Good/very good health,69.5
DNK,Denmark,2013,ISCED11_3T4,"Upper secondary and post-secondary non-tertiary, all programmes",Good/very good health,71.6
DNK,Denmark,2014,ISCED11_3T4,"Upper secondary and post-secondary non-tertiary, all programmes",Good/very good health,71.7
DNK,Denmark,2015,ISCED11_3T4,"Upper secondary and post-secondary non-tertiary, all programmes",Good/very good health,69.4
DNK,Denmark,2016,ISCED11_3T4,"Upper secondary and post-secondary non-tertiary, all programmes",Good/very good health,69.8
DNK,Denmark,2017,ISCED11_3T4,"Upper secondary and post-secondary non-tertiary, all programmes",Good/very good health,69
DNK,Denmark,2018,ISCED11_3T4,"Upper secondary and post-secondary non-tertiary, all programmes",Good/very good health,69.8
DNK,Denmark,2019,ISCED11_3T4,"Upper secondary and post-secondary non-tertiary, all programmes",Good/very good health,67.4
DNK,Denmark,2020,ISCED11_3T4,"Upper secondary and post-secondary non-tertiary, all programmes",Good/very good health,70.1
DNK,Denmark,2021,ISCED11_3T4,"Upper secondary and post-secondary non-tertiary, all programmes",Good/very good health,64.2
DNK,Denmark,2022,ISCED11_3T4,"Upper secondary and post-secondary non-tertiary, all programmes",Good/very good health,59.2
DNK,Denmark,2023,ISCED11_3T4,"Upper secondary and post-secondary non-tertiary, all programmes",Good/very good health,60
DNK,Denmark,2024,ISCED11_3T4,"Upper secondary and post-secondary non-tertiary, all programmes",Good/very good health,63
DNK,Denmark,2025,ISCED11_3T4,"Upper secondary and post-secondary non-tertiary, all programmes",Good/very good health,64.5
EST,Estonia,2010,ISCED11_3T4,"Upper secondary and post-secondary non-tertiary, all programmes",Good/very good health,51.1
EST,Estonia,2011,ISCED11_3T4,"Upper secondary and post-secondary non-tertiary, all programmes",Good/very good health,49.4
EST,Estonia,2012,ISCED11_3T4,"Upper secondary and post-secondary non-tertiary, all programmes",Good/very good health,51.1
EST,Estonia,2013,ISCED11_3T4,"Upper secondary and post-secondary non-tertiary, all programmes",Good/very good health,51
EST,Estonia,2014,ISCED11_3T4,"Upper secondary and post-secondary non-tertiary, all programmes",Good/very good health,50.4
EST,Estonia,2015,ISCED11_3T4,"Upper secondary and post-secondary non-tertiary, all programmes",Good/very good health,49.6
EST,Estonia,2016,ISCED11_3T4,"Upper secondary and post-secondary non-tertiary, all programmes",Good/very good health,51.5
EST,Estonia,2017,ISCED11_3T4,"Upper secondary and post-secondary non-tertiary, all programmes",Good/very good health,49.6
EST,Estonia,2018,ISCED11_3T4,"Upper secondary and post-secondary non-tertiary, all programmes",Good/very good health,48.4
EST,Estonia,2019,ISCED11_3T4,"Upper secondary and post-secondary non-tertiary, all programmes",Good/very good health,53.6
EST,Estonia,2020,ISCED11_3T4,"Upper secondary and post-secondary non-tertiary, all programmes",Good/very good health,56
EST,Estonia,2021,ISCED11_3T4,"Upper secondary and post-secondary non-tertiary, all programmes",Good/very good health,55.1
EST,Estonia,2022,ISCED11_3T4,"Upper secondary and post-secondary non-tertiary, all programmes",Good/very good health,54.7
EST,Estonia,2023,ISCED11_3T4,"Upper secondary and post-secondary non-tertiary, all programmes",Good/very good health,52.8
EST,Estonia,2024,ISCED11_3T4,"Upper secondary and post-secondary non-tertiary, all programmes",Good/very good health,53.3
EST,Estonia,2025,ISCED11_3T4,"Upper secondary and post-secondary non-tertiary, all programmes",Good/very good health,53.3
FIN,Finland,2010,ISCED11_3T4,"Upper secondary and post-secondary non-tertiary, all programmes",Good/very good health,71.9
FIN,Finland,2011,ISCED11_3T4,"Upper secondary and post-secondary non-tertiary, all programmes",Good/very good health,71.8
FIN,Finland,2012,ISCED11_3T4,"Upper secondary and post-secondary non-tertiary, all programmes",Good/very good health,67.5
FIN,Finland,2013,ISCED11_3T4,"Upper secondary and post-secondary non-tertiary, all programmes",Good/very good health,65.3
FIN,Finland,2014,ISCED11_3T4,"Upper secondary and post-secondary non-tertiary, all programmes",Good/very good health,71.8
FIN,Finland,2015,ISCED11_3T4,"Upper secondary and post-secondary non-tertiary, all programmes",Good/very good health,70.3
FIN,Finland,2016,ISCED11_3T4,"Upper secondary and post-secondary non-tertiary, all programmes",Good/very good health,71.4
FIN,Finland,2017,ISCED11_3T4,"Upper secondary and post-secondary non-tertiary, all programmes",Good/very good health,71.7
FIN,Finland,2018,ISCED11_3T4,"Upper secondary and post-secondary non-tertiary, all programmes",Good/very good health,69.7
FIN,Finland,2019,ISCED11_3T4,"Upper secondary and post-secondary non-tertiary, all programmes",Good/very good health,68.6
FIN,Finland,2020,ISCED11_3T4,"Upper secondary and post-secondary non-tertiary, all programmes",Good/very good health,70
FIN,Finland,2021,ISCED11_3T4,"Upper secondary and post-secondary non-tertiary, all programmes",Good/very good health,69.8
FIN,Finland,2022,ISCED11_3T4,"Upper secondary and post-secondary non-tertiary, all programmes",Good/very good health,64.7
FIN,Finland,2023,ISCED11_3T4,"Upper secondary and post-secondary non-tertiary, all programmes",Good/very good health,64.6
FIN,Finland,2024,ISCED11_3T4,"Upper secondary and post-secondary non-tertiary, all programmes",Good/very good health,63.1
FIN,Finland,2025,ISCED11_3T4,"Upper secondary and post-secondary non-tertiary, all programmes",Good/very good health,64.8
FRA,France,2010,ISCED11_3T4,"Upper secondary and post-secondary non-tertiary, all programmes",Good/very good health,72.9
FRA,France,2011,ISCED11_3T4,"Upper secondary and post-secondary non-tertiary, all programmes",Good/very good health,72.4
FRA,France,2012,ISCED11_3T4,"Upper secondary and post-secondary non-tertiary, all programmes",Good/very good health,71.7
FRA,France,2013,ISCED11_3T4,"Upper secondary and post-secondary non-tertiary, all programmes",Good/very good health,70.3
FRA,France,2014,ISCED11_3T4,"Upper secondary and post-secondary non-tertiary, all programmes",Good/very good health,70.2
FRA,France,2015,ISCED11_3T4,"Upper secondary and post-secondary non-tertiary, all programmes",Good/very good health,69.4
FRA,France,2016,ISCED11_3T4,"Upper secondary and post-secondary non-tertiary, all programmes",Good/very good health,68
FRA,France,2017,ISCED11_3T4,"Upper secondary and post-secondary non-tertiary, all programmes",Good/very good health,68.9
FRA,France,2018,ISCED11_3T4,"Upper secondary and post-secondary non-tertiary, all programmes",Good/very good health,69.2
FRA,France,2019,ISCED11_3T4,"Upper secondary and post-secondary non-tertiary, all programmes",Good/very good health,68.3
FRA,France,2020,ISCED11_3T4,"Upper secondary and post-secondary non-tertiary, all programmes",Good/very good health,69.5
FRA,France,2021,ISCED11_3T4,"Upper secondary and post-secondary non-tertiary, all programmes",Good/very good health,68.2
FRA,France,2022,ISCED11_3T4,"Upper secondary and post-secondary non-tertiary, all programmes",Good/very good health,65.2
FRA,France,2023,ISCED11_3T4,"Upper secondary and post-secondary non-tertiary, all programmes",Good/very good health,64.6
FRA,France,2024,ISCED11_3T4,"Upper secondary and post-secondary non-tertiary, all programmes",Good/very good health,65.9
FRA,France,2025,ISCED11_3T4,"Upper secondary and post-secondary non-tertiary, all programmes",Good/very good health,64.4
DEU,Germany,2010,ISCED11_3T4,"Upper secondary and post-secondary non-tertiary, all programmes",Good/very good health,66
DEU,Germany,2011,ISCED11_3T4,"Upper secondary and post-secondary non-tertiary, all programmes",Good/very good health,65.1
DEU,Germany,2012,ISCED11_3T4,"Upper secondary and post-secondary non-tertiary, all programmes",Good/very good health,65.5
DEU,Germany,2013,ISCED11_3T4,"Upper secondary and post-secondary non-tertiary, all programmes",Good/very good health,63.9
DEU,Germany,2014,ISCED11_3T4,"Upper secondary and post-secondary non-tertiary, all programmes",Good/very good health,64.9
DEU,Germany,2015,ISCED11_3T4,"Upper secondary and post-secondary non-tertiary, all programmes",Good/very good health,63.7
DEU,Germany,2016,ISCED11_3T4,"Upper secondary and post-secondary non-tertiary, all programmes",Good/very good health,64
DEU,Germany,2017,ISCED11_3T4,"Upper secondary and post-secondary non-tertiary, all programmes",Good/very good health,64.1
DEU,Germany,2018,ISCED11_3T4,"Upper secondary and post-secondary non-tertiary, all programmes",Good/very good health,63.7
DEU,Germany,2019,ISCED11_3T4,"Upper secondary and post-secondary non-tertiary, all programmes",Good/very good health,63.4
DEU,Germany,2020,ISCED11_3T4,"Upper secondary and post-secondary non-tertiary, all programmes",Good/very good health,61.5
DEU,Germany,2021,ISCED11_3T4,"Upper secondary and post-secondary non-tertiary, all programmes",Good/very good health,61
DEU,Germany,2022,ISCED11_3T4,"Upper secondary and post-secondary non-tertiary, all programmes",Good/very good health,61.5
DEU,Germany,2023,ISCED11_3T4,"Upper secondary and post-secondary non-tertiary, all programmes",Good/very good health,63
DEU,Germany,2024,ISCED11_3T4,"Upper secondary and post-secondary non-tertiary, all programmes",Good/very good health,61.9
DEU,Germany,2025,ISCED11_3T4,"Upper secondary and post-secondary non-tertiary, all programmes",Good/very good health,62.5
GRC,Greece,2010,ISCED11_3T4,"Upper secondary and post-secondary non-tertiary, all programmes",Good/very good health,87.4
GRC,Greece,2011,ISCED11_3T4,"Upper secondary and post-secondary non-tertiary, all programmes",Good/very good health,87.2
GRC,Greece,2012,ISCED11_3T4,"Upper secondary and post-secondary non-tertiary, all programmes",Good/very good health,87.3
GRC,Greece,2013,ISCED11_3T4,"Upper secondary and post-secondary non-tertiary, all programmes",Good/very good health,86.2
GRC,Greece,2014,ISCED11_3T4,"Upper secondary and post-secondary non-tertiary, all programmes",Good/very good health,85.3
GRC,Greece,2015,ISCED11_3T4,"Upper secondary and post-secondary non-tertiary, all programmes",Good/very good health,84.5
GRC,Greece,2016,ISCED11_3T4,"Upper secondary and post-secondary non-tertiary, all programmes",Good/very good health,84.6
GRC,Greece,2017,ISCED11_3T4,"Upper secondary and post-secondary non-tertiary, all programmes",Good/very good health,84.9
GRC,Greece,2018,ISCED11_3T4,"Upper secondary and post-secondary non-tertiary, all programmes",Good/very good health,85.3
GRC,Greece,2019,ISCED11_3T4,"Upper secondary and post-secondary non-tertiary, all programmes",Good/very good health,87.5
GRC,Greece,2020,ISCED11_3T4,"Upper secondary and post-secondary non-tertiary, all programmes",Good/very good health,87.1
GRC,Greece,2021,ISCED11_3T4,"Upper secondary and post-secondary non-tertiary, all programmes",Good/very good health,87.2
GRC,Greece,2022,ISCED11_3T4,"Upper secondary and post-secondary non-tertiary, all programmes",Good/very good health,85.8
GRC,Greece,2023,ISCED11_3T4,"Upper secondary and post-secondary non-tertiary, all programmes",Good/very good health,86.1
GRC,Greece,2024,ISCED11_3T4,"Upper secondary and post-secondary non-tertiary, all programmes",Good/very good health,85.6
GRC,Greece,2025,ISCED11_3T4,"Upper secondary and post-secondary non-tertiary, all programmes",Good/very good health,86.9
HUN,Hungary,2010,ISCED11_3T4,"Upper secondary and post-secondary non-tertiary, all programmes",Good/very good health,58.7
HUN,Hungary,2011,ISCED11_3T4,"Upper secondary and post-secondary non-tertiary, all programmes",Good/very good health,59.9
HUN,Hungary,2012,ISCED11_3T4,"Upper secondary and post-secondary non-tertiary, all programmes",Good/very good health,60.8
HUN,Hungary,2013,ISCED11_3T4,"Upper secondary and post-secondary non-tertiary, all programmes",Good/very good health,59
HUN,Hungary,2014,ISCED11_3T4,"Upper secondary and post-secondary non-tertiary, all programmes",Good/very good health,58.9
HUN,Hungary,2015,ISCED11_3T4,"Upper secondary and post-secondary non-tertiary, all programmes",Good/very good health,57.5
HUN,Hungary,2016,ISCED11_3T4,"Upper secondary and post-secondary non-tertiary, all programmes",Good/very good health,60.6
HUN,Hungary,2017,ISCED11_3T4,"Upper secondary and post-secondary non-tertiary, all programmes",Good/very good health,60.9
HUN,Hungary,2018,ISCED11_3T4,"Upper secondary and post-secondary non-tertiary, all programmes",Good/very good health,62.4
HUN,Hungary,2019,ISCED11_3T4,"Upper secondary and post-secondary non-tertiary, all programmes",Good/very good health,58.4
HUN,Hungary,2020,ISCED11_3T4,"Upper secondary and post-secondary non-tertiary, all programmes",Good/very good health,61.2
HUN,Hungary,2021,ISCED11_3T4,"Upper secondary and post-secondary non-tertiary, all programmes",Good/very good health,63.8
HUN,Hungary,2022,ISCED11_3T4,"Upper secondary and post-secondary non-tertiary, all programmes",Good/very good health,62.6
HUN,Hungary,2023,ISCED11_3T4,"Upper secondary and post-secondary non-tertiary, all programmes",Good/very good health,64
HUN,Hungary,2024,ISCED11_3T4,"Upper secondary and post-secondary non-tertiary, all programmes",Good/very good health,62.9
HUN,Hungary,2025,ISCED11_3T4,"Upper secondary and post-secondary non-tertiary, all programmes",Good/very good health,63.2
ISL,Iceland,2010,ISCED11_3T4,"Upper secondary and post-secondary non-tertiary, all programmes",Good/very good health,79.4
ISL,Iceland,2011,ISCED11_3T4,"Upper secondary and post-secondary non-tertiary, all programmes",Good/very good health,77.7
ISL,Iceland,2012,ISCED11_3T4,"Upper secondary and post-secondary non-tertiary, all programmes",Good/very good health,76.9
ISL,Iceland,2013,ISCED11_3T4,"Upper secondary and post-secondary non-tertiary, all programmes",Good/very good health,77.7
ISL,Iceland,2014,ISCED11_3T4,"Upper secondary and post-secondary non-tertiary, all programmes",Good/very good health,77
ISL,Iceland,2015,ISCED11_3T4,"Upper secondary and post-secondary non-tertiary, all programmes",Good/very good health,76.9
ISL,Iceland,2016,ISCED11_3T4,"Upper secondary and post-secondary non-tertiary, all programmes",Good/very good health,75.9
ISL,Iceland,2017,ISCED11_3T4,"Upper secondary and post-secondary non-tertiary, all programmes",Good/very good health,76.4
ISL,Iceland,2018,ISCED11_3T4,"Upper secondary and post-secondary non-tertiary, all programmes",Good/very good health,77.1
ISL,Iceland,2019,ISCED11_3T4,"Upper secondary and post-secondary non-tertiary, all programmes",Good/very good health,75.7
ISL,Iceland,2020,ISCED11_3T4,"Upper secondary and post-secondary non-tertiary, all programmes",Good/very good health,75.9
IRL,Ireland,2010,ISCED11_3T4,"Upper secondary and post-secondary non-tertiary, all programmes",Good/very good health,88
IRL,Ireland,2011,ISCED11_3T4,"Upper secondary and post-secondary non-tertiary, all programmes",Good/very good health,88.1
IRL,Ireland,2012,ISCED11_3T4,"Upper secondary and post-secondary non-tertiary, all programmes",Good/very good health,88.1
IRL,Ireland,2013,ISCED11_3T4,"Upper secondary and post-secondary non-tertiary, all programmes",Good/very good health,86.8
IRL,Ireland,2014,ISCED11_3T4,"Upper secondary and post-secondary non-tertiary, all programmes",Good/very good health,87.9
IRL,Ireland,2015,ISCED11_3T4,"Upper secondary and post-secondary non-tertiary, all programmes",Good/very good health,86.4
IRL,Ireland,2016,ISCED11_3T4,"Upper secondary and post-secondary non-tertiary, all programmes",Good/very good health,85.9
IRL,Ireland,2017,ISCED11_3T4,"Upper secondary and post-secondary non-tertiary, all programmes",Good/very good health,86.6
IRL,Ireland,2018,ISCED11_3T4,"Upper secondary and post-secondary non-tertiary, all programmes",Good/very good health,87.1
IRL,Ireland,2019,ISCED11_3T4,"Upper secondary and post-secondary non-tertiary, all programmes",Good/very good health,86.5
IRL,Ireland,2020,ISCED11_3T4,"Upper secondary and post-secondary non-tertiary, all programmes",Good/very good health,86.3
IRL,Ireland,2021,ISCED11_3T4,"Upper secondary and post-secondary non-tertiary, all programmes",Good/very good health,83.8
IRL,Ireland,2022,ISCED11_3T4,"Upper secondary and post-secondary non-tertiary, all programmes",Good/very good health,83.2
IRL,Ireland,2023,ISCED11_3T4,"Upper secondary and post-secondary non-tertiary, all programmes",Good/very good health,80.8
IRL,Ireland,2024,ISCED11_3T4,"Upper secondary and post-secondary non-tertiary, all programmes",Good/very good health,80.7
IRL,Ireland,2025,ISCED11_3T4,"Upper secondary and post-secondary non-tertiary, all programmes",Good/very good health,79.6
ISR,Israel,2019,ISCED11_3T4,"Upper secondary and post-secondary non-tertiary, all programmes",Good/very good health,76.3
ISR,Israel,2020,ISCED11_3T4,"Upper secondary and post-secondary non-tertiary, all programmes",Good/very good health,78.3
ITA,Italy,2010,ISCED11_3T4,"Upper secondary and post-secondary non-tertiary, all programmes",Good/very good health,80
ITA,Italy,2011,ISCED11_3T4,"Upper secondary and post-secondary non-tertiary, all programmes",Good/very good health,79.3
ITA,Italy,2012,ISCED11_3T4,"Upper secondary and post-secondary non-tertiary, all programmes",Good/very good health,82.4
ITA,Italy,2013,ISCED11_3T4,"Upper secondary and post-secondary non-tertiary, all programmes",Good/very good health,79.5
ITA,Italy,2014,ISCED11_3T4,"Upper secondary and post-secondary non-tertiary, all programmes",Good/very good health,80.7
ITA,Italy,2015,ISCED11_3T4,"Upper secondary and post-secondary non-tertiary, all programmes",Good/very good health,78.4
ITA,Italy,2016,ISCED11_3T4,"Upper secondary and post-secondary non-tertiary, all programmes",Good/very good health,81.8
ITA,Italy,2017,ISCED11_3T4,"Upper secondary and post-secondary non-tertiary, all programmes",Good/very good health,87.8
ITA,Italy,2018,ISCED11_3T4,"Upper secondary and post-secondary non-tertiary, all programmes",Good/very good health,84.5
ITA,Italy,2019,ISCED11_3T4,"Upper secondary and post-secondary non-tertiary, all programmes",Good/very good health,82.4
ITA,Italy,2021,ISCED11_3T4,"Upper secondary and post-secondary non-tertiary, all programmes",Good/very good health,83
ITA,Italy,2022,ISCED11_3T4,"Upper secondary and post-secondary non-tertiary, all programmes",Good/very good health,81.1
ITA,Italy,2023,ISCED11_3T4,"Upper secondary and post-secondary non-tertiary, all programmes",Good/very good health,82.5
ITA,Italy,2024,ISCED11_3T4,"Upper secondary and post-secondary non-tertiary, all programmes",Good/very good health,83.8
ITA,Italy,2025,ISCED11_3T4,"Upper secondary and post-secondary non-tertiary, all programmes",Good/very good health,81.8
JPN,Japan,2013,ISCED11_3T4,"Upper secondary and post-secondary non-tertiary, all programmes",Good/very good health,32.2
JPN,Japan,2016,ISCED11_3T4,"Upper secondary and post-secondary non-tertiary, all programmes",Good/very good health,31.4
JPN,Japan,2019,ISCED11_3T4,"Upper secondary and post-secondary non-tertiary, all programmes",Good/very good health,31.9
JPN,Japan,2022,ISCED11_3T4,"Upper secondary and post-secondary non-tertiary, all programmes",Good/very good health,32.5
KOR,Korea,2010,ISCED11_3T4,"Upper secondary and post-secondary non-tertiary, all programmes",Good/very good health,48.8
KOR,Korea,2012,ISCED11_3T4,"Upper secondary and post-secondary non-tertiary, all programmes",Good/very good health,46
KOR,Korea,2014,ISCED11_3T4,"Upper secondary and post-secondary non-tertiary, all programmes",Good/very good health,48.6
KOR,Korea,2016,ISCED11_3T4,"Upper secondary and post-secondary non-tertiary, all programmes",Good/very good health,46.4
KOR,Korea,2018,ISCED11_3T4,"Upper secondary and post-secondary non-tertiary, all programmes",Good/very good health,48.3
KOR,Korea,2020,ISCED11_3T4,"Upper secondary and post-secondary non-tertiary, all programmes",Good/very good health,50
KOR,Korea,2022,ISCED11_3T4,"Upper secondary and post-secondary non-tertiary, all programmes",Good/very good health,53
KOR,Korea,2024,ISCED11_3T4,"Upper secondary and post-secondary non-tertiary, all programmes",Good/very good health,52.9
LVA,Latvia,2010,ISCED11_3T4,"Upper secondary and post-secondary non-tertiary, all programmes",Good/very good health,46.5
LVA,Latvia,2011,ISCED11_3T4,"Upper secondary and post-secondary non-tertiary, all programmes",Good/very good health,44.6
LVA,Latvia,2012,ISCED11_3T4,"Upper secondary and post-secondary non-tertiary, all programmes",Good/very good health,44.5
LVA,Latvia,2013,ISCED11_3T4,"Upper secondary and post-secondary non-tertiary, all programmes",Good/very good health,43.1
LVA,Latvia,2014,ISCED11_3T4,"Upper secondary and post-secondary non-tertiary, all programmes",Good/very good health,42.4
LVA,Latvia,2015,ISCED11_3T4,"Upper secondary and post-secondary non-tertiary, all programmes",Good/very good health,42.4
LVA,Latvia,2016,ISCED11_3T4,"Upper secondary and post-secondary non-tertiary, all programmes",Good/very good health,43.3
LVA,Latvia,2017,ISCED11_3T4,"Upper secondary and post-secondary non-tertiary, all programmes",Good/very good health,39.9
LVA,Latvia,2018,ISCED11_3T4,"Upper secondary and post-secondary non-tertiary, all programmes",Good/very good health,41.6
LVA,Latvia,2019,ISCED11_3T4,"Upper secondary and post-secondary non-tertiary, all programmes",Good/very good health,41
LVA,Latvia,2020,ISCED11_3T4,"Upper secondary and post-secondary non-tertiary, all programmes",Good/very good health,43.2
LVA,Latvia,2021,ISCED11_3T4,"Upper secondary and post-secondary non-tertiary, all programmes",Good/very good health,43.4
LVA,Latvia,2022,ISCED11_3T4,"Upper secondary and post-secondary non-tertiary, all programmes",Good/very good health,44.1
LVA,Latvia,2023,ISCED11_3T4,"Upper secondary and post-secondary non-tertiary, all programmes",Good/very good health,39.5
LVA,Latvia,2024,ISCED11_3T4,"Upper secondary and post-secondary non-tertiary, all programmes",Good/very good health,41.2
LVA,Latvia,2025,ISCED11_3T4,"Upper secondary and post-secondary non-tertiary, all programmes",Good/very good health,40.6
LTU,Lithuania,2010,ISCED11_3T4,"Upper secondary and post-secondary non-tertiary, all programmes",Good/very good health,49.7
LTU,Lithuania,2011,ISCED11_3T4,"Upper secondary and post-secondary non-tertiary, all programmes",Good/very good health,42.5
LTU,Lithuania,2012,ISCED11_3T4,"Upper secondary and post-secondary non-tertiary, all programmes",Good/very good health,43.4
LTU,Lithuania,2013,ISCED11_3T4,"Upper secondary and post-secondary non-tertiary, all programmes",Good/very good health,42.7
LTU,Lithuania,2014,ISCED11_3T4,"Upper secondary and post-secondary non-tertiary, all programmes",Good/very good health,40
LTU,Lithuania,2015,ISCED11_3T4,"Upper secondary and post-secondary non-tertiary, all programmes",Good/very good health,37.1
LTU,Lithuania,2016,ISCED11_3T4,"Upper secondary and post-secondary non-tertiary, all programmes",Good/very good health,37.8
LTU,Lithuania,2017,ISCED11_3T4,"Upper secondary and post-secondary non-tertiary, all programmes",Good/very good health,37
LTU,Lithuania,2018,ISCED11_3T4,"Upper secondary and post-secondary non-tertiary, all programmes",Good/very good health,36.7
LTU,Lithuania,2019,ISCED11_3T4,"Upper secondary and post-secondary non-tertiary, all programmes",Good/very good health,39.8
LTU,Lithuania,2020,ISCED11_3T4,"Upper secondary and post-secondary non-tertiary, all programmes",Good/very good health,35.9
LTU,Lithuania,2021,ISCED11_3T4,"Upper secondary and post-secondary non-tertiary, all programmes",Good/very good health,38.5
LTU,Lithuania,2022,ISCED11_3T4,"Upper secondary and post-secondary non-tertiary, all programmes",Good/very good health,37.9
LTU,Lithuania,2023,ISCED11_3T4,"Upper secondary and post-secondary non-tertiary, all programmes",Good/very good health,37.7
LTU,Lithuania,2024,ISCED11_3T4,"Upper secondary and post-secondary non-tertiary, all programmes",Good/very good health,39.2
LTU,Lithuania,2025,ISCED11_3T4,"Upper secondary and post-secondary non-tertiary, all programmes",Good/very good health,39
LUX,Luxembourg,2010,ISCED11_3T4,"Upper secondary and post-secondary non-tertiary, all programmes",Good/very good health,79.4
LUX,Luxembourg,2011,ISCED11_3T4,"Upper secondary and post-secondary non-tertiary, all programmes",Good/very good health,77.5
LUX,Luxembourg,2012,ISCED11_3T4,"Upper secondary and post-secondary non-tertiary, all programmes",Good/very good health,76.9
LUX,Luxembourg,2013,ISCED11_3T4,"Upper secondary and post-secondary non-tertiary, all programmes",Good/very good health,73.8
LUX,Luxembourg,2014,ISCED11_3T4,"Upper secondary and post-secondary non-tertiary, all programmes",Good/very good health,75.7
LUX,Luxembourg,2015,ISCED11_3T4,"Upper secondary and post-secondary non-tertiary, all programmes",Good/very good health,72.8
LUX,Luxembourg,2016,ISCED11_3T4,"Upper secondary and post-secondary non-tertiary, all programmes",Good/very good health,71.1
LUX,Luxembourg,2017,ISCED11_3T4,"Upper secondary and post-secondary non-tertiary, all programmes",Good/very good health,74.2
LUX,Luxembourg,2018,ISCED11_3T4,"Upper secondary and post-secondary non-tertiary, all programmes",Good/very good health,70.4
LUX,Luxembourg,2019,ISCED11_3T4,"Upper secondary and post-secondary non-tertiary, all programmes",Good/very good health,72.1
LUX,Luxembourg,2020,ISCED11_3T4,"Upper secondary and post-secondary non-tertiary, all programmes",Good/very good health,73.7
LUX,Luxembourg,2021,ISCED11_3T4,"Upper secondary and post-secondary non-tertiary, all programmes",Good/very good health,76.9
LUX,Luxembourg,2022,ISCED11_3T4,"Upper secondary and post-secondary non-tertiary, all programmes",Good/very good health,73.1
LUX,Luxembourg,2023,ISCED11_3T4,"Upper secondary and post-secondary non-tertiary, all programmes",Good/very good health,72.9
LUX,Luxembourg,2024,ISCED11_3T4,"Upper secondary and post-secondary non-tertiary, all programmes",Good/very good health,72
LUX,Luxembourg,2025,ISCED11_3T4,"Upper secondary and post-secondary non-tertiary, all programmes",Good/very good health,71.6
NLD,Netherlands,2010,ISCED11_3T4,"Upper secondary and post-secondary non-tertiary, all programmes",Good/very good health,81.2
NLD,Netherlands,2011,ISCED11_3T4,"Upper secondary and post-secondary non-tertiary, all programmes",Good/very good health,79.3
NLD,Netherlands,2012,ISCED11_3T4,"Upper secondary and post-secondary non-tertiary, all programmes",Good/very good health,77.8
NLD,Netherlands,2013,ISCED11_3T4,"Upper secondary and post-secondary non-tertiary, all programmes",Good/very good health,75.6
NLD,Netherlands,2014,ISCED11_3T4,"Upper secondary and post-secondary non-tertiary, all programmes",Good/very good health,78.4
NLD,Netherlands,2015,ISCED11_3T4,"Upper secondary and post-secondary non-tertiary, all programmes",Good/very good health,76.7
NLD,Netherlands,2016,ISCED11_3T4,"Upper secondary and post-secondary non-tertiary, all programmes",Good/very good health,76
NLD,Netherlands,2017,ISCED11_3T4,"Upper secondary and post-secondary non-tertiary, all programmes",Good/very good health,74.7
NLD,Netherlands,2018,ISCED11_3T4,"Upper secondary and post-secondary non-tertiary, all programmes",Good/very good health,75.4
NLD,Netherlands,2019,ISCED11_3T4,"Upper secondary and post-secondary non-tertiary, all programmes",Good/very good health,74.4
NLD,Netherlands,2020,ISCED11_3T4,"Upper secondary and post-secondary non-tertiary, all programmes",Good/very good health,77.4
NLD,Netherlands,2021,ISCED11_3T4,"Upper secondary and post-secondary non-tertiary, all programmes",Good/very good health,73.4
NLD,Netherlands,2022,ISCED11_3T4,"Upper secondary and post-secondary non-tertiary, all programmes",Good/very good health,71.4
NLD,Netherlands,2023,ISCED11_3T4,"Upper secondary and post-secondary non-tertiary, all programmes",Good/very good health,67.9
NLD,Netherlands,2024,ISCED11_3T4,"Upper secondary and post-secondary non-tertiary, all programmes",Good/very good health,70.2
NLD,Netherlands,2025,ISCED11_3T4,"Upper secondary and post-secondary non-tertiary, all programmes",Good/very good health,68
NOR,Norway,2010,ISCED11_3T4,"Upper secondary and post-secondary non-tertiary, all programmes",Good/very good health,76
NOR,Norway,2011,ISCED11_3T4,"Upper secondary and post-secondary non-tertiary, all programmes",Good/very good health,71.9
NOR,Norway,2012,ISCED11_3T4,"Upper secondary and post-secondary non-tertiary, all programmes",Good/very good health,75.9
NOR,Norway,2013,ISCED11_3T4,"Upper secondary and post-secondary non-tertiary, all programmes",Good/very good health,74.1
NOR,Norway,2014,ISCED11_3T4,"Upper secondary and post-secondary non-tertiary, all programmes",Good/very good health,75.2
NOR,Norway,2015,ISCED11_3T4,"Upper secondary and post-secondary non-tertiary, all programmes",Good/very good health,76.6
NOR,Norway,2016,ISCED11_3T4,"Upper secondary and post-secondary non-tertiary, all programmes",Good/very good health,76
NOR,Norway,2017,ISCED11_3T4,"Upper secondary and post-secondary non-tertiary, all programmes",Good/very good health,76
NOR,Norway,2018,ISCED11_3T4,"Upper secondary and post-secondary non-tertiary, all programmes",Good/very good health,74.9
NOR,Norway,2019,ISCED11_3T4,"Upper secondary and post-secondary non-tertiary, all programmes",Good/very good health,70.2
NOR,Norway,2020,ISCED11_3T4,"Upper secondary and post-secondary non-tertiary, all programmes",Good/very good health,71.3
NOR,Norway,2021,ISCED11_3T4,"Upper secondary and post-secondary non-tertiary, all programmes",Good/very good health,73
NOR,Norway,2022,ISCED11_3T4,"Upper secondary and post-secondary non-tertiary, all programmes",Good/very good health,71
NOR,Norway,2023,ISCED11_3T4,"Upper secondary and post-secondary non-tertiary, all programmes",Good/very good health,71
NOR,Norway,2024,ISCED11_3T4,"Upper secondary and post-secondary non-tertiary, all programmes",Good/very good health,71.9
NOR,Norway,2025,ISCED11_3T4,"Upper secondary and post-secondary non-tertiary, all programmes",Good/very good health,70.5
POL,Poland,2010,ISCED11_3T4,"Upper secondary and post-secondary non-tertiary, all programmes",Good/very good health,59.6
POL,Poland,2011,ISCED11_3T4,"Upper secondary and post-secondary non-tertiary, all programmes",Good/very good health,59
POL,Poland,2012,ISCED11_3T4,"Upper secondary and post-secondary non-tertiary, all programmes",Good/very good health,58.9
POL,Poland,2013,ISCED11_3T4,"Upper secondary and post-secondary non-tertiary, all programmes",Good/very good health,58.8
POL,Poland,2014,ISCED11_3T4,"Upper secondary and post-secondary non-tertiary, all programmes",Good/very good health,58
POL,Poland,2015,ISCED11_3T4,"Upper secondary and post-secondary non-tertiary, all programmes",Good/very good health,56.9
POL,Poland,2016,ISCED11_3T4,"Upper secondary and post-secondary non-tertiary, all programmes",Good/very good health,57.4
POL,Poland,2017,ISCED11_3T4,"Upper secondary and post-secondary non-tertiary, all programmes",Good/very good health,57.2
POL,Poland,2018,ISCED11_3T4,"Upper secondary and post-secondary non-tertiary, all programmes",Good/very good health,57.3
POL,Poland,2019,ISCED11_3T4,"Upper secondary and post-secondary non-tertiary, all programmes",Good/very good health,57.8
POL,Poland,2020,ISCED11_3T4,"Upper secondary and post-secondary non-tertiary, all programmes",Good/very good health,59.7
POL,Poland,2021,ISCED11_3T4,"Upper secondary and post-secondary non-tertiary, all programmes",Good/very good health,61.7
POL,Poland,2022,ISCED11_3T4,"Upper secondary and post-secondary non-tertiary, all programmes",Good/very good health,59.4
POL,Poland,2023,ISCED11_3T4,"Upper secondary and post-secondary non-tertiary, all programmes",Good/very good health,60
POL,Poland,2024,ISCED11_3T4,"Upper secondary and post-secondary non-tertiary, all programmes",Good/very good health,61.3
POL,Poland,2025,ISCED11_3T4,"Upper secondary and post-secondary non-tertiary, all programmes",Good/very good health,60.6
PRT,Portugal,2010,ISCED11_3T4,"Upper secondary and post-secondary non-tertiary, all programmes",Good/very good health,78
PRT,Portugal,2011,ISCED11_3T4,"Upper secondary and post-secondary non-tertiary, all programmes",Good/very good health,76.5
PRT,Portugal,2012,ISCED11_3T4,"Upper secondary and post-secondary non-tertiary, all programmes",Good/very good health,74.4
PRT,Portugal,2013,ISCED11_3T4,"Upper secondary and post-secondary non-tertiary, all programmes",Good/very good health,71.3
PRT,Portugal,2014,ISCED11_3T4,"Upper secondary and post-secondary non-tertiary, all programmes",Good/very good health,69.5
PRT,Portugal,2015,ISCED11_3T4,"Upper secondary and post-secondary non-tertiary, all programmes",Good/very good health,68.8
PRT,Portugal,2016,ISCED11_3T4,"Upper secondary and post-secondary non-tertiary, all programmes",Good/very good health,69.1
PRT,Portugal,2017,ISCED11_3T4,"Upper secondary and post-secondary non-tertiary, all programmes",Good/very good health,68.5
PRT,Portugal,2018,ISCED11_3T4,"Upper secondary and post-secondary non-tertiary, all programmes",Good/very good health,68.8
PRT,Portugal,2019,ISCED11_3T4,"Upper secondary and post-secondary non-tertiary, all programmes",Good/very good health,70.4
PRT,Portugal,2020,ISCED11_3T4,"Upper secondary and post-secondary non-tertiary, all programmes",Good/very good health,69.8
PRT,Portugal,2021,ISCED11_3T4,"Upper secondary and post-secondary non-tertiary, all programmes",Good/very good health,66.2
PRT,Portugal,2022,ISCED11_3T4,"Upper secondary and post-secondary non-tertiary, all programmes",Good/very good health,64.8
PRT,Portugal,2023,ISCED11_3T4,"Upper secondary and post-secondary non-tertiary, all programmes",Good/very good health,67.4
PRT,Portugal,2024,ISCED11_3T4,"Upper secondary and post-secondary non-tertiary, all programmes",Good/very good health,70.3
PRT,Portugal,2025,ISCED11_3T4,"Upper secondary and post-secondary non-tertiary, all programmes",Good/very good health,68.4
SVK,Slovak Republic,2010,ISCED11_3T4,"Upper secondary and post-secondary non-tertiary, all programmes",Good/very good health,63.6
SVK,Slovak Republic,2011,ISCED11_3T4,"Upper secondary and post-secondary non-tertiary, all programmes",Good/very good health,63
SVK,Slovak Republic,2012,ISCED11_3T4,"Upper secondary and post-secondary non-tertiary, all programmes",Good/very good health,65.2
SVK,Slovak Republic,2013,ISCED11_3T4,"Upper secondary and post-secondary non-tertiary, all programmes",Good/very good health,65.3
SVK,Slovak Republic,2014,ISCED11_3T4,"Upper secondary and post-secondary non-tertiary, all programmes",Good/very good health,64.2
SVK,Slovak Republic,2015,ISCED11_3T4,"Upper secondary and post-secondary non-tertiary, all programmes",Good/very good health,64.9
SVK,Slovak Republic,2016,ISCED11_3T4,"Upper secondary and post-secondary non-tertiary, all programmes",Good/very good health,64.9
SVK,Slovak Republic,2017,ISCED11_3T4,"Upper secondary and post-secondary non-tertiary, all programmes",Good/very good health,66.5
SVK,Slovak Republic,2018,ISCED11_3T4,"Upper secondary and post-secondary non-tertiary, all programmes",Good/very good health,65.5
SVK,Slovak Republic,2019,ISCED11_3T4,"Upper secondary and post-secondary non-tertiary, all programmes",Good/very good health,64
SVK,Slovak Republic,2020,ISCED11_3T4,"Upper secondary and post-secondary non-tertiary, all programmes",Good/very good health,63.5
SVK,Slovak Republic,2021,ISCED11_3T4,"Upper secondary and post-secondary non-tertiary, all programmes",Good/very good health,62.7
SVK,Slovak Republic,2022,ISCED11_3T4,"Upper secondary and post-secondary non-tertiary, all programmes",Good/very good health,63.4
SVK,Slovak Republic,2023,ISCED11_3T4,"Upper secondary and post-secondary non-tertiary, all programmes",Good/very good health,65.2
SVK,Slovak Republic,2024,ISCED11_3T4,"Upper secondary and post-secondary non-tertiary, all programmes",Good/very good health,62.9
SVK,Slovak Republic,2025,ISCED11_3T4,"Upper secondary and post-secondary non-tertiary, all programmes",Good/very good health,65
SVN,Slovenia,2010,ISCED11_3T4,"Upper secondary and post-secondary non-tertiary, all programmes",Good/very good health,62.7
SVN,Slovenia,2011,ISCED11_3T4,"Upper secondary and post-secondary non-tertiary, all programmes",Good/very good health,62.8
SVN,Slovenia,2012,ISCED11_3T4,"Upper secondary and post-secondary non-tertiary, all programmes",Good/very good health,64.5
SVN,Slovenia,2013,ISCED11_3T4,"Upper secondary and post-secondary non-tertiary, all programmes",Good/very good health,66.6
SVN,Slovenia,2014,ISCED11_3T4,"Upper secondary and post-secondary non-tertiary, all programmes",Good/very good health,65.5
SVN,Slovenia,2015,ISCED11_3T4,"Upper secondary and post-secondary non-tertiary, all programmes",Good/very good health,64.7
SVN,Slovenia,2016,ISCED11_3T4,"Upper secondary and post-secondary non-tertiary, all programmes",Good/very good health,64.5
SVN,Slovenia,2017,ISCED11_3T4,"Upper secondary and post-secondary non-tertiary, all programmes",Good/very good health,65.6
SVN,Slovenia,2018,ISCED11_3T4,"Upper secondary and post-secondary non-tertiary, all programmes",Good/very good health,65.8
SVN,Slovenia,2019,ISCED11_3T4,"Upper secondary and post-secondary non-tertiary, all programmes",Good/very good health,65.7
SVN,Slovenia,2020,ISCED11_3T4,"Upper secondary and post-secondary non-tertiary, all programmes",Good/very good health,66.5
SVN,Slovenia,2021,ISCED11_3T4,"Upper secondary and post-secondary non-tertiary, all programmes",Good/very good health,66.9
SVN,Slovenia,2022,ISCED11_3T4,"Upper secondary and post-secondary non-tertiary, all programmes",Good/very good health,64.9
SVN,Slovenia,2023,ISCED11_3T4,"Upper secondary and post-secondary non-tertiary, all programmes",Good/very good health,63
SVN,Slovenia,2024,ISCED11_3T4,"Upper secondary and post-secondary non-tertiary, all programmes",Good/very good health,64.7
SVN,Slovenia,2025,ISCED11_3T4,"Upper secondary and post-secondary non-tertiary, all programmes",Good/very good health,61.8
ESP,Spain,2010,ISCED11_3T4,"Upper secondary and post-secondary non-tertiary, all programmes",Good/very good health,83.8
ESP,Spain,2011,ISCED11_3T4,"Upper secondary and post-secondary non-tertiary, all programmes",Good/very good health,86.6
ESP,Spain,2012,ISCED11_3T4,"Upper secondary and post-secondary non-tertiary, all programmes",Good/very good health,85.6
ESP,Spain,2013,ISCED11_3T4,"Upper secondary and post-secondary non-tertiary, all programmes",Good/very good health,82.9
ESP,Spain,2014,ISCED11_3T4,"Upper secondary and post-secondary non-tertiary, all programmes",Good/very good health,83.7
ESP,Spain,2015,ISCED11_3T4,"Upper secondary and post-secondary non-tertiary, all programmes",Good/very good health,82.6
ESP,Spain,2016,ISCED11_3T4,"Upper secondary and post-secondary non-tertiary, all programmes",Good/very good health,82.2
ESP,Spain,2017,ISCED11_3T4,"Upper secondary and post-secondary non-tertiary, all programmes",Good/very good health,84.3
ESP,Spain,2018,ISCED11_3T4,"Upper secondary and post-secondary non-tertiary, all programmes",Good/very good health,82.9
ESP,Spain,2019,ISCED11_3T4,"Upper secondary and post-secondary non-tertiary, all programmes",Good/very good health,83.9
ESP,Spain,2020,ISCED11_3T4,"Upper secondary and post-secondary non-tertiary, all programmes",Good/very good health,78.7
ESP,Spain,2021,ISCED11_3T4,"Upper secondary and post-secondary non-tertiary, all programmes",Good/very good health,76.7
ESP,Spain,2022,ISCED11_3T4,"Upper secondary and post-secondary non-tertiary, all programmes",Good/very good health,75.6
ESP,Spain,2023,ISCED11_3T4,"Upper secondary and post-secondary non-tertiary, all programmes",Good/very good health,75.1
ESP,Spain,2024,ISCED11_3T4,"Upper secondary and post-secondary non-tertiary, all programmes",Good/very good health,75.4
ESP,Spain,2025,ISCED11_3T4,"Upper secondary and post-secondary non-tertiary, all programmes",Good/very good health,74.4
SWE,Sweden,2010,ISCED11_3T4,"Upper secondary and post-secondary non-tertiary, all programmes",Good/very good health,79.8
SWE,Sweden,2011,ISCED11_3T4,"Upper secondary and post-secondary non-tertiary, all programmes",Good/very good health,78.6
SWE,Sweden,2012,ISCED11_3T4,"Upper secondary and post-secondary non-tertiary, all programmes",Good/very good health,79.5
SWE,Sweden,2013,ISCED11_3T4,"Upper secondary and post-secondary non-tertiary, all programmes",Good/very good health,80.1
SWE,Sweden,2014,ISCED11_3T4,"Upper secondary and post-secondary non-tertiary, all programmes",Good/very good health,80.1
SWE,Sweden,2015,ISCED11_3T4,"Upper secondary and post-secondary non-tertiary, all programmes",Good/very good health,78.1
SWE,Sweden,2016,ISCED11_3T4,"Upper secondary and post-secondary non-tertiary, all programmes",Good/very good health,76
SWE,Sweden,2017,ISCED11_3T4,"Upper secondary and post-secondary non-tertiary, all programmes",Good/very good health,76.7
SWE,Sweden,2018,ISCED11_3T4,"Upper secondary and post-secondary non-tertiary, all programmes",Good/very good health,75
SWE,Sweden,2019,ISCED11_3T4,"Upper secondary and post-secondary non-tertiary, all programmes",Good/very good health,75.9
SWE,Sweden,2020,ISCED11_3T4,"Upper secondary and post-secondary non-tertiary, all programmes",Good/very good health,76.2
SWE,Sweden,2021,ISCED11_3T4,"Upper secondary and post-secondary non-tertiary, all programmes",Good/very good health,70.5
SWE,Sweden,2022,ISCED11_3T4,"Upper secondary and post-secondary non-tertiary, all programmes",Good/very good health,63.6
SWE,Sweden,2023,ISCED11_3T4,"Upper secondary and post-secondary non-tertiary, all programmes",Good/very good health,64.2
SWE,Sweden,2024,ISCED11_3T4,"Upper secondary and post-secondary non-tertiary, all programmes",Good/very good health,63.8
SWE,Sweden,2025,ISCED11_3T4,"Upper secondary and post-secondary non-tertiary, all programmes",Good/very good health,61.1
CHE,Switzerland,2010,ISCED11_3T4,"Upper secondary and post-secondary non-tertiary, all programmes",Good/very good health,82.2
CHE,Switzerland,2011,ISCED11_3T4,"Upper secondary and post-secondary non-tertiary, all programmes",Good/very good health,82.1
CHE,Switzerland,2012,ISCED11_3T4,"Upper secondary and post-secondary non-tertiary, all programmes",Good/very good health,82.8
CHE,Switzerland,2013,ISCED11_3T4,"Upper secondary and post-secondary non-tertiary, all programmes",Good/very good health,80.8
CHE,Switzerland,2014,ISCED11_3T4,"Upper secondary and post-secondary non-tertiary, all programmes",Good/very good health,78.6
CHE,Switzerland,2015,ISCED11_3T4,"Upper secondary and post-secondary non-tertiary, all programmes",Good/very good health,79.9
CHE,Switzerland,2016,ISCED11_3T4,"Upper secondary and post-secondary non-tertiary, all programmes",Good/very good health,77.9
CHE,Switzerland,2017,ISCED11_3T4,"Upper secondary and post-secondary non-tertiary, all programmes",Good/very good health,79.6
CHE,Switzerland,2018,ISCED11_3T4,"Upper secondary and post-secondary non-tertiary, all programmes",Good/very good health,79.1
CHE,Switzerland,2019,ISCED11_3T4,"Upper secondary and post-secondary non-tertiary, all programmes",Good/very good health,79.1
CHE,Switzerland,2020,ISCED11_3T4,"Upper secondary and post-secondary non-tertiary, all programmes",Good/very good health,81.9
CHE,Switzerland,2021,ISCED11_3T4,"Upper secondary and post-secondary non-tertiary, all programmes",Good/very good health,79.8
CHE,Switzerland,2022,ISCED11_3T4,"Upper secondary and post-secondary non-tertiary, all programmes",Good/very good health,79.1
CHE,Switzerland,2023,ISCED11_3T4,"Upper secondary and post-secondary non-tertiary, all programmes",Good/very good health,77.8
CHE,Switzerland,2024,ISCED11_3T4,"Upper secondary and post-secondary non-tertiary, all programmes",Good/very good health,78.2
TUR,Türkiye,2010,ISCED11_3T4,"Upper secondary and post-secondary non-tertiary, all programmes",Good/very good health,83.3
TUR,Türkiye,2011,ISCED11_3T4,"Upper secondary and post-secondary non-tertiary, all programmes",Good/very good health,84.2
TUR,Türkiye,2012,ISCED11_3T4,"Upper secondary and post-secondary non-tertiary, all programmes",Good/very good health,84.8
TUR,Türkiye,2013,ISCED11_3T4,"Upper secondary and post-secondary non-tertiary, all programmes",Good/very good health,83.7
TUR,Türkiye,2014,ISCED11_3T4,"Upper secondary and post-secondary non-tertiary, all programmes",Good/very good health,84.2
TUR,Türkiye,2015,ISCED11_3T4,"Upper secondary and post-secondary non-tertiary, all programmes",Good/very good health,81.6
TUR,Türkiye,2016,ISCED11_3T4,"Upper secondary and post-secondary non-tertiary, all programmes",Good/very good health,83.9
TUR,Türkiye,2017,ISCED11_3T4,"Upper secondary and post-secondary non-tertiary, all programmes",Good/very good health,82.7
TUR,Türkiye,2018,ISCED11_3T4,"Upper secondary and post-secondary non-tertiary, all programmes",Good/very good health,81.9
TUR,Türkiye,2019,ISCED11_3T4,"Upper secondary and post-secondary non-tertiary, all programmes",Good/very good health,80.9
TUR,Türkiye,2020,ISCED11_3T4,"Upper secondary and post-secondary non-tertiary, all programmes",Good/very good health,82.9
TUR,Türkiye,2021,ISCED11_3T4,"Upper secondary and post-secondary non-tertiary, all programmes",Good/very good health,80.8
TUR,Türkiye,2022,ISCED11_3T4,"Upper secondary and post-secondary non-tertiary, all programmes",Good/very good health,78.6
TUR,Türkiye,2023,ISCED11_3T4,"Upper secondary and post-secondary non-tertiary, all programmes",Good/very good health,77.2
TUR,Türkiye,2024,ISCED11_3T4,"Upper secondary and post-secondary non-tertiary, all programmes",Good/very good health,77
TUR,Türkiye,2025,ISCED11_3T4,"Upper secondary and post-secondary non-tertiary, all programmes",Good/very good health,75.7
GBR,United Kingdom,2010,ISCED11_3T4,"Upper secondary and post-secondary non-tertiary, all programmes",Good/very good health,82.6
GBR,United Kingdom,2011,ISCED11_3T4,"Upper secondary and post-secondary non-tertiary, all programmes",Good/very good health,80.6
GBR,United Kingdom,2012,ISCED11_3T4,"Upper secondary and post-secondary non-tertiary, all programmes",Good/very good health,80.3
GBR,United Kingdom,2013,ISCED11_3T4,"Upper secondary and post-secondary non-tertiary, all programmes",Good/very good health,77.9
GBR,United Kingdom,2014,ISCED11_3T4,"Upper secondary and post-secondary non-tertiary, all programmes",Good/very good health,74.6
GBR,United Kingdom,2015,ISCED11_3T4,"Upper secondary and post-secondary non-tertiary, all programmes",Good/very good health,72.7
GBR,United Kingdom,2016,ISCED11_3T4,"Upper secondary and post-secondary non-tertiary, all programmes",Good/very good health,71
GBR,United Kingdom,2017,ISCED11_3T4,"Upper secondary and post-secondary non-tertiary, all programmes",Good/very good health,75.6
GBR,United Kingdom,2018,ISCED11_3T4,"Upper secondary and post-secondary non-tertiary, all programmes",Good/very good health,75.1
GBR,United Kingdom,2021,ISCED11_3T4,"Upper secondary and post-secondary non-tertiary, all programmes",Good/very good health,76.8
GBR,United Kingdom,2022,ISCED11_3T4,"Upper secondary and post-secondary non-tertiary, all programmes",Good/very good health,75.3
GBR,United Kingdom,2023,ISCED11_3T4,"Upper secondary and post-secondary non-tertiary, all programmes",Good/very good health,74.4
GBR,United Kingdom,2024,ISCED11_3T4,"Upper secondary and post-secondary non-tertiary, all programmes",Good/very good health,73.4
BGR,Bulgaria,2010,ISCED11_3T4,"Upper secondary and post-secondary non-tertiary, all programmes",Good/very good health,74.9
BGR,Bulgaria,2011,ISCED11_3T4,"Upper secondary and post-secondary non-tertiary, all programmes",Good/very good health,73.4
BGR,Bulgaria,2012,ISCED11_3T4,"Upper secondary and post-secondary non-tertiary, all programmes",Good/very good health,72.6
BGR,Bulgaria,2013,ISCED11_3T4,"Upper secondary and post-secondary non-tertiary, all programmes",Good/very good health,71.9
BGR,Bulgaria,2014,ISCED11_3T4,"Upper secondary and post-secondary non-tertiary, all programmes",Good/very good health,71.1
BGR,Bulgaria,2015,ISCED11_3T4,"Upper secondary and post-secondary non-tertiary, all programmes",Good/very good health,69.4
BGR,Bulgaria,2016,ISCED11_3T4,"Upper secondary and post-secondary non-tertiary, all programmes",Good/very good health,69.4
BGR,Bulgaria,2017,ISCED11_3T4,"Upper secondary and post-secondary non-tertiary, all programmes",Good/very good health,69.8
BGR,Bulgaria,2018,ISCED11_3T4,"Upper secondary and post-secondary non-tertiary, all programmes",Good/very good health,69.1
BGR,Bulgaria,2019,ISCED11_3T4,"Upper secondary and post-secondary non-tertiary, all programmes",Good/very good health,69.1
BGR,Bulgaria,2020,ISCED11_3T4,"Upper secondary and post-secondary non-tertiary, all programmes",Good/very good health,67.3
BGR,Bulgaria,2021,ISCED11_3T4,"Upper secondary and post-secondary non-tertiary, all programmes",Good/very good health,67.9
BGR,Bulgaria,2022,ISCED11_3T4,"Upper secondary and post-secondary non-tertiary, all programmes",Good/very good health,69.7
BGR,Bulgaria,2023,ISCED11_3T4,"Upper secondary and post-secondary non-tertiary, all programmes",Good/very good health,66.1
BGR,Bulgaria,2024,ISCED11_3T4,"Upper secondary and post-secondary non-tertiary, all programmes",Good/very good health,65.7
BGR,Bulgaria,2025,ISCED11_3T4,"Upper secondary and post-secondary non-tertiary, all programmes",Good/very good health,64.4
HRV,Croatia,2010,ISCED11_3T4,"Upper secondary and post-secondary non-tertiary, all programmes",Good/very good health,55.9
HRV,Croatia,2011,ISCED11_3T4,"Upper secondary and post-secondary non-tertiary, all programmes",Good/very good health,54.9
HRV,Croatia,2012,ISCED11_3T4,"Upper secondary and post-secondary non-tertiary, all programmes",Good/very good health,55.7
HRV,Croatia,2013,ISCED11_3T4,"Upper secondary and post-secondary non-tertiary, all programmes",Good/very good health,53
HRV,Croatia,2014,ISCED11_3T4,"Upper secondary and post-secondary non-tertiary, all programmes",Good/very good health,66
HRV,Croatia,2015,ISCED11_3T4,"Upper secondary and post-secondary non-tertiary, all programmes",Good/very good health,65.9
HRV,Croatia,2016,ISCED11_3T4,"Upper secondary and post-secondary non-tertiary, all programmes",Good/very good health,66.1
HRV,Croatia,2017,ISCED11_3T4,"Upper secondary and post-secondary non-tertiary, all programmes",Good/very good health,67.4
HRV,Croatia,2018,ISCED11_3T4,"Upper secondary and post-secondary non-tertiary, all programmes",Good/very good health,67
HRV,Croatia,2019,ISCED11_3T4,"Upper secondary and post-secondary non-tertiary, all programmes",Good/very good health,66.5
HRV,Croatia,2020,ISCED11_3T4,"Upper secondary and post-secondary non-tertiary, all programmes",Good/very good health,69.1
HRV,Croatia,2021,ISCED11_3T4,"Upper secondary and post-secondary non-tertiary, all programmes",Good/very good health,67.1
HRV,Croatia,2022,ISCED11_3T4,"Upper secondary and post-secondary non-tertiary, all programmes",Good/very good health,67.5
HRV,Croatia,2023,ISCED11_3T4,"Upper secondary and post-secondary non-tertiary, all programmes",Good/very good health,68.6
HRV,Croatia,2024,ISCED11_3T4,"Upper secondary and post-secondary non-tertiary, all programmes",Good/very good health,70.5
HRV,Croatia,2025,ISCED11_3T4,"Upper secondary and post-secondary non-tertiary, all programmes",Good/very good health,71.3
ROU,Romania,2010,ISCED11_3T4,"Upper secondary and post-secondary non-tertiary, all programmes",Good/very good health,76.7
ROU,Romania,2011,ISCED11_3T4,"Upper secondary and post-secondary non-tertiary, all programmes",Good/very good health,74
ROU,Romania,2012,ISCED11_3T4,"Upper secondary and post-secondary non-tertiary, all programmes",Good/very good health,74
ROU,Romania,2013,ISCED11_3T4,"Upper secondary and post-secondary non-tertiary, all programmes",Good/very good health,75.5
ROU,Romania,2014,ISCED11_3T4,"Upper secondary and post-secondary non-tertiary, all programmes",Good/very good health,75.3
ROU,Romania,2015,ISCED11_3T4,"Upper secondary and post-secondary non-tertiary, all programmes",Good/very good health,75.7
ROU,Romania,2016,ISCED11_3T4,"Upper secondary and post-secondary non-tertiary, all programmes",Good/very good health,75.4
ROU,Romania,2017,ISCED11_3T4,"Upper secondary and post-secondary non-tertiary, all programmes",Good/very good health,75.9
ROU,Romania,2018,ISCED11_3T4,"Upper secondary and post-secondary non-tertiary, all programmes",Good/very good health,75.5
ROU,Romania,2019,ISCED11_3T4,"Upper secondary and post-secondary non-tertiary, all programmes",Good/very good health,76.2
ROU,Romania,2020,ISCED11_3T4,"Upper secondary and post-secondary non-tertiary, all programmes",Good/very good health,77.7
ROU,Romania,2021,ISCED11_3T4,"Upper secondary and post-secondary non-tertiary, all programmes",Good/very good health,76.5
ROU,Romania,2022,ISCED11_3T4,"Upper secondary and post-secondary non-tertiary, all programmes",Good/very good health,76.7
ROU,Romania,2023,ISCED11_3T4,"Upper secondary and post-secondary non-tertiary, all programmes",Good/very good health,74.8
ROU,Romania,2024,ISCED11_3T4,"Upper secondary and post-secondary non-tertiary, all programmes",Good/very good health,77.9
ROU,Romania,2025,ISCED11_3T4,"Upper secondary and post-secondary non-tertiary, all programmes",Good/very good health,76.1
AUT,Austria,2010,ISCED11_5T8,Tertiary education,Good/very good health,82.8
AUT,Austria,2011,ISCED11_5T8,Tertiary education,Good/very good health,82.2
AUT,Austria,2012,ISCED11_5T8,Tertiary education,Good/very good health,82.8
AUT,Austria,2013,ISCED11_5T8,Tertiary education,Good/very good health,80
AUT,Austria,2014,ISCED11_5T8,Tertiary education,Good/very good health,83.1
AUT,Austria,2015,ISCED11_5T8,Tertiary education,Good/very good health,82
AUT,Austria,2016,ISCED11_5T8,Tertiary education,Good/very good health,81.9
AUT,Austria,2017,ISCED11_5T8,Tertiary education,Good/very good health,82.9
AUT,Austria,2018,ISCED11_5T8,Tertiary education,Good/very good health,83.4
AUT,Austria,2019,ISCED11_5T8,Tertiary education,Good/very good health,84.2
AUT,Austria,2020,ISCED11_5T8,Tertiary education,Good/very good health,86.1
AUT,Austria,2021,ISCED11_5T8,Tertiary education,Good/very good health,87.2
AUT,Austria,2022,ISCED11_5T8,Tertiary education,Good/very good health,86.6
AUT,Austria,2023,ISCED11_5T8,Tertiary education,Good/very good health,83.4
AUT,Austria,2024,ISCED11_5T8,Tertiary education,Good/very good health,84.4
AUT,Austria,2025,ISCED11_5T8,Tertiary education,Good/very good health,83
BEL,Belgium,2010,ISCED11_5T8,Tertiary education,Good/very good health,84.5
BEL,Belgium,2011,ISCED11_5T8,Tertiary education,Good/very good health,85.5
BEL,Belgium,2012,ISCED11_5T8,Tertiary education,Good/very good health,85.8
BEL,Belgium,2013,ISCED11_5T8,Tertiary education,Good/very good health,84.3
BEL,Belgium,2014,ISCED11_5T8,Tertiary education,Good/very good health,85.9
BEL,Belgium,2015,ISCED11_5T8,Tertiary education,Good/very good health,85.3
BEL,Belgium,2016,ISCED11_5T8,Tertiary education,Good/very good health,82.9
BEL,Belgium,2017,ISCED11_5T8,Tertiary education,Good/very good health,84.1
BEL,Belgium,2018,ISCED11_5T8,Tertiary education,Good/very good health,84.4
BEL,Belgium,2019,ISCED11_5T8,Tertiary education,Good/very good health,83.9
BEL,Belgium,2020,ISCED11_5T8,Tertiary education,Good/very good health,85.5
BEL,Belgium,2021,ISCED11_5T8,Tertiary education,Good/very good health,85.6
BEL,Belgium,2022,ISCED11_5T8,Tertiary education,Good/very good health,83.5
BEL,Belgium,2023,ISCED11_5T8,Tertiary education,Good/very good health,83.1
BEL,Belgium,2024,ISCED11_5T8,Tertiary education,Good/very good health,82.8
BEL,Belgium,2025,ISCED11_5T8,Tertiary education,Good/very good health,81.4
CHL,Chile,2011,ISCED11_5T8,Tertiary education,Good/very good health,71
CHL,Chile,2015,ISCED11_5T8,Tertiary education,Good/very good health,71.4
CHL,Chile,2017,ISCED11_5T8,Tertiary education,Good/very good health,72.9
COL,Colombia,2018,ISCED11_5T8,Tertiary education,Good/very good health,90.3
COL,Colombia,2019,ISCED11_5T8,Tertiary education,Good/very good health,89.3
CZE,Czechia,2010,ISCED11_5T8,Tertiary education,Good/very good health,77.6
CZE,Czechia,2011,ISCED11_5T8,Tertiary education,Good/very good health,75.7
CZE,Czechia,2012,ISCED11_5T8,Tertiary education,Good/very good health,75.4
CZE,Czechia,2013,ISCED11_5T8,Tertiary education,Good/very good health,76.8
CZE,Czechia,2014,ISCED11_5T8,Tertiary education,Good/very good health,76.7
CZE,Czechia,2015,ISCED11_5T8,Tertiary education,Good/very good health,78.3
CZE,Czechia,2016,ISCED11_5T8,Tertiary education,Good/very good health,78.8
CZE,Czechia,2017,ISCED11_5T8,Tertiary education,Good/very good health,80
CZE,Czechia,2018,ISCED11_5T8,Tertiary education,Good/very good health,79.9
CZE,Czechia,2019,ISCED11_5T8,Tertiary education,Good/very good health,80.7
CZE,Czechia,2020,ISCED11_5T8,Tertiary education,Good/very good health,81
CZE,Czechia,2021,ISCED11_5T8,Tertiary education,Good/very good health,81.9
CZE,Czechia,2022,ISCED11_5T8,Tertiary education,Good/very good health,82.7
CZE,Czechia,2023,ISCED11_5T8,Tertiary education,Good/very good health,81.4
CZE,Czechia,2024,ISCED11_5T8,Tertiary education,Good/very good health,80.4
CZE,Czechia,2025,ISCED11_5T8,Tertiary education,Good/very good health,81.1
DNK,Denmark,2010,ISCED11_5T8,Tertiary education,Good/very good health,81.8
DNK,Denmark,2011,ISCED11_5T8,Tertiary education,Good/very good health,81.2
DNK,Denmark,2012,ISCED11_5T8,Tertiary education,Good/very good health,78.8
DNK,Denmark,2013,ISCED11_5T8,Tertiary education,Good/very good health,79.5
DNK,Denmark,2014,ISCED11_5T8,Tertiary education,Good/very good health,80.5
DNK,Denmark,2015,ISCED11_5T8,Tertiary education,Good/very good health,79.3
DNK,Denmark,2016,ISCED11_5T8,Tertiary education,Good/very good health,79.3
DNK,Denmark,2017,ISCED11_5T8,Tertiary education,Good/very good health,80.1
DNK,Denmark,2018,ISCED11_5T8,Tertiary education,Good/very good health,77
DNK,Denmark,2019,ISCED11_5T8,Tertiary education,Good/very good health,78.6
DNK,Denmark,2020,ISCED11_5T8,Tertiary education,Good/very good health,79.3
DNK,Denmark,2021,ISCED11_5T8,Tertiary education,Good/very good health,77.6
DNK,Denmark,2022,ISCED11_5T8,Tertiary education,Good/very good health,73.4
DNK,Denmark,2023,ISCED11_5T8,Tertiary education,Good/very good health,73.4
DNK,Denmark,2024,ISCED11_5T8,Tertiary education,Good/very good health,78
DNK,Denmark,2025,ISCED11_5T8,Tertiary education,Good/very good health,77.1
EST,Estonia,2010,ISCED11_5T8,Tertiary education,Good/very good health,63.9
EST,Estonia,2011,ISCED11_5T8,Tertiary education,Good/very good health,63.1
EST,Estonia,2012,ISCED11_5T8,Tertiary education,Good/very good health,61.9
EST,Estonia,2013,ISCED11_5T8,Tertiary education,Good/very good health,62.1
EST,Estonia,2014,ISCED11_5T8,Tertiary education,Good/very good health,62.7
EST,Estonia,2015,ISCED11_5T8,Tertiary education,Good/very good health,62
EST,Estonia,2016,ISCED11_5T8,Tertiary education,Good/very good health,62.9
EST,Estonia,2017,ISCED11_5T8,Tertiary education,Good/very good health,63.9
EST,Estonia,2018,ISCED11_5T8,Tertiary education,Good/very good health,62
EST,Estonia,2019,ISCED11_5T8,Tertiary education,Good/very good health,65.4
EST,Estonia,2020,ISCED11_5T8,Tertiary education,Good/very good health,67.4
EST,Estonia,2021,ISCED11_5T8,Tertiary education,Good/very good health,71.5
EST,Estonia,2022,ISCED11_5T8,Tertiary education,Good/very good health,71
EST,Estonia,2023,ISCED11_5T8,Tertiary education,Good/very good health,67
EST,Estonia,2024,ISCED11_5T8,Tertiary education,Good/very good health,70.2
EST,Estonia,2025,ISCED11_5T8,Tertiary education,Good/very good health,69.7
FIN,Finland,2010,ISCED11_5T8,Tertiary education,Good/very good health,80.8
FIN,Finland,2011,ISCED11_5T8,Tertiary education,Good/very good health,80.8
FIN,Finland,2012,ISCED11_5T8,Tertiary education,Good/very good health,79
FIN,Finland,2013,ISCED11_5T8,Tertiary education,Good/very good health,75.7
FIN,Finland,2014,ISCED11_5T8,Tertiary education,Good/very good health,80.2
FIN,Finland,2015,ISCED11_5T8,Tertiary education,Good/very good health,81.3
FIN,Finland,2016,ISCED11_5T8,Tertiary education,Good/very good health,80.6
FIN,Finland,2017,ISCED11_5T8,Tertiary education,Good/very good health,80.6
FIN,Finland,2018,ISCED11_5T8,Tertiary education,Good/very good health,79.2
FIN,Finland,2019,ISCED11_5T8,Tertiary education,Good/very good health,79.2
FIN,Finland,2020,ISCED11_5T8,Tertiary education,Good/very good health,80.5
FIN,Finland,2021,ISCED11_5T8,Tertiary education,Good/very good health,84.9
FIN,Finland,2022,ISCED11_5T8,Tertiary education,Good/very good health,78.8
FIN,Finland,2023,ISCED11_5T8,Tertiary education,Good/very good health,79.8
FIN,Finland,2024,ISCED11_5T8,Tertiary education,Good/very good health,80.6
FIN,Finland,2025,ISCED11_5T8,Tertiary education,Good/very good health,82.1
FRA,France,2010,ISCED11_5T8,Tertiary education,Good/very good health,81.2
FRA,France,2011,ISCED11_5T8,Tertiary education,Good/very good health,81.3
FRA,France,2012,ISCED11_5T8,Tertiary education,Good/very good health,81.5
FRA,France,2013,ISCED11_5T8,Tertiary education,Good/very good health,79.4
FRA,France,2014,ISCED11_5T8,Tertiary education,Good/very good health,80.4
FRA,France,2015,ISCED11_5T8,Tertiary education,Good/very good health,79.1
FRA,France,2016,ISCED11_5T8,Tertiary education,Good/very good health,76.9
FRA,France,2017,ISCED11_5T8,Tertiary education,Good/very good health,78.8
FRA,France,2018,ISCED11_5T8,Tertiary education,Good/very good health,78.6
FRA,France,2019,ISCED11_5T8,Tertiary education,Good/very good health,76.7
FRA,France,2020,ISCED11_5T8,Tertiary education,Good/very good health,80.5
FRA,France,2021,ISCED11_5T8,Tertiary education,Good/very good health,80.1
FRA,France,2022,ISCED11_5T8,Tertiary education,Good/very good health,78.7
FRA,France,2023,ISCED11_5T8,Tertiary education,Good/very good health,78.6
FRA,France,2024,ISCED11_5T8,Tertiary education,Good/very good health,79.6
FRA,France,2025,ISCED11_5T8,Tertiary education,Good/very good health,77.2
DEU,Germany,2010,ISCED11_5T8,Tertiary education,Good/very good health,72.2
DEU,Germany,2011,ISCED11_5T8,Tertiary education,Good/very good health,72.1
DEU,Germany,2012,ISCED11_5T8,Tertiary education,Good/very good health,73.2
DEU,Germany,2013,ISCED11_5T8,Tertiary education,Good/very good health,73
DEU,Germany,2014,ISCED11_5T8,Tertiary education,Good/very good health,73.5
DEU,Germany,2015,ISCED11_5T8,Tertiary education,Good/very good health,74.2
DEU,Germany,2016,ISCED11_5T8,Tertiary education,Good/very good health,74.6
DEU,Germany,2017,ISCED11_5T8,Tertiary education,Good/very good health,74.9
DEU,Germany,2018,ISCED11_5T8,Tertiary education,Good/very good health,75.4
DEU,Germany,2019,ISCED11_5T8,Tertiary education,Good/very good health,74.7
DEU,Germany,2020,ISCED11_5T8,Tertiary education,Good/very good health,75.5
DEU,Germany,2021,ISCED11_5T8,Tertiary education,Good/very good health,74.3
DEU,Germany,2022,ISCED11_5T8,Tertiary education,Good/very good health,75.2
DEU,Germany,2023,ISCED11_5T8,Tertiary education,Good/very good health,75.1
DEU,Germany,2024,ISCED11_5T8,Tertiary education,Good/very good health,74.7
DEU,Germany,2025,ISCED11_5T8,Tertiary education,Good/very good health,75
GRC,Greece,2010,ISCED11_5T8,Tertiary education,Good/very good health,92.1
GRC,Greece,2011,ISCED11_5T8,Tertiary education,Good/very good health,91.7
GRC,Greece,2012,ISCED11_5T8,Tertiary education,Good/very good health,89.2
GRC,Greece,2013,ISCED11_5T8,Tertiary education,Good/very good health,89.6
GRC,Greece,2014,ISCED11_5T8,Tertiary education,Good/very good health,88.7
GRC,Greece,2015,ISCED11_5T8,Tertiary education,Good/very good health,89.1
GRC,Greece,2016,ISCED11_5T8,Tertiary education,Good/very good health,88.2
GRC,Greece,2017,ISCED11_5T8,Tertiary education,Good/very good health,88.4
GRC,Greece,2018,ISCED11_5T8,Tertiary education,Good/very good health,89
GRC,Greece,2019,ISCED11_5T8,Tertiary education,Good/very good health,91
GRC,Greece,2020,ISCED11_5T8,Tertiary education,Good/very good health,89.7
GRC,Greece,2021,ISCED11_5T8,Tertiary education,Good/very good health,88.7
GRC,Greece,2022,ISCED11_5T8,Tertiary education,Good/very good health,88.3
GRC,Greece,2023,ISCED11_5T8,Tertiary education,Good/very good health,89.2
GRC,Greece,2024,ISCED11_5T8,Tertiary education,Good/very good health,88.7
GRC,Greece,2025,ISCED11_5T8,Tertiary education,Good/very good health,88.6
HUN,Hungary,2010,ISCED11_5T8,Tertiary education,Good/very good health,68.8
HUN,Hungary,2011,ISCED11_5T8,Tertiary education,Good/very good health,69.6
HUN,Hungary,2012,ISCED11_5T8,Tertiary education,Good/very good health,70.9
HUN,Hungary,2013,ISCED11_5T8,Tertiary education,Good/very good health,71.1
HUN,Hungary,2014,ISCED11_5T8,Tertiary education,Good/very good health,72.2
HUN,Hungary,2015,ISCED11_5T8,Tertiary education,Good/very good health,71.4
HUN,Hungary,2016,ISCED11_5T8,Tertiary education,Good/very good health,74.1
HUN,Hungary,2017,ISCED11_5T8,Tertiary education,Good/very good health,71.1
HUN,Hungary,2018,ISCED11_5T8,Tertiary education,Good/very good health,72.1
HUN,Hungary,2019,ISCED11_5T8,Tertiary education,Good/very good health,70.3
HUN,Hungary,2020,ISCED11_5T8,Tertiary education,Good/very good health,74.8
HUN,Hungary,2021,ISCED11_5T8,Tertiary education,Good/very good health,78
HUN,Hungary,2022,ISCED11_5T8,Tertiary education,Good/very good health,76
HUN,Hungary,2023,ISCED11_5T8,Tertiary education,Good/very good health,78.3
HUN,Hungary,2024,ISCED11_5T8,Tertiary education,Good/very good health,77.6
HUN,Hungary,2025,ISCED11_5T8,Tertiary education,Good/very good health,75.5
ISL,Iceland,2010,ISCED11_5T8,Tertiary education,Good/very good health,89.2
ISL,Iceland,2011,ISCED11_5T8,Tertiary education,Good/very good health,89.5
ISL,Iceland,2012,ISCED11_5T8,Tertiary education,Good/very good health,88.7
ISL,Iceland,2013,ISCED11_5T8,Tertiary education,Good/very good health,86.7
ISL,Iceland,2014,ISCED11_5T8,Tertiary education,Good/very good health,84.7
ISL,Iceland,2015,ISCED11_5T8,Tertiary education,Good/very good health,86.2
ISL,Iceland,2016,ISCED11_5T8,Tertiary education,Good/very good health,83.4
ISL,Iceland,2017,ISCED11_5T8,Tertiary education,Good/very good health,85.9
ISL,Iceland,2018,ISCED11_5T8,Tertiary education,Good/very good health,85.6
ISL,Iceland,2019,ISCED11_5T8,Tertiary education,Good/very good health,82.7
ISL,Iceland,2020,ISCED11_5T8,Tertiary education,Good/very good health,81.9
IRL,Ireland,2010,ISCED11_5T8,Tertiary education,Good/very good health,92.2
IRL,Ireland,2011,ISCED11_5T8,Tertiary education,Good/very good health,91.3
IRL,Ireland,2012,ISCED11_5T8,Tertiary education,Good/very good health,90.4
IRL,Ireland,2013,ISCED11_5T8,Tertiary education,Good/very good health,90.2
IRL,Ireland,2014,ISCED11_5T8,Tertiary education,Good/very good health,91.4
IRL,Ireland,2015,ISCED11_5T8,Tertiary education,Good/very good health,89.9
IRL,Ireland,2016,ISCED11_5T8,Tertiary education,Good/very good health,90.7
IRL,Ireland,2017,ISCED11_5T8,Tertiary education,Good/very good health,90.5
IRL,Ireland,2018,ISCED11_5T8,Tertiary education,Good/very good health,89.8
IRL,Ireland,2019,ISCED11_5T8,Tertiary education,Good/very good health,91
IRL,Ireland,2020,ISCED11_5T8,Tertiary education,Good/very good health,89.9
IRL,Ireland,2021,ISCED11_5T8,Tertiary education,Good/very good health,89.5
IRL,Ireland,2022,ISCED11_5T8,Tertiary education,Good/very good health,88.7
IRL,Ireland,2023,ISCED11_5T8,Tertiary education,Good/very good health,86.6
IRL,Ireland,2024,ISCED11_5T8,Tertiary education,Good/very good health,87.9
IRL,Ireland,2025,ISCED11_5T8,Tertiary education,Good/very good health,85.9
ISR,Israel,2019,ISCED11_5T8,Tertiary education,Good/very good health,78
ISR,Israel,2020,ISCED11_5T8,Tertiary education,Good/very good health,78.3
ITA,Italy,2010,ISCED11_5T8,Tertiary education,Good/very good health,84
ITA,Italy,2011,ISCED11_5T8,Tertiary education,Good/very good health,84.2
ITA,Italy,2012,ISCED11_5T8,Tertiary education,Good/very good health,86.1
ITA,Italy,2013,ISCED11_5T8,Tertiary education,Good/very good health,84
ITA,Italy,2014,ISCED11_5T8,Tertiary education,Good/very good health,85.9
ITA,Italy,2015,ISCED11_5T8,Tertiary education,Good/very good health,82.2
ITA,Italy,2016,ISCED11_5T8,Tertiary education,Good/very good health,86.5
ITA,Italy,2017,ISCED11_5T8,Tertiary education,Good/very good health,89.7
ITA,Italy,2018,ISCED11_5T8,Tertiary education,Good/very good health,86.3
ITA,Italy,2019,ISCED11_5T8,Tertiary education,Good/very good health,86.3
ITA,Italy,2021,ISCED11_5T8,Tertiary education,Good/very good health,85
ITA,Italy,2022,ISCED11_5T8,Tertiary education,Good/very good health,84.1
ITA,Italy,2023,ISCED11_5T8,Tertiary education,Good/very good health,85.3
ITA,Italy,2024,ISCED11_5T8,Tertiary education,Good/very good health,86.2
ITA,Italy,2025,ISCED11_5T8,Tertiary education,Good/very good health,85.6
JPN,Japan,2013,ISCED11_5T8,Tertiary education,Good/very good health,40.6
JPN,Japan,2016,ISCED11_5T8,Tertiary education,Good/very good health,40.7
JPN,Japan,2019,ISCED11_5T8,Tertiary education,Good/very good health,41.6
JPN,Japan,2022,ISCED11_5T8,Tertiary education,Good/very good health,41.9
KOR,Korea,2010,ISCED11_5T8,Tertiary education,Good/very good health,56.5
KOR,Korea,2012,ISCED11_5T8,Tertiary education,Good/very good health,53.4
KOR,Korea,2014,ISCED11_5T8,Tertiary education,Good/very good health,58
KOR,Korea,2016,ISCED11_5T8,Tertiary education,Good/very good health,55.4
KOR,Korea,2018,ISCED11_5T8,Tertiary education,Good/very good health,57.2
KOR,Korea,2020,ISCED11_5T8,Tertiary education,Good/very good health,59.3
KOR,Korea,2022,ISCED11_5T8,Tertiary education,Good/very good health,61.3
KOR,Korea,2024,ISCED11_5T8,Tertiary education,Good/very good health,62
LVA,Latvia,2010,ISCED11_5T8,Tertiary education,Good/very good health,60.5
LVA,Latvia,2011,ISCED11_5T8,Tertiary education,Good/very good health,59.2
LVA,Latvia,2012,ISCED11_5T8,Tertiary education,Good/very good health,59.9
LVA,Latvia,2013,ISCED11_5T8,Tertiary education,Good/very good health,57.8
LVA,Latvia,2014,ISCED11_5T8,Tertiary education,Good/very good health,58.4
LVA,Latvia,2015,ISCED11_5T8,Tertiary education,Good/very good health,59.3
LVA,Latvia,2016,ISCED11_5T8,Tertiary education,Good/very good health,59.9
LVA,Latvia,2017,ISCED11_5T8,Tertiary education,Good/very good health,54.7
LVA,Latvia,2018,ISCED11_5T8,Tertiary education,Good/very good health,61.6
LVA,Latvia,2019,ISCED11_5T8,Tertiary education,Good/very good health,60.8
LVA,Latvia,2020,ISCED11_5T8,Tertiary education,Good/very good health,62.4
LVA,Latvia,2021,ISCED11_5T8,Tertiary education,Good/very good health,62.3
LVA,Latvia,2022,ISCED11_5T8,Tertiary education,Good/very good health,60.7
LVA,Latvia,2023,ISCED11_5T8,Tertiary education,Good/very good health,60.1
LVA,Latvia,2024,ISCED11_5T8,Tertiary education,Good/very good health,60.1
LVA,Latvia,2025,ISCED11_5T8,Tertiary education,Good/very good health,58.2
LTU,Lithuania,2010,ISCED11_5T8,Tertiary education,Good/very good health,69.1
LTU,Lithuania,2011,ISCED11_5T8,Tertiary education,Good/very good health,61
LTU,Lithuania,2012,ISCED11_5T8,Tertiary education,Good/very good health,61.8
LTU,Lithuania,2013,ISCED11_5T8,Tertiary education,Good/very good health,64.8
LTU,Lithuania,2014,ISCED11_5T8,Tertiary education,Good/very good health,63.7
LTU,Lithuania,2015,ISCED11_5T8,Tertiary education,Good/very good health,61.9
LTU,Lithuania,2016,ISCED11_5T8,Tertiary education,Good/very good health,62.2
LTU,Lithuania,2017,ISCED11_5T8,Tertiary education,Good/very good health,63.7
LTU,Lithuania,2018,ISCED11_5T8,Tertiary education,Good/very good health,63.2
LTU,Lithuania,2019,ISCED11_5T8,Tertiary education,Good/very good health,64
LTU,Lithuania,2020,ISCED11_5T8,Tertiary education,Good/very good health,62.9
LTU,Lithuania,2021,ISCED11_5T8,Tertiary education,Good/very good health,64.1
LTU,Lithuania,2022,ISCED11_5T8,Tertiary education,Good/very good health,65.1
LTU,Lithuania,2023,ISCED11_5T8,Tertiary education,Good/very good health,63.5
LTU,Lithuania,2024,ISCED11_5T8,Tertiary education,Good/very good health,64.2
LTU,Lithuania,2025,ISCED11_5T8,Tertiary education,Good/very good health,65.8
LUX,Luxembourg,2010,ISCED11_5T8,Tertiary education,Good/very good health,86.2
LUX,Luxembourg,2011,ISCED11_5T8,Tertiary education,Good/very good health,84.4
LUX,Luxembourg,2012,ISCED11_5T8,Tertiary education,Good/very good health,85.3
LUX,Luxembourg,2013,ISCED11_5T8,Tertiary education,Good/very good health,83.5
LUX,Luxembourg,2014,ISCED11_5T8,Tertiary education,Good/very good health,83.5
LUX,Luxembourg,2015,ISCED11_5T8,Tertiary education,Good/very good health,82.2
LUX,Luxembourg,2016,ISCED11_5T8,Tertiary education,Good/very good health,82
LUX,Luxembourg,2017,ISCED11_5T8,Tertiary education,Good/very good health,81.6
LUX,Luxembourg,2018,ISCED11_5T8,Tertiary education,Good/very good health,78.8
LUX,Luxembourg,2019,ISCED11_5T8,Tertiary education,Good/very good health,82
LUX,Luxembourg,2020,ISCED11_5T8,Tertiary education,Good/very good health,82
LUX,Luxembourg,2021,ISCED11_5T8,Tertiary education,Good/very good health,84.1
LUX,Luxembourg,2022,ISCED11_5T8,Tertiary education,Good/very good health,81.1
LUX,Luxembourg,2023,ISCED11_5T8,Tertiary education,Good/very good health,82.9
LUX,Luxembourg,2024,ISCED11_5T8,Tertiary education,Good/very good health,82.6
LUX,Luxembourg,2025,ISCED11_5T8,Tertiary education,Good/very good health,83.5
NLD,Netherlands,2010,ISCED11_5T8,Tertiary education,Good/very good health,87.4
NLD,Netherlands,2011,ISCED11_5T8,Tertiary education,Good/very good health,85.8
NLD,Netherlands,2012,ISCED11_5T8,Tertiary education,Good/very good health,84.8
NLD,Netherlands,2013,ISCED11_5T8,Tertiary education,Good/very good health,83
NLD,Netherlands,2014,ISCED11_5T8,Tertiary education,Good/very good health,86
NLD,Netherlands,2015,ISCED11_5T8,Tertiary education,Good/very good health,85.5
NLD,Netherlands,2016,ISCED11_5T8,Tertiary education,Good/very good health,83.9
NLD,Netherlands,2017,ISCED11_5T8,Tertiary education,Good/very good health,85.2
NLD,Netherlands,2018,ISCED11_5T8,Tertiary education,Good/very good health,83.5
NLD,Netherlands,2019,ISCED11_5T8,Tertiary education,Good/very good health,83.3
NLD,Netherlands,2020,ISCED11_5T8,Tertiary education,Good/very good health,85.7
NLD,Netherlands,2021,ISCED11_5T8,Tertiary education,Good/very good health,81.9
NLD,Netherlands,2022,ISCED11_5T8,Tertiary education,Good/very good health,79
NLD,Netherlands,2023,ISCED11_5T8,Tertiary education,Good/very good health,77.9
NLD,Netherlands,2024,ISCED11_5T8,Tertiary education,Good/very good health,77.6
NLD,Netherlands,2025,ISCED11_5T8,Tertiary education,Good/very good health,76.7
NOR,Norway,2010,ISCED11_5T8,Tertiary education,Good/very good health,86.2
NOR,Norway,2011,ISCED11_5T8,Tertiary education,Good/very good health,85.7
NOR,Norway,2012,ISCED11_5T8,Tertiary education,Good/very good health,86.5
NOR,Norway,2013,ISCED11_5T8,Tertiary education,Good/very good health,85.6
NOR,Norway,2014,ISCED11_5T8,Tertiary education,Good/very good health,86.1
NOR,Norway,2015,ISCED11_5T8,Tertiary education,Good/very good health,87.3
NOR,Norway,2016,ISCED11_5T8,Tertiary education,Good/very good health,85.5
NOR,Norway,2017,ISCED11_5T8,Tertiary education,Good/very good health,85.6
NOR,Norway,2018,ISCED11_5T8,Tertiary education,Good/very good health,85
NOR,Norway,2019,ISCED11_5T8,Tertiary education,Good/very good health,80.9
NOR,Norway,2020,ISCED11_5T8,Tertiary education,Good/very good health,83.6
NOR,Norway,2021,ISCED11_5T8,Tertiary education,Good/very good health,82.1
NOR,Norway,2022,ISCED11_5T8,Tertiary education,Good/very good health,81.7
NOR,Norway,2023,ISCED11_5T8,Tertiary education,Good/very good health,82.3
NOR,Norway,2024,ISCED11_5T8,Tertiary education,Good/very good health,81
NOR,Norway,2025,ISCED11_5T8,Tertiary education,Good/very good health,80.7
POL,Poland,2010,ISCED11_5T8,Tertiary education,Good/very good health,77.6
POL,Poland,2011,ISCED11_5T8,Tertiary education,Good/very good health,77.3
POL,Poland,2012,ISCED11_5T8,Tertiary education,Good/very good health,76.3
POL,Poland,2013,ISCED11_5T8,Tertiary education,Good/very good health,77.5
POL,Poland,2014,ISCED11_5T8,Tertiary education,Good/very good health,77.7
POL,Poland,2015,ISCED11_5T8,Tertiary education,Good/very good health,77.3
POL,Poland,2016,ISCED11_5T8,Tertiary education,Good/very good health,77.4
POL,Poland,2017,ISCED11_5T8,Tertiary education,Good/very good health,77.4
POL,Poland,2018,ISCED11_5T8,Tertiary education,Good/very good health,77.9
POL,Poland,2019,ISCED11_5T8,Tertiary education,Good/very good health,77.7
POL,Poland,2020,ISCED11_5T8,Tertiary education,Good/very good health,78
POL,Poland,2021,ISCED11_5T8,Tertiary education,Good/very good health,81.2
POL,Poland,2022,ISCED11_5T8,Tertiary education,Good/very good health,78.4
POL,Poland,2023,ISCED11_5T8,Tertiary education,Good/very good health,78.6
POL,Poland,2024,ISCED11_5T8,Tertiary education,Good/very good health,80.4
POL,Poland,2025,ISCED11_5T8,Tertiary education,Good/very good health,79.6
PRT,Portugal,2010,ISCED11_5T8,Tertiary education,Good/very good health,77.8
PRT,Portugal,2011,ISCED11_5T8,Tertiary education,Good/very good health,78.8
PRT,Portugal,2012,ISCED11_5T8,Tertiary education,Good/very good health,78.1
PRT,Portugal,2013,ISCED11_5T8,Tertiary education,Good/very good health,75.7
PRT,Portugal,2014,ISCED11_5T8,Tertiary education,Good/very good health,73.9
PRT,Portugal,2015,ISCED11_5T8,Tertiary education,Good/very good health,72.6
PRT,Portugal,2016,ISCED11_5T8,Tertiary education,Good/very good health,74.4
PRT,Portugal,2017,ISCED11_5T8,Tertiary education,Good/very good health,74.3
PRT,Portugal,2018,ISCED11_5T8,Tertiary education,Good/very good health,74.9
PRT,Portugal,2019,ISCED11_5T8,Tertiary education,Good/very good health,75.2
PRT,Portugal,2020,ISCED11_5T8,Tertiary education,Good/very good health,75.5
PRT,Portugal,2021,ISCED11_5T8,Tertiary education,Good/very good health,74.1
PRT,Portugal,2022,ISCED11_5T8,Tertiary education,Good/very good health,73.9
PRT,Portugal,2023,ISCED11_5T8,Tertiary education,Good/very good health,75.5
PRT,Portugal,2024,ISCED11_5T8,Tertiary education,Good/very good health,76.2
PRT,Portugal,2025,ISCED11_5T8,Tertiary education,Good/very good health,75.9
SVK,Slovak Republic,2010,ISCED11_5T8,Tertiary education,Good/very good health,79.2
SVK,Slovak Republic,2011,ISCED11_5T8,Tertiary education,Good/very good health,76.9
SVK,Slovak Republic,2012,ISCED11_5T8,Tertiary education,Good/very good health,80.6
SVK,Slovak Republic,2013,ISCED11_5T8,Tertiary education,Good/very good health,82
SVK,Slovak Republic,2014,ISCED11_5T8,Tertiary education,Good/very good health,81.1
SVK,Slovak Republic,2015,ISCED11_5T8,Tertiary education,Good/very good health,82.6
SVK,Slovak Republic,2016,ISCED11_5T8,Tertiary education,Good/very good health,83.2
SVK,Slovak Republic,2017,ISCED11_5T8,Tertiary education,Good/very good health,81.4
SVK,Slovak Republic,2018,ISCED11_5T8,Tertiary education,Good/very good health,82.1
SVK,Slovak Republic,2019,ISCED11_5T8,Tertiary education,Good/very good health,80.6
SVK,Slovak Republic,2020,ISCED11_5T8,Tertiary education,Good/very good health,82.2
SVK,Slovak Republic,2021,ISCED11_5T8,Tertiary education,Good/very good health,80.8
SVK,Slovak Republic,2022,ISCED11_5T8,Tertiary education,Good/very good health,82
SVK,Slovak Republic,2023,ISCED11_5T8,Tertiary education,Good/very good health,84.1
SVK,Slovak Republic,2024,ISCED11_5T8,Tertiary education,Good/very good health,83.8
SVK,Slovak Republic,2025,ISCED11_5T8,Tertiary education,Good/very good health,83
SVN,Slovenia,2010,ISCED11_5T8,Tertiary education,Good/very good health,75.4
SVN,Slovenia,2011,ISCED11_5T8,Tertiary education,Good/very good health,75.1
SVN,Slovenia,2012,ISCED11_5T8,Tertiary education,Good/very good health,78.6
SVN,Slovenia,2013,ISCED11_5T8,Tertiary education,Good/very good health,77.9
SVN,Slovenia,2014,ISCED11_5T8,Tertiary education,Good/very good health,80.4
SVN,Slovenia,2015,ISCED11_5T8,Tertiary education,Good/very good health,79.1
SVN,Slovenia,2016,ISCED11_5T8,Tertiary education,Good/very good health,80.3
SVN,Slovenia,2017,ISCED11_5T8,Tertiary education,Good/very good health,79.9
SVN,Slovenia,2018,ISCED11_5T8,Tertiary education,Good/very good health,78.9
SVN,Slovenia,2019,ISCED11_5T8,Tertiary education,Good/very good health,81.4
SVN,Slovenia,2020,ISCED11_5T8,Tertiary education,Good/very good health,80.7
SVN,Slovenia,2021,ISCED11_5T8,Tertiary education,Good/very good health,83
SVN,Slovenia,2022,ISCED11_5T8,Tertiary education,Good/very good health,82.7
SVN,Slovenia,2023,ISCED11_5T8,Tertiary education,Good/very good health,81.9
SVN,Slovenia,2024,ISCED11_5T8,Tertiary education,Good/very good health,80.7
SVN,Slovenia,2025,ISCED11_5T8,Tertiary education,Good/very good health,79.4
ESP,Spain,2010,ISCED11_5T8,Tertiary education,Good/very good health,87.6
ESP,Spain,2011,ISCED11_5T8,Tertiary education,Good/very good health,89.5
ESP,Spain,2012,ISCED11_5T8,Tertiary education,Good/very good health,89.3
ESP,Spain,2013,ISCED11_5T8,Tertiary education,Good/very good health,86.3
ESP,Spain,2014,ISCED11_5T8,Tertiary education,Good/very good health,87.2
ESP,Spain,2015,ISCED11_5T8,Tertiary education,Good/very good health,87.1
ESP,Spain,2016,ISCED11_5T8,Tertiary education,Good/very good health,86.5
ESP,Spain,2017,ISCED11_5T8,Tertiary education,Good/very good health,87.1
ESP,Spain,2018,ISCED11_5T8,Tertiary education,Good/very good health,87.2
ESP,Spain,2019,ISCED11_5T8,Tertiary education,Good/very good health,88.7
ESP,Spain,2020,ISCED11_5T8,Tertiary education,Good/very good health,85.6
ESP,Spain,2021,ISCED11_5T8,Tertiary education,Good/very good health,85
ESP,Spain,2022,ISCED11_5T8,Tertiary education,Good/very good health,83
ESP,Spain,2023,ISCED11_5T8,Tertiary education,Good/very good health,82.7
ESP,Spain,2024,ISCED11_5T8,Tertiary education,Good/very good health,82.1
ESP,Spain,2025,ISCED11_5T8,Tertiary education,Good/very good health,81.8
SWE,Sweden,2010,ISCED11_5T8,Tertiary education,Good/very good health,87.2
SWE,Sweden,2011,ISCED11_5T8,Tertiary education,Good/very good health,87.6
SWE,Sweden,2012,ISCED11_5T8,Tertiary education,Good/very good health,87.4
SWE,Sweden,2013,ISCED11_5T8,Tertiary education,Good/very good health,87.1
SWE,Sweden,2014,ISCED11_5T8,Tertiary education,Good/very good health,86.5
SWE,Sweden,2015,ISCED11_5T8,Tertiary education,Good/very good health,85.3
SWE,Sweden,2016,ISCED11_5T8,Tertiary education,Good/very good health,82.9
SWE,Sweden,2017,ISCED11_5T8,Tertiary education,Good/very good health,83.5
SWE,Sweden,2018,ISCED11_5T8,Tertiary education,Good/very good health,83.2
SWE,Sweden,2019,ISCED11_5T8,Tertiary education,Good/very good health,82.2
SWE,Sweden,2020,ISCED11_5T8,Tertiary education,Good/very good health,83.8
SWE,Sweden,2021,ISCED11_5T8,Tertiary education,Good/very good health,78.6
SWE,Sweden,2022,ISCED11_5T8,Tertiary education,Good/very good health,74.2
SWE,Sweden,2023,ISCED11_5T8,Tertiary education,Good/very good health,74.5
SWE,Sweden,2024,ISCED11_5T8,Tertiary education,Good/very good health,73.6
SWE,Sweden,2025,ISCED11_5T8,Tertiary education,Good/very good health,70.7
CHE,Switzerland,2010,ISCED11_5T8,Tertiary education,Good/very good health,88.6
CHE,Switzerland,2011,ISCED11_5T8,Tertiary education,Good/very good health,88.7
CHE,Switzerland,2012,ISCED11_5T8,Tertiary education,Good/very good health,89
CHE,Switzerland,2013,ISCED11_5T8,Tertiary education,Good/very good health,86.6
CHE,Switzerland,2014,ISCED11_5T8,Tertiary education,Good/very good health,84.8
CHE,Switzerland,2015,ISCED11_5T8,Tertiary education,Good/very good health,85.5
CHE,Switzerland,2016,ISCED11_5T8,Tertiary education,Good/very good health,82.9
CHE,Switzerland,2017,ISCED11_5T8,Tertiary education,Good/very good health,86.5
CHE,Switzerland,2018,ISCED11_5T8,Tertiary education,Good/very good health,88
CHE,Switzerland,2019,ISCED11_5T8,Tertiary education,Good/very good health,87.1
CHE,Switzerland,2020,ISCED11_5T8,Tertiary education,Good/very good health,88.3
CHE,Switzerland,2021,ISCED11_5T8,Tertiary education,Good/very good health,86.9
CHE,Switzerland,2022,ISCED11_5T8,Tertiary education,Good/very good health,85.4
CHE,Switzerland,2023,ISCED11_5T8,Tertiary education,Good/very good health,85.5
CHE,Switzerland,2024,ISCED11_5T8,Tertiary education,Good/very good health,84
TUR,Türkiye,2010,ISCED11_5T8,Tertiary education,Good/very good health,85.3
TUR,Türkiye,2011,ISCED11_5T8,Tertiary education,Good/very good health,85.8
TUR,Türkiye,2012,ISCED11_5T8,Tertiary education,Good/very good health,86.9
TUR,Türkiye,2013,ISCED11_5T8,Tertiary education,Good/very good health,86.8
TUR,Türkiye,2014,ISCED11_5T8,Tertiary education,Good/very good health,87.8
TUR,Türkiye,2015,ISCED11_5T8,Tertiary education,Good/very good health,85.7
TUR,Türkiye,2016,ISCED11_5T8,Tertiary education,Good/very good health,87.2
TUR,Türkiye,2017,ISCED11_5T8,Tertiary education,Good/very good health,87
TUR,Türkiye,2018,ISCED11_5T8,Tertiary education,Good/very good health,85.8
TUR,Türkiye,2019,ISCED11_5T8,Tertiary education,Good/very good health,85.9
TUR,Türkiye,2020,ISCED11_5T8,Tertiary education,Good/very good health,86.6
TUR,Türkiye,2021,ISCED11_5T8,Tertiary education,Good/very good health,85.2
TUR,Türkiye,2022,ISCED11_5T8,Tertiary education,Good/very good health,83.4
TUR,Türkiye,2023,ISCED11_5T8,Tertiary education,Good/very good health,80.4
TUR,Türkiye,2024,ISCED11_5T8,Tertiary education,Good/very good health,81.3
TUR,Türkiye,2025,ISCED11_5T8,Tertiary education,Good/very good health,80
GBR,United Kingdom,2010,ISCED11_5T8,Tertiary education,Good/very good health,87.6
GBR,United Kingdom,2011,ISCED11_5T8,Tertiary education,Good/very good health,85
GBR,United Kingdom,2012,ISCED11_5T8,Tertiary education,Good/very good health,84.7
GBR,United Kingdom,2013,ISCED11_5T8,Tertiary education,Good/very good health,84.3
GBR,United Kingdom,2014,ISCED11_5T8,Tertiary education,Good/very good health,80.5
GBR,United Kingdom,2015,ISCED11_5T8,Tertiary education,Good/very good health,80.9
GBR,United Kingdom,2016,ISCED11_5T8,Tertiary education,Good/very good health,78.9
GBR,United Kingdom,2017,ISCED11_5T8,Tertiary education,Good/very good health,79.4
GBR,United Kingdom,2018,ISCED11_5T8,Tertiary education,Good/very good health,79.4
GBR,United Kingdom,2021,ISCED11_5T8,Tertiary education,Good/very good health,84.7
GBR,United Kingdom,2022,ISCED11_5T8,Tertiary education,Good/very good health,83.9
GBR,United Kingdom,2023,ISCED11_5T8,Tertiary education,Good/very good health,83.2
GBR,United Kingdom,2024,ISCED11_5T8,Tertiary education,Good/very good health,82.6
BGR,Bulgaria,2010,ISCED11_5T8,Tertiary education,Good/very good health,77.9
BGR,Bulgaria,2011,ISCED11_5T8,Tertiary education,Good/very good health,78.2
BGR,Bulgaria,2012,ISCED11_5T8,Tertiary education,Good/very good health,76.7
BGR,Bulgaria,2013,ISCED11_5T8,Tertiary education,Good/very good health,75.9
BGR,Bulgaria,2014,ISCED11_5T8,Tertiary education,Good/very good health,74.7
BGR,Bulgaria,2015,ISCED11_5T8,Tertiary education,Good/very good health,74.9
BGR,Bulgaria,2016,ISCED11_5T8,Tertiary education,Good/very good health,75.3
BGR,Bulgaria,2017,ISCED11_5T8,Tertiary education,Good/very good health,76.7
BGR,Bulgaria,2018,ISCED11_5T8,Tertiary education,Good/very good health,77.8
BGR,Bulgaria,2019,ISCED11_5T8,Tertiary education,Good/very good health,77.6
BGR,Bulgaria,2020,ISCED11_5T8,Tertiary education,Good/very good health,77.5
BGR,Bulgaria,2021,ISCED11_5T8,Tertiary education,Good/very good health,78.4
BGR,Bulgaria,2022,ISCED11_5T8,Tertiary education,Good/very good health,77.3
BGR,Bulgaria,2023,ISCED11_5T8,Tertiary education,Good/very good health,75.3
BGR,Bulgaria,2024,ISCED11_5T8,Tertiary education,Good/very good health,76.1
BGR,Bulgaria,2025,ISCED11_5T8,Tertiary education,Good/very good health,75.5
HRV,Croatia,2010,ISCED11_5T8,Tertiary education,Good/very good health,65.6
HRV,Croatia,2011,ISCED11_5T8,Tertiary education,Good/very good health,63.9
HRV,Croatia,2012,ISCED11_5T8,Tertiary education,Good/very good health,62.3
HRV,Croatia,2013,ISCED11_5T8,Tertiary education,Good/very good health,63.9
HRV,Croatia,2014,ISCED11_5T8,Tertiary education,Good/very good health,75.2
HRV,Croatia,2015,ISCED11_5T8,Tertiary education,Good/very good health,75.1
HRV,Croatia,2016,ISCED11_5T8,Tertiary education,Good/very good health,75.4
HRV,Croatia,2017,ISCED11_5T8,Tertiary education,Good/very good health,76.4
HRV,Croatia,2018,ISCED11_5T8,Tertiary education,Good/very good health,74.7
HRV,Croatia,2019,ISCED11_5T8,Tertiary education,Good/very good health,75.2
HRV,Croatia,2020,ISCED11_5T8,Tertiary education,Good/very good health,77.5
HRV,Croatia,2021,ISCED11_5T8,Tertiary education,Good/very good health,82.2
HRV,Croatia,2022,ISCED11_5T8,Tertiary education,Good/very good health,83.5
HRV,Croatia,2023,ISCED11_5T8,Tertiary education,Good/very good health,82.5
HRV,Croatia,2024,ISCED11_5T8,Tertiary education,Good/very good health,83.9
HRV,Croatia,2025,ISCED11_5T8,Tertiary education,Good/very good health,84.7
ROU,Romania,2010,ISCED11_5T8,Tertiary education,Good/very good health,82.3
ROU,Romania,2011,ISCED11_5T8,Tertiary education,Good/very good health,80.7
ROU,Romania,2012,ISCED11_5T8,Tertiary education,Good/very good health,84.6
ROU,Romania,2013,ISCED11_5T8,Tertiary education,Good/very good health,83.3
ROU,Romania,2014,ISCED11_5T8,Tertiary education,Good/very good health,86.2
ROU,Romania,2015,ISCED11_5T8,Tertiary education,Good/very good health,85.7
ROU,Romania,2016,ISCED11_5T8,Tertiary education,Good/very good health,85.7
ROU,Romania,2017,ISCED11_5T8,Tertiary education,Good/very good health,88.5
ROU,Romania,2018,ISCED11_5T8,Tertiary education,Good/very good health,86.2
ROU,Romania,2019,ISCED11_5T8,Tertiary education,Good/very good health,87.4
ROU,Romania,2020,ISCED11_5T8,Tertiary education,Good/very good health,88.9
ROU,Romania,2021,ISCED11_5T8,Tertiary education,Good/very good health,89.2
ROU,Romania,2022,ISCED11_5T8,Tertiary education,Good/very good health,88.5
ROU,Romania,2023,ISCED11_5T8,Tertiary education,Good/very good health,87.9
ROU,Romania,2024,ISCED11_5T8,Tertiary education,Good/very good health,91
ROU,Romania,2025,ISCED11_5T8,Tertiary education,Good/very good health,87.9
AUT,Austria,2010,ISCED11_0T2,"Pre-primary, primary and lower secondary education",Good/very good health,50.4
AUT,Austria,2011,ISCED11_0T2,"Pre-primary, primary and lower secondary education",Good/very good health,53.1
AUT,Austria,2012,ISCED11_0T2,"Pre-primary, primary and lower secondary education",Good/very good health,54.4
AUT,Austria,2013,ISCED11_0T2,"Pre-primary, primary and lower secondary education",Good/very good health,52.9
AUT,Austria,2014,ISCED11_0T2,"Pre-primary, primary and lower secondary education",Good/very good health,51.4
AUT,Austria,2015,ISCED11_0T2,"Pre-primary, primary and lower secondary education",Good/very good health,49.6
AUT,Austria,2016,ISCED11_0T2,"Pre-primary, primary and lower secondary education",Good/very good health,53.1
AUT,Austria,2017,ISCED11_0T2,"Pre-primary, primary and lower secondary education",Good/very good health,49.7
AUT,Austria,2018,ISCED11_0T2,"Pre-primary, primary and lower secondary education",Good/very good health,54.3
AUT,Austria,2019,ISCED11_0T2,"Pre-primary, primary and lower secondary education",Good/very good health,53.8
AUT,Austria,2020,ISCED11_0T2,"Pre-primary, primary and lower secondary education",Good/very good health,56.5
AUT,Austria,2021,ISCED11_0T2,"Pre-primary, primary and lower secondary education",Good/very good health,57.3
AUT,Austria,2022,ISCED11_0T2,"Pre-primary, primary and lower secondary education",Good/very good health,53.9
AUT,Austria,2023,ISCED11_0T2,"Pre-primary, primary and lower secondary education",Good/very good health,55.4
AUT,Austria,2024,ISCED11_0T2,"Pre-primary, primary and lower secondary education",Good/very good health,51.8
AUT,Austria,2025,ISCED11_0T2,"Pre-primary, primary and lower secondary education",Good/very good health,53.6
BEL,Belgium,2010,ISCED11_0T2,"Pre-primary, primary and lower secondary education",Good/very good health,58.7
BEL,Belgium,2011,ISCED11_0T2,"Pre-primary, primary and lower secondary education",Good/very good health,57
BEL,Belgium,2012,ISCED11_0T2,"Pre-primary, primary and lower secondary education",Good/very good health,60.8
BEL,Belgium,2013,ISCED11_0T2,"Pre-primary, primary and lower secondary education",Good/very good health,60
BEL,Belgium,2014,ISCED11_0T2,"Pre-primary, primary and lower secondary education",Good/very good health,58.4
BEL,Belgium,2015,ISCED11_0T2,"Pre-primary, primary and lower secondary education",Good/very good health,57.4
BEL,Belgium,2016,ISCED11_0T2,"Pre-primary, primary and lower secondary education",Good/very good health,59.3
BEL,Belgium,2017,ISCED11_0T2,"Pre-primary, primary and lower secondary education",Good/very good health,61.4
BEL,Belgium,2018,ISCED11_0T2,"Pre-primary, primary and lower secondary education",Good/very good health,62.2
BEL,Belgium,2019,ISCED11_0T2,"Pre-primary, primary and lower secondary education",Good/very good health,60.3
BEL,Belgium,2020,ISCED11_0T2,"Pre-primary, primary and lower secondary education",Good/very good health,59.7
BEL,Belgium,2021,ISCED11_0T2,"Pre-primary, primary and lower secondary education",Good/very good health,61.6
BEL,Belgium,2022,ISCED11_0T2,"Pre-primary, primary and lower secondary education",Good/very good health,59.1
BEL,Belgium,2023,ISCED11_0T2,"Pre-primary, primary and lower secondary education",Good/very good health,60.6
BEL,Belgium,2024,ISCED11_0T2,"Pre-primary, primary and lower secondary education",Good/very good health,60.6
BEL,Belgium,2025,ISCED11_0T2,"Pre-primary, primary and lower secondary education",Good/very good health,60.2
CHL,Chile,2011,ISCED11_0T2,"Pre-primary, primary and lower secondary education",Good/very good health,47.5
CHL,Chile,2015,ISCED11_0T2,"Pre-primary, primary and lower secondary education",Good/very good health,39.6
CHL,Chile,2017,ISCED11_0T2,"Pre-primary, primary and lower secondary education",Good/very good health,40.3
COL,Colombia,2018,ISCED11_0T2,"Pre-primary, primary and lower secondary education",Good/very good health,70.5
COL,Colombia,2019,ISCED11_0T2,"Pre-primary, primary and lower secondary education",Good/very good health,70.9
CZE,Czechia,2010,ISCED11_0T2,"Pre-primary, primary and lower secondary education",Good/very good health,47
CZE,Czechia,2011,ISCED11_0T2,"Pre-primary, primary and lower secondary education",Good/very good health,42.3
CZE,Czechia,2012,ISCED11_0T2,"Pre-primary, primary and lower secondary education",Good/very good health,44.2
CZE,Czechia,2013,ISCED11_0T2,"Pre-primary, primary and lower secondary education",Good/very good health,40.7
CZE,Czechia,2014,ISCED11_0T2,"Pre-primary, primary and lower secondary education",Good/very good health,42
CZE,Czechia,2015,ISCED11_0T2,"Pre-primary, primary and lower secondary education",Good/very good health,43.2
CZE,Czechia,2016,ISCED11_0T2,"Pre-primary, primary and lower secondary education",Good/very good health,43.1
CZE,Czechia,2017,ISCED11_0T2,"Pre-primary, primary and lower secondary education",Good/very good health,42.6
CZE,Czechia,2018,ISCED11_0T2,"Pre-primary, primary and lower secondary education",Good/very good health,40.3
CZE,Czechia,2019,ISCED11_0T2,"Pre-primary, primary and lower secondary education",Good/very good health,41.6
CZE,Czechia,2020,ISCED11_0T2,"Pre-primary, primary and lower secondary education",Good/very good health,41
CZE,Czechia,2021,ISCED11_0T2,"Pre-primary, primary and lower secondary education",Good/very good health,60.1
CZE,Czechia,2022,ISCED11_0T2,"Pre-primary, primary and lower secondary education",Good/very good health,60
CZE,Czechia,2023,ISCED11_0T2,"Pre-primary, primary and lower secondary education",Good/very good health,60.4
CZE,Czechia,2024,ISCED11_0T2,"Pre-primary, primary and lower secondary education",Good/very good health,62.8
CZE,Czechia,2025,ISCED11_0T2,"Pre-primary, primary and lower secondary education",Good/very good health,64.3
DNK,Denmark,2010,ISCED11_0T2,"Pre-primary, primary and lower secondary education",Good/very good health,61.8
DNK,Denmark,2011,ISCED11_0T2,"Pre-primary, primary and lower secondary education",Good/very good health,63.3
DNK,Denmark,2012,ISCED11_0T2,"Pre-primary, primary and lower secondary education",Good/very good health,65.7
DNK,Denmark,2013,ISCED11_0T2,"Pre-primary, primary and lower secondary education",Good/very good health,66.1
DNK,Denmark,2014,ISCED11_0T2,"Pre-primary, primary and lower secondary education",Good/very good health,63.7
DNK,Denmark,2015,ISCED11_0T2,"Pre-primary, primary and lower secondary education",Good/very good health,64.6
DNK,Denmark,2016,ISCED11_0T2,"Pre-primary, primary and lower secondary education",Good/very good health,63.1
DNK,Denmark,2017,ISCED11_0T2,"Pre-primary, primary and lower secondary education",Good/very good health,62.4
DNK,Denmark,2018,ISCED11_0T2,"Pre-primary, primary and lower secondary education",Good/very good health,65.1
DNK,Denmark,2019,ISCED11_0T2,"Pre-primary, primary and lower secondary education",Good/very good health,59.9
DNK,Denmark,2020,ISCED11_0T2,"Pre-primary, primary and lower secondary education",Good/very good health,59.5
DNK,Denmark,2021,ISCED11_0T2,"Pre-primary, primary and lower secondary education",Good/very good health,53.9
DNK,Denmark,2022,ISCED11_0T2,"Pre-primary, primary and lower secondary education",Good/very good health,50.7
DNK,Denmark,2023,ISCED11_0T2,"Pre-primary, primary and lower secondary education",Good/very good health,57.2
DNK,Denmark,2024,ISCED11_0T2,"Pre-primary, primary and lower secondary education",Good/very good health,57.5
DNK,Denmark,2025,ISCED11_0T2,"Pre-primary, primary and lower secondary education",Good/very good health,60.7
EST,Estonia,2010,ISCED11_0T2,"Pre-primary, primary and lower secondary education",Good/very good health,39.9
EST,Estonia,2011,ISCED11_0T2,"Pre-primary, primary and lower secondary education",Good/very good health,39.4
EST,Estonia,2012,ISCED11_0T2,"Pre-primary, primary and lower secondary education",Good/very good health,39.4
EST,Estonia,2013,ISCED11_0T2,"Pre-primary, primary and lower secondary education",Good/very good health,44.5
EST,Estonia,2014,ISCED11_0T2,"Pre-primary, primary and lower secondary education",Good/very good health,35.6
EST,Estonia,2015,ISCED11_0T2,"Pre-primary, primary and lower secondary education",Good/very good health,36.1
EST,Estonia,2016,ISCED11_0T2,"Pre-primary, primary and lower secondary education",Good/very good health,35.8
EST,Estonia,2017,ISCED11_0T2,"Pre-primary, primary and lower secondary education",Good/very good health,35
EST,Estonia,2018,ISCED11_0T2,"Pre-primary, primary and lower secondary education",Good/very good health,38.4
EST,Estonia,2019,ISCED11_0T2,"Pre-primary, primary and lower secondary education",Good/very good health,45.4
EST,Estonia,2020,ISCED11_0T2,"Pre-primary, primary and lower secondary education",Good/very good health,40.3
EST,Estonia,2021,ISCED11_0T2,"Pre-primary, primary and lower secondary education",Good/very good health,47.5
EST,Estonia,2022,ISCED11_0T2,"Pre-primary, primary and lower secondary education",Good/very good health,46.4
EST,Estonia,2023,ISCED11_0T2,"Pre-primary, primary and lower secondary education",Good/very good health,48.6
EST,Estonia,2024,ISCED11_0T2,"Pre-primary, primary and lower secondary education",Good/very good health,50.1
EST,Estonia,2025,ISCED11_0T2,"Pre-primary, primary and lower secondary education",Good/very good health,52.6
FIN,Finland,2010,ISCED11_0T2,"Pre-primary, primary and lower secondary education",Good/very good health,49.2
FIN,Finland,2011,ISCED11_0T2,"Pre-primary, primary and lower secondary education",Good/very good health,50.4
FIN,Finland,2012,ISCED11_0T2,"Pre-primary, primary and lower secondary education",Good/very good health,50.6
FIN,Finland,2013,ISCED11_0T2,"Pre-primary, primary and lower secondary education",Good/very good health,48
FIN,Finland,2014,ISCED11_0T2,"Pre-primary, primary and lower secondary education",Good/very good health,48.9
FIN,Finland,2015,ISCED11_0T2,"Pre-primary, primary and lower secondary education",Good/very good health,53
FIN,Finland,2016,ISCED11_0T2,"Pre-primary, primary and lower secondary education",Good/very good health,51.3
FIN,Finland,2017,ISCED11_0T2,"Pre-primary, primary and lower secondary education",Good/very good health,51.6
FIN,Finland,2018,ISCED11_0T2,"Pre-primary, primary and lower secondary education",Good/very good health,51.2
FIN,Finland,2019,ISCED11_0T2,"Pre-primary, primary and lower secondary education",Good/very good health,51
FIN,Finland,2020,ISCED11_0T2,"Pre-primary, primary and lower secondary education",Good/very good health,52
FIN,Finland,2021,ISCED11_0T2,"Pre-primary, primary and lower secondary education",Good/very good health,51.5
FIN,Finland,2022,ISCED11_0T2,"Pre-primary, primary and lower secondary education",Good/very good health,46
FIN,Finland,2023,ISCED11_0T2,"Pre-primary, primary and lower secondary education",Good/very good health,49.6
FIN,Finland,2024,ISCED11_0T2,"Pre-primary, primary and lower secondary education",Good/very good health,53.1
FIN,Finland,2025,ISCED11_0T2,"Pre-primary, primary and lower secondary education",Good/very good health,47.7
FRA,France,2010,ISCED11_0T2,"Pre-primary, primary and lower secondary education",Good/very good health,51.9
FRA,France,2011,ISCED11_0T2,"Pre-primary, primary and lower secondary education",Good/very good health,49.2
FRA,France,2012,ISCED11_0T2,"Pre-primary, primary and lower secondary education",Good/very good health,51.7
FRA,France,2013,ISCED11_0T2,"Pre-primary, primary and lower secondary education",Good/very good health,51.9
FRA,France,2014,ISCED11_0T2,"Pre-primary, primary and lower secondary education",Good/very good health,54.3
FRA,France,2015,ISCED11_0T2,"Pre-primary, primary and lower secondary education",Good/very good health,54.1
FRA,France,2016,ISCED11_0T2,"Pre-primary, primary and lower secondary education",Good/very good health,53.2
FRA,France,2017,ISCED11_0T2,"Pre-primary, primary and lower secondary education",Good/very good health,54.1
FRA,France,2018,ISCED11_0T2,"Pre-primary, primary and lower secondary education",Good/very good health,54.8
FRA,France,2019,ISCED11_0T2,"Pre-primary, primary and lower secondary education",Good/very good health,53.9
FRA,France,2020,ISCED11_0T2,"Pre-primary, primary and lower secondary education",Good/very good health,54.3
FRA,France,2021,ISCED11_0T2,"Pre-primary, primary and lower secondary education",Good/very good health,54.5
FRA,France,2022,ISCED11_0T2,"Pre-primary, primary and lower secondary education",Good/very good health,51
FRA,France,2023,ISCED11_0T2,"Pre-primary, primary and lower secondary education",Good/very good health,51.5
FRA,France,2024,ISCED11_0T2,"Pre-primary, primary and lower secondary education",Good/very good health,52.5
FRA,France,2025,ISCED11_0T2,"Pre-primary, primary and lower secondary education",Good/very good health,51.1
DEU,Germany,2010,ISCED11_0T2,"Pre-primary, primary and lower secondary education",Good/very good health,57
DEU,Germany,2011,ISCED11_0T2,"Pre-primary, primary and lower secondary education",Good/very good health,56.7
DEU,Germany,2012,ISCED11_0T2,"Pre-primary, primary and lower secondary education",Good/very good health,56.8
DEU,Germany,2013,ISCED11_0T2,"Pre-primary, primary and lower secondary education",Good/very good health,58.3
DEU,Germany,2014,ISCED11_0T2,"Pre-primary, primary and lower secondary education",Good/very good health,56.9
DEU,Germany,2015,ISCED11_0T2,"Pre-primary, primary and lower secondary education",Good/very good health,56.3
DEU,Germany,2016,ISCED11_0T2,"Pre-primary, primary and lower secondary education",Good/very good health,57.5
DEU,Germany,2017,ISCED11_0T2,"Pre-primary, primary and lower secondary education",Good/very good health,57.5
DEU,Germany,2018,ISCED11_0T2,"Pre-primary, primary and lower secondary education",Good/very good health,57.1
DEU,Germany,2019,ISCED11_0T2,"Pre-primary, primary and lower secondary education",Good/very good health,59
DEU,Germany,2020,ISCED11_0T2,"Pre-primary, primary and lower secondary education",Good/very good health,52.4
DEU,Germany,2021,ISCED11_0T2,"Pre-primary, primary and lower secondary education",Good/very good health,52.3
DEU,Germany,2022,ISCED11_0T2,"Pre-primary, primary and lower secondary education",Good/very good health,54.7
DEU,Germany,2023,ISCED11_0T2,"Pre-primary, primary and lower secondary education",Good/very good health,59.4
DEU,Germany,2024,ISCED11_0T2,"Pre-primary, primary and lower secondary education",Good/very good health,58
DEU,Germany,2025,ISCED11_0T2,"Pre-primary, primary and lower secondary education",Good/very good health,59
GRC,Greece,2010,ISCED11_0T2,"Pre-primary, primary and lower secondary education",Good/very good health,58.9
GRC,Greece,2011,ISCED11_0T2,"Pre-primary, primary and lower secondary education",Good/very good health,59.2
GRC,Greece,2012,ISCED11_0T2,"Pre-primary, primary and lower secondary education",Good/very good health,56.9
GRC,Greece,2013,ISCED11_0T2,"Pre-primary, primary and lower secondary education",Good/very good health,55.4
GRC,Greece,2014,ISCED11_0T2,"Pre-primary, primary and lower secondary education",Good/very good health,53.9
GRC,Greece,2015,ISCED11_0T2,"Pre-primary, primary and lower secondary education",Good/very good health,54.3
GRC,Greece,2016,ISCED11_0T2,"Pre-primary, primary and lower secondary education",Good/very good health,54.2
GRC,Greece,2017,ISCED11_0T2,"Pre-primary, primary and lower secondary education",Good/very good health,53.6
GRC,Greece,2018,ISCED11_0T2,"Pre-primary, primary and lower secondary education",Good/very good health,57.8
GRC,Greece,2019,ISCED11_0T2,"Pre-primary, primary and lower secondary education",Good/very good health,62.6
GRC,Greece,2020,ISCED11_0T2,"Pre-primary, primary and lower secondary education",Good/very good health,61
GRC,Greece,2021,ISCED11_0T2,"Pre-primary, primary and lower secondary education",Good/very good health,60.6
GRC,Greece,2022,ISCED11_0T2,"Pre-primary, primary and lower secondary education",Good/very good health,57.7
GRC,Greece,2023,ISCED11_0T2,"Pre-primary, primary and lower secondary education",Good/very good health,59.7
GRC,Greece,2024,ISCED11_0T2,"Pre-primary, primary and lower secondary education",Good/very good health,60.4
GRC,Greece,2025,ISCED11_0T2,"Pre-primary, primary and lower secondary education",Good/very good health,59
HUN,Hungary,2010,ISCED11_0T2,"Pre-primary, primary and lower secondary education",Good/very good health,40
HUN,Hungary,2011,ISCED11_0T2,"Pre-primary, primary and lower secondary education",Good/very good health,37.8
HUN,Hungary,2012,ISCED11_0T2,"Pre-primary, primary and lower secondary education",Good/very good health,39.6
HUN,Hungary,2013,ISCED11_0T2,"Pre-primary, primary and lower secondary education",Good/very good health,38.7
HUN,Hungary,2014,ISCED11_0T2,"Pre-primary, primary and lower secondary education",Good/very good health,40.2
HUN,Hungary,2015,ISCED11_0T2,"Pre-primary, primary and lower secondary education",Good/very good health,39.1
HUN,Hungary,2016,ISCED11_0T2,"Pre-primary, primary and lower secondary education",Good/very good health,43.9
HUN,Hungary,2017,ISCED11_0T2,"Pre-primary, primary and lower secondary education",Good/very good health,45.3
HUN,Hungary,2018,ISCED11_0T2,"Pre-primary, primary and lower secondary education",Good/very good health,45.8
HUN,Hungary,2019,ISCED11_0T2,"Pre-primary, primary and lower secondary education",Good/very good health,46.3
HUN,Hungary,2020,ISCED11_0T2,"Pre-primary, primary and lower secondary education",Good/very good health,50.7
HUN,Hungary,2021,ISCED11_0T2,"Pre-primary, primary and lower secondary education",Good/very good health,53.2
HUN,Hungary,2022,ISCED11_0T2,"Pre-primary, primary and lower secondary education",Good/very good health,50
HUN,Hungary,2023,ISCED11_0T2,"Pre-primary, primary and lower secondary education",Good/very good health,51.9
HUN,Hungary,2024,ISCED11_0T2,"Pre-primary, primary and lower secondary education",Good/very good health,52.2
HUN,Hungary,2025,ISCED11_0T2,"Pre-primary, primary and lower secondary education",Good/very good health,51.8
ISL,Iceland,2010,ISCED11_0T2,"Pre-primary, primary and lower secondary education",Good/very good health,68.2
ISL,Iceland,2011,ISCED11_0T2,"Pre-primary, primary and lower secondary education",Good/very good health,69.4
ISL,Iceland,2012,ISCED11_0T2,"Pre-primary, primary and lower secondary education",Good/very good health,68.3
ISL,Iceland,2013,ISCED11_0T2,"Pre-primary, primary and lower secondary education",Good/very good health,67.8
ISL,Iceland,2014,ISCED11_0T2,"Pre-primary, primary and lower secondary education",Good/very good health,68
ISL,Iceland,2015,ISCED11_0T2,"Pre-primary, primary and lower secondary education",Good/very good health,67.4
ISL,Iceland,2016,ISCED11_0T2,"Pre-primary, primary and lower secondary education",Good/very good health,68.1
ISL,Iceland,2017,ISCED11_0T2,"Pre-primary, primary and lower secondary education",Good/very good health,67.1
ISL,Iceland,2018,ISCED11_0T2,"Pre-primary, primary and lower secondary education",Good/very good health,64.7
ISL,Iceland,2019,ISCED11_0T2,"Pre-primary, primary and lower secondary education",Good/very good health,63
ISL,Iceland,2020,ISCED11_0T2,"Pre-primary, primary and lower secondary education",Good/very good health,61.6
IRL,Ireland,2010,ISCED11_0T2,"Pre-primary, primary and lower secondary education",Good/very good health,72.8
IRL,Ireland,2011,ISCED11_0T2,"Pre-primary, primary and lower secondary education",Good/very good health,71.8
IRL,Ireland,2012,ISCED11_0T2,"Pre-primary, primary and lower secondary education",Good/very good health,70.5
IRL,Ireland,2013,ISCED11_0T2,"Pre-primary, primary and lower secondary education",Good/very good health,68.9
IRL,Ireland,2014,ISCED11_0T2,"Pre-primary, primary and lower secondary education",Good/very good health,67.8
IRL,Ireland,2015,ISCED11_0T2,"Pre-primary, primary and lower secondary education",Good/very good health,69.2
IRL,Ireland,2016,ISCED11_0T2,"Pre-primary, primary and lower secondary education",Good/very good health,69
IRL,Ireland,2017,ISCED11_0T2,"Pre-primary, primary and lower secondary education",Good/very good health,69
IRL,Ireland,2018,ISCED11_0T2,"Pre-primary, primary and lower secondary education",Good/very good health,70.9
IRL,Ireland,2019,ISCED11_0T2,"Pre-primary, primary and lower secondary education",Good/very good health,69.7
IRL,Ireland,2020,ISCED11_0T2,"Pre-primary, primary and lower secondary education",Good/very good health,70
IRL,Ireland,2021,ISCED11_0T2,"Pre-primary, primary and lower secondary education",Good/very good health,66.3
IRL,Ireland,2022,ISCED11_0T2,"Pre-primary, primary and lower secondary education",Good/very good health,63.9
IRL,Ireland,2023,ISCED11_0T2,"Pre-primary, primary and lower secondary education",Good/very good health,65
IRL,Ireland,2024,ISCED11_0T2,"Pre-primary, primary and lower secondary education",Good/very good health,63.3
IRL,Ireland,2025,ISCED11_0T2,"Pre-primary, primary and lower secondary education",Good/very good health,66.1
ISR,Israel,2019,ISCED11_0T2,"Pre-primary, primary and lower secondary education",Good/very good health,55.4
ISR,Israel,2020,ISCED11_0T2,"Pre-primary, primary and lower secondary education",Good/very good health,55.4
ITA,Italy,2010,ISCED11_0T2,"Pre-primary, primary and lower secondary education",Good/very good health,54.8
ITA,Italy,2011,ISCED11_0T2,"Pre-primary, primary and lower secondary education",Good/very good health,51.8
ITA,Italy,2012,ISCED11_0T2,"Pre-primary, primary and lower secondary education",Good/very good health,55.3
ITA,Italy,2013,ISCED11_0T2,"Pre-primary, primary and lower secondary education",Good/very good health,52.7
ITA,Italy,2014,ISCED11_0T2,"Pre-primary, primary and lower secondary education",Good/very good health,52.9
ITA,Italy,2015,ISCED11_0T2,"Pre-primary, primary and lower secondary education",Good/very good health,50.7
ITA,Italy,2016,ISCED11_0T2,"Pre-primary, primary and lower secondary education",Good/very good health,57.9
ITA,Italy,2017,ISCED11_0T2,"Pre-primary, primary and lower secondary education",Good/very good health,64.8
ITA,Italy,2018,ISCED11_0T2,"Pre-primary, primary and lower secondary education",Good/very good health,60.3
ITA,Italy,2019,ISCED11_0T2,"Pre-primary, primary and lower secondary education",Good/very good health,60.2
ITA,Italy,2021,ISCED11_0T2,"Pre-primary, primary and lower secondary education",Good/very good health,61.2
ITA,Italy,2022,ISCED11_0T2,"Pre-primary, primary and lower secondary education",Good/very good health,61.3
ITA,Italy,2023,ISCED11_0T2,"Pre-primary, primary and lower secondary education",Good/very good health,61.1
ITA,Italy,2024,ISCED11_0T2,"Pre-primary, primary and lower secondary education",Good/very good health,62.8
ITA,Italy,2025,ISCED11_0T2,"Pre-primary, primary and lower secondary education",Good/very good health,60.5
JPN,Japan,2013,ISCED11_0T2,"Pre-primary, primary and lower secondary education",Good/very good health,22.8
JPN,Japan,2016,ISCED11_0T2,"Pre-primary, primary and lower secondary education",Good/very good health,22.2
JPN,Japan,2019,ISCED11_0T2,"Pre-primary, primary and lower secondary education",Good/very good health,23.2
JPN,Japan,2022,ISCED11_0T2,"Pre-primary, primary and lower secondary education",Good/very good health,23
KOR,Korea,2010,ISCED11_0T2,"Pre-primary, primary and lower secondary education",Good/very good health,33.8
KOR,Korea,2012,ISCED11_0T2,"Pre-primary, primary and lower secondary education",Good/very good health,31.6
KOR,Korea,2014,ISCED11_0T2,"Pre-primary, primary and lower secondary education",Good/very good health,33
KOR,Korea,2016,ISCED11_0T2,"Pre-primary, primary and lower secondary education",Good/very good health,33.3
KOR,Korea,2018,ISCED11_0T2,"Pre-primary, primary and lower secondary education",Good/very good health,33
KOR,Korea,2020,ISCED11_0T2,"Pre-primary, primary and lower secondary education",Good/very good health,32.2
KOR,Korea,2022,ISCED11_0T2,"Pre-primary, primary and lower secondary education",Good/very good health,33.8
KOR,Korea,2024,ISCED11_0T2,"Pre-primary, primary and lower secondary education",Good/very good health,34.8
LVA,Latvia,2010,ISCED11_0T2,"Pre-primary, primary and lower secondary education",Good/very good health,40.3
LVA,Latvia,2011,ISCED11_0T2,"Pre-primary, primary and lower secondary education",Good/very good health,38.5
LVA,Latvia,2012,ISCED11_0T2,"Pre-primary, primary and lower secondary education",Good/very good health,39.6
LVA,Latvia,2013,ISCED11_0T2,"Pre-primary, primary and lower secondary education",Good/very good health,37.8
LVA,Latvia,2014,ISCED11_0T2,"Pre-primary, primary and lower secondary education",Good/very good health,39.7
LVA,Latvia,2015,ISCED11_0T2,"Pre-primary, primary and lower secondary education",Good/very good health,39.3
LVA,Latvia,2016,ISCED11_0T2,"Pre-primary, primary and lower secondary education",Good/very good health,39.7
LVA,Latvia,2017,ISCED11_0T2,"Pre-primary, primary and lower secondary education",Good/very good health,40.8
LVA,Latvia,2018,ISCED11_0T2,"Pre-primary, primary and lower secondary education",Good/very good health,39.3
LVA,Latvia,2019,ISCED11_0T2,"Pre-primary, primary and lower secondary education",Good/very good health,40.3
LVA,Latvia,2020,ISCED11_0T2,"Pre-primary, primary and lower secondary education",Good/very good health,46.6
LVA,Latvia,2021,ISCED11_0T2,"Pre-primary, primary and lower secondary education",Good/very good health,44.8
LVA,Latvia,2022,ISCED11_0T2,"Pre-primary, primary and lower secondary education",Good/very good health,46.7
LVA,Latvia,2023,ISCED11_0T2,"Pre-primary, primary and lower secondary education",Good/very good health,45.9
LVA,Latvia,2024,ISCED11_0T2,"Pre-primary, primary and lower secondary education",Good/very good health,48.1
LVA,Latvia,2025,ISCED11_0T2,"Pre-primary, primary and lower secondary education",Good/very good health,47.9
LTU,Lithuania,2010,ISCED11_0T2,"Pre-primary, primary and lower secondary education",Good/very good health,33
LTU,Lithuania,2011,ISCED11_0T2,"Pre-primary, primary and lower secondary education",Good/very good health,30.3
LTU,Lithuania,2012,ISCED11_0T2,"Pre-primary, primary and lower secondary education",Good/very good health,27.7
LTU,Lithuania,2013,ISCED11_0T2,"Pre-primary, primary and lower secondary education",Good/very good health,29.2
LTU,Lithuania,2014,ISCED11_0T2,"Pre-primary, primary and lower secondary education",Good/very good health,30.4
LTU,Lithuania,2015,ISCED11_0T2,"Pre-primary, primary and lower secondary education",Good/very good health,28.5
LTU,Lithuania,2016,ISCED11_0T2,"Pre-primary, primary and lower secondary education",Good/very good health,25.2
LTU,Lithuania,2017,ISCED11_0T2,"Pre-primary, primary and lower secondary education",Good/very good health,27
LTU,Lithuania,2018,ISCED11_0T2,"Pre-primary, primary and lower secondary education",Good/very good health,25.1
LTU,Lithuania,2019,ISCED11_0T2,"Pre-primary, primary and lower secondary education",Good/very good health,24.8
LTU,Lithuania,2020,ISCED11_0T2,"Pre-primary, primary and lower secondary education",Good/very good health,24.1
LTU,Lithuania,2021,ISCED11_0T2,"Pre-primary, primary and lower secondary education",Good/very good health,29.6
LTU,Lithuania,2022,ISCED11_0T2,"Pre-primary, primary and lower secondary education",Good/very good health,26.2
LTU,Lithuania,2023,ISCED11_0T2,"Pre-primary, primary and lower secondary education",Good/very good health,27.2
LTU,Lithuania,2024,ISCED11_0T2,"Pre-primary, primary and lower secondary education",Good/very good health,32.2
LTU,Lithuania,2025,ISCED11_0T2,"Pre-primary, primary and lower secondary education",Good/very good health,31.5
LUX,Luxembourg,2010,ISCED11_0T2,"Pre-primary, primary and lower secondary education",Good/very good health,67.1
LUX,Luxembourg,2011,ISCED11_0T2,"Pre-primary, primary and lower secondary education",Good/very good health,62.4
LUX,Luxembourg,2012,ISCED11_0T2,"Pre-primary, primary and lower secondary education",Good/very good health,65
LUX,Luxembourg,2013,ISCED11_0T2,"Pre-primary, primary and lower secondary education",Good/very good health,64
LUX,Luxembourg,2014,ISCED11_0T2,"Pre-primary, primary and lower secondary education",Good/very good health,63.4
LUX,Luxembourg,2015,ISCED11_0T2,"Pre-primary, primary and lower secondary education",Good/very good health,60.8
LUX,Luxembourg,2016,ISCED11_0T2,"Pre-primary, primary and lower secondary education",Good/very good health,56.9
LUX,Luxembourg,2017,ISCED11_0T2,"Pre-primary, primary and lower secondary education",Good/very good health,58.4
LUX,Luxembourg,2018,ISCED11_0T2,"Pre-primary, primary and lower secondary education",Good/very good health,56.6
LUX,Luxembourg,2019,ISCED11_0T2,"Pre-primary, primary and lower secondary education",Good/very good health,58.6
LUX,Luxembourg,2020,ISCED11_0T2,"Pre-primary, primary and lower secondary education",Good/very good health,60.9
LUX,Luxembourg,2021,ISCED11_0T2,"Pre-primary, primary and lower secondary education",Good/very good health,62
LUX,Luxembourg,2022,ISCED11_0T2,"Pre-primary, primary and lower secondary education",Good/very good health,61.5
LUX,Luxembourg,2023,ISCED11_0T2,"Pre-primary, primary and lower secondary education",Good/very good health,57.1
LUX,Luxembourg,2024,ISCED11_0T2,"Pre-primary, primary and lower secondary education",Good/very good health,53.2
LUX,Luxembourg,2025,ISCED11_0T2,"Pre-primary, primary and lower secondary education",Good/very good health,60.4
NLD,Netherlands,2010,ISCED11_0T2,"Pre-primary, primary and lower secondary education",Good/very good health,63.9
NLD,Netherlands,2011,ISCED11_0T2,"Pre-primary, primary and lower secondary education",Good/very good health,62.6
NLD,Netherlands,2012,ISCED11_0T2,"Pre-primary, primary and lower secondary education",Good/very good health,62.9
NLD,Netherlands,2013,ISCED11_0T2,"Pre-primary, primary and lower secondary education",Good/very good health,66.1
NLD,Netherlands,2014,ISCED11_0T2,"Pre-primary, primary and lower secondary education",Good/very good health,64.5
NLD,Netherlands,2015,ISCED11_0T2,"Pre-primary, primary and lower secondary education",Good/very good health,63
NLD,Netherlands,2016,ISCED11_0T2,"Pre-primary, primary and lower secondary education",Good/very good health,65.9
NLD,Netherlands,2017,ISCED11_0T2,"Pre-primary, primary and lower secondary education",Good/very good health,66.5
NLD,Netherlands,2018,ISCED11_0T2,"Pre-primary, primary and lower secondary education",Good/very good health,65.1
NLD,Netherlands,2019,ISCED11_0T2,"Pre-primary, primary and lower secondary education",Good/very good health,63.6
NLD,Netherlands,2020,ISCED11_0T2,"Pre-primary, primary and lower secondary education",Good/very good health,67.5
NLD,Netherlands,2021,ISCED11_0T2,"Pre-primary, primary and lower secondary education",Good/very good health,60.6
NLD,Netherlands,2022,ISCED11_0T2,"Pre-primary, primary and lower secondary education",Good/very good health,59.3
NLD,Netherlands,2023,ISCED11_0T2,"Pre-primary, primary and lower secondary education",Good/very good health,57.3
NLD,Netherlands,2024,ISCED11_0T2,"Pre-primary, primary and lower secondary education",Good/very good health,55.9
NLD,Netherlands,2025,ISCED11_0T2,"Pre-primary, primary and lower secondary education",Good/very good health,56.3
NOR,Norway,2010,ISCED11_0T2,"Pre-primary, primary and lower secondary education",Good/very good health,67.4
NOR,Norway,2011,ISCED11_0T2,"Pre-primary, primary and lower secondary education",Good/very good health,61.4
NOR,Norway,2012,ISCED11_0T2,"Pre-primary, primary and lower secondary education",Good/very good health,71.1
NOR,Norway,2013,ISCED11_0T2,"Pre-primary, primary and lower secondary education",Good/very good health,68
NOR,Norway,2014,ISCED11_0T2,"Pre-primary, primary and lower secondary education",Good/very good health,70.5
NOR,Norway,2015,ISCED11_0T2,"Pre-primary, primary and lower secondary education",Good/very good health,71.1
NOR,Norway,2016,ISCED11_0T2,"Pre-primary, primary and lower secondary education",Good/very good health,69
NOR,Norway,2017,ISCED11_0T2,"Pre-primary, primary and lower secondary education",Good/very good health,68.3
NOR,Norway,2018,ISCED11_0T2,"Pre-primary, primary and lower secondary education",Good/very good health,66.3
NOR,Norway,2019,ISCED11_0T2,"Pre-primary, primary and lower secondary education",Good/very good health,66.2
NOR,Norway,2020,ISCED11_0T2,"Pre-primary, primary and lower secondary education",Good/very good health,67.8
NOR,Norway,2021,ISCED11_0T2,"Pre-primary, primary and lower secondary education",Good/very good health,66.4
NOR,Norway,2022,ISCED11_0T2,"Pre-primary, primary and lower secondary education",Good/very good health,65.3
NOR,Norway,2023,ISCED11_0T2,"Pre-primary, primary and lower secondary education",Good/very good health,65.5
NOR,Norway,2024,ISCED11_0T2,"Pre-primary, primary and lower secondary education",Good/very good health,67.3
NOR,Norway,2025,ISCED11_0T2,"Pre-primary, primary and lower secondary education",Good/very good health,67.1
POL,Poland,2010,ISCED11_0T2,"Pre-primary, primary and lower secondary education",Good/very good health,38.2
POL,Poland,2011,ISCED11_0T2,"Pre-primary, primary and lower secondary education",Good/very good health,38.6
POL,Poland,2012,ISCED11_0T2,"Pre-primary, primary and lower secondary education",Good/very good health,38.7
POL,Poland,2013,ISCED11_0T2,"Pre-primary, primary and lower secondary education",Good/very good health,37.9
POL,Poland,2014,ISCED11_0T2,"Pre-primary, primary and lower secondary education",Good/very good health,37.6
POL,Poland,2015,ISCED11_0T2,"Pre-primary, primary and lower secondary education",Good/very good health,38.9
POL,Poland,2016,ISCED11_0T2,"Pre-primary, primary and lower secondary education",Good/very good health,39.2
POL,Poland,2017,ISCED11_0T2,"Pre-primary, primary and lower secondary education",Good/very good health,40.6
POL,Poland,2018,ISCED11_0T2,"Pre-primary, primary and lower secondary education",Good/very good health,40.9
POL,Poland,2019,ISCED11_0T2,"Pre-primary, primary and lower secondary education",Good/very good health,41.4
POL,Poland,2020,ISCED11_0T2,"Pre-primary, primary and lower secondary education",Good/very good health,42.7
POL,Poland,2021,ISCED11_0T2,"Pre-primary, primary and lower secondary education",Good/very good health,46.3
POL,Poland,2022,ISCED11_0T2,"Pre-primary, primary and lower secondary education",Good/very good health,45.4
POL,Poland,2023,ISCED11_0T2,"Pre-primary, primary and lower secondary education",Good/very good health,43.2
POL,Poland,2024,ISCED11_0T2,"Pre-primary, primary and lower secondary education",Good/very good health,44.9
POL,Poland,2025,ISCED11_0T2,"Pre-primary, primary and lower secondary education",Good/very good health,46.4
PRT,Portugal,2010,ISCED11_0T2,"Pre-primary, primary and lower secondary education",Good/very good health,43.3
PRT,Portugal,2011,ISCED11_0T2,"Pre-primary, primary and lower secondary education",Good/very good health,43.2
PRT,Portugal,2012,ISCED11_0T2,"Pre-primary, primary and lower secondary education",Good/very good health,41.3
PRT,Portugal,2013,ISCED11_0T2,"Pre-primary, primary and lower secondary education",Good/very good health,38.3
PRT,Portugal,2014,ISCED11_0T2,"Pre-primary, primary and lower secondary education",Good/very good health,33.5
PRT,Portugal,2015,ISCED11_0T2,"Pre-primary, primary and lower secondary education",Good/very good health,33.4
PRT,Portugal,2016,ISCED11_0T2,"Pre-primary, primary and lower secondary education",Good/very good health,33.6
PRT,Portugal,2017,ISCED11_0T2,"Pre-primary, primary and lower secondary education",Good/very good health,35.2
PRT,Portugal,2018,ISCED11_0T2,"Pre-primary, primary and lower secondary education",Good/very good health,34.9
PRT,Portugal,2019,ISCED11_0T2,"Pre-primary, primary and lower secondary education",Good/very good health,34.9
PRT,Portugal,2020,ISCED11_0T2,"Pre-primary, primary and lower secondary education",Good/very good health,34.1
PRT,Portugal,2021,ISCED11_0T2,"Pre-primary, primary and lower secondary education",Good/very good health,32.1
PRT,Portugal,2022,ISCED11_0T2,"Pre-primary, primary and lower secondary education",Good/very good health,31
PRT,Portugal,2023,ISCED11_0T2,"Pre-primary, primary and lower secondary education",Good/very good health,32.9
PRT,Portugal,2024,ISCED11_0T2,"Pre-primary, primary and lower secondary education",Good/very good health,34.4
PRT,Portugal,2025,ISCED11_0T2,"Pre-primary, primary and lower secondary education",Good/very good health,33.1
SVK,Slovak Republic,2010,ISCED11_0T2,"Pre-primary, primary and lower secondary education",Good/very good health,49.7
SVK,Slovak Republic,2011,ISCED11_0T2,"Pre-primary, primary and lower secondary education",Good/very good health,51.5
SVK,Slovak Republic,2012,ISCED11_0T2,"Pre-primary, primary and lower secondary education",Good/very good health,52.5
SVK,Slovak Republic,2013,ISCED11_0T2,"Pre-primary, primary and lower secondary education",Good/very good health,51.5
SVK,Slovak Republic,2014,ISCED11_0T2,"Pre-primary, primary and lower secondary education",Good/very good health,44.1
SVK,Slovak Republic,2015,ISCED11_0T2,"Pre-primary, primary and lower secondary education",Good/very good health,47.4
SVK,Slovak Republic,2016,ISCED11_0T2,"Pre-primary, primary and lower secondary education",Good/very good health,51.5
SVK,Slovak Republic,2017,ISCED11_0T2,"Pre-primary, primary and lower secondary education",Good/very good health,49.8
SVK,Slovak Republic,2018,ISCED11_0T2,"Pre-primary, primary and lower secondary education",Good/very good health,51.8
SVK,Slovak Republic,2019,ISCED11_0T2,"Pre-primary, primary and lower secondary education",Good/very good health,49.7
SVK,Slovak Republic,2020,ISCED11_0T2,"Pre-primary, primary and lower secondary education",Good/very good health,47.6
SVK,Slovak Republic,2021,ISCED11_0T2,"Pre-primary, primary and lower secondary education",Good/very good health,53
SVK,Slovak Republic,2022,ISCED11_0T2,"Pre-primary, primary and lower secondary education",Good/very good health,54.3
SVK,Slovak Republic,2023,ISCED11_0T2,"Pre-primary, primary and lower secondary education",Good/very good health,54.3
SVK,Slovak Republic,2024,ISCED11_0T2,"Pre-primary, primary and lower secondary education",Good/very good health,55.8
SVK,Slovak Republic,2025,ISCED11_0T2,"Pre-primary, primary and lower secondary education",Good/very good health,55.5
SVN,Slovenia,2010,ISCED11_0T2,"Pre-primary, primary and lower secondary education",Good/very good health,39.9
SVN,Slovenia,2011,ISCED11_0T2,"Pre-primary, primary and lower secondary education",Good/very good health,41.6
SVN,Slovenia,2012,ISCED11_0T2,"Pre-primary, primary and lower secondary education",Good/very good health,44.6
SVN,Slovenia,2013,ISCED11_0T2,"Pre-primary, primary and lower secondary education",Good/very good health,45.3
SVN,Slovenia,2014,ISCED11_0T2,"Pre-primary, primary and lower secondary education",Good/very good health,44
SVN,Slovenia,2015,ISCED11_0T2,"Pre-primary, primary and lower secondary education",Good/very good health,46.1
SVN,Slovenia,2016,ISCED11_0T2,"Pre-primary, primary and lower secondary education",Good/very good health,43.2
SVN,Slovenia,2017,ISCED11_0T2,"Pre-primary, primary and lower secondary education",Good/very good health,44.6
SVN,Slovenia,2018,ISCED11_0T2,"Pre-primary, primary and lower secondary education",Good/very good health,44.2
SVN,Slovenia,2019,ISCED11_0T2,"Pre-primary, primary and lower secondary education",Good/very good health,45.3
SVN,Slovenia,2020,ISCED11_0T2,"Pre-primary, primary and lower secondary education",Good/very good health,46.1
SVN,Slovenia,2021,ISCED11_0T2,"Pre-primary, primary and lower secondary education",Good/very good health,51.7
SVN,Slovenia,2022,ISCED11_0T2,"Pre-primary, primary and lower secondary education",Good/very good health,49.5
SVN,Slovenia,2023,ISCED11_0T2,"Pre-primary, primary and lower secondary education",Good/very good health,44.3
SVN,Slovenia,2024,ISCED11_0T2,"Pre-primary, primary and lower secondary education",Good/very good health,45.7
SVN,Slovenia,2025,ISCED11_0T2,"Pre-primary, primary and lower secondary education",Good/very good health,42
ESP,Spain,2010,ISCED11_0T2,"Pre-primary, primary and lower secondary education",Good/very good health,64
ESP,Spain,2011,ISCED11_0T2,"Pre-primary, primary and lower secondary education",Good/very good health,68.1
ESP,Spain,2012,ISCED11_0T2,"Pre-primary, primary and lower secondary education",Good/very good health,66.2
ESP,Spain,2013,ISCED11_0T2,"Pre-primary, primary and lower secondary education",Good/very good health,62.7
ESP,Spain,2014,ISCED11_0T2,"Pre-primary, primary and lower secondary education",Good/very good health,61
ESP,Spain,2015,ISCED11_0T2,"Pre-primary, primary and lower secondary education",Good/very good health,60.4
ESP,Spain,2016,ISCED11_0T2,"Pre-primary, primary and lower secondary education",Good/very good health,60.5
ESP,Spain,2017,ISCED11_0T2,"Pre-primary, primary and lower secondary education",Good/very good health,62
ESP,Spain,2018,ISCED11_0T2,"Pre-primary, primary and lower secondary education",Good/very good health,60.7
ESP,Spain,2019,ISCED11_0T2,"Pre-primary, primary and lower secondary education",Good/very good health,62.4
ESP,Spain,2020,ISCED11_0T2,"Pre-primary, primary and lower secondary education",Good/very good health,60.5
ESP,Spain,2021,ISCED11_0T2,"Pre-primary, primary and lower secondary education",Good/very good health,58
ESP,Spain,2022,ISCED11_0T2,"Pre-primary, primary and lower secondary education",Good/very good health,57.3
ESP,Spain,2023,ISCED11_0T2,"Pre-primary, primary and lower secondary education",Good/very good health,57.8
ESP,Spain,2024,ISCED11_0T2,"Pre-primary, primary and lower secondary education",Good/very good health,57.9
ESP,Spain,2025,ISCED11_0T2,"Pre-primary, primary and lower secondary education",Good/very good health,58.1
SWE,Sweden,2010,ISCED11_0T2,"Pre-primary, primary and lower secondary education",Good/very good health,66.1
SWE,Sweden,2011,ISCED11_0T2,"Pre-primary, primary and lower secondary education",Good/very good health,67.4
SWE,Sweden,2012,ISCED11_0T2,"Pre-primary, primary and lower secondary education",Good/very good health,70.5
SWE,Sweden,2013,ISCED11_0T2,"Pre-primary, primary and lower secondary education",Good/very good health,69.1
SWE,Sweden,2014,ISCED11_0T2,"Pre-primary, primary and lower secondary education",Good/very good health,67.2
SWE,Sweden,2015,ISCED11_0T2,"Pre-primary, primary and lower secondary education",Good/very good health,67.5
SWE,Sweden,2016,ISCED11_0T2,"Pre-primary, primary and lower secondary education",Good/very good health,63.5
SWE,Sweden,2017,ISCED11_0T2,"Pre-primary, primary and lower secondary education",Good/very good health,67.2
SWE,Sweden,2018,ISCED11_0T2,"Pre-primary, primary and lower secondary education",Good/very good health,68.7
SWE,Sweden,2019,ISCED11_0T2,"Pre-primary, primary and lower secondary education",Good/very good health,67.9
SWE,Sweden,2020,ISCED11_0T2,"Pre-primary, primary and lower secondary education",Good/very good health,66.6
SWE,Sweden,2021,ISCED11_0T2,"Pre-primary, primary and lower secondary education",Good/very good health,64.9
SWE,Sweden,2022,ISCED11_0T2,"Pre-primary, primary and lower secondary education",Good/very good health,60.6
SWE,Sweden,2023,ISCED11_0T2,"Pre-primary, primary and lower secondary education",Good/very good health,61.9
SWE,Sweden,2024,ISCED11_0T2,"Pre-primary, primary and lower secondary education",Good/very good health,60.5
SWE,Sweden,2025,ISCED11_0T2,"Pre-primary, primary and lower secondary education",Good/very good health,60.5
CHE,Switzerland,2010,ISCED11_0T2,"Pre-primary, primary and lower secondary education",Good/very good health,71
CHE,Switzerland,2011,ISCED11_0T2,"Pre-primary, primary and lower secondary education",Good/very good health,69.2
CHE,Switzerland,2012,ISCED11_0T2,"Pre-primary, primary and lower secondary education",Good/very good health,69.7
CHE,Switzerland,2013,ISCED11_0T2,"Pre-primary, primary and lower secondary education",Good/very good health,71
CHE,Switzerland,2014,ISCED11_0T2,"Pre-primary, primary and lower secondary education",Good/very good health,67.8
CHE,Switzerland,2015,ISCED11_0T2,"Pre-primary, primary and lower secondary education",Good/very good health,69.1
CHE,Switzerland,2016,ISCED11_0T2,"Pre-primary, primary and lower secondary education",Good/very good health,67.4
CHE,Switzerland,2017,ISCED11_0T2,"Pre-primary, primary and lower secondary education",Good/very good health,70.2
CHE,Switzerland,2018,ISCED11_0T2,"Pre-primary, primary and lower secondary education",Good/very good health,69.9
CHE,Switzerland,2019,ISCED11_0T2,"Pre-primary, primary and lower secondary education",Good/very good health,72.5
CHE,Switzerland,2020,ISCED11_0T2,"Pre-primary, primary and lower secondary education",Good/very good health,73.6
CHE,Switzerland,2021,ISCED11_0T2,"Pre-primary, primary and lower secondary education",Good/very good health,73.9
CHE,Switzerland,2022,ISCED11_0T2,"Pre-primary, primary and lower secondary education",Good/very good health,68.8
CHE,Switzerland,2023,ISCED11_0T2,"Pre-primary, primary and lower secondary education",Good/very good health,66.5
CHE,Switzerland,2024,ISCED11_0T2,"Pre-primary, primary and lower secondary education",Good/very good health,68.1
TUR,Türkiye,2010,ISCED11_0T2,"Pre-primary, primary and lower secondary education",Good/very good health,59.4
TUR,Türkiye,2011,ISCED11_0T2,"Pre-primary, primary and lower secondary education",Good/very good health,60.5
TUR,Türkiye,2012,ISCED11_0T2,"Pre-primary, primary and lower secondary education",Good/very good health,61.9
TUR,Türkiye,2013,ISCED11_0T2,"Pre-primary, primary and lower secondary education",Good/very good health,60.8
TUR,Türkiye,2014,ISCED11_0T2,"Pre-primary, primary and lower secondary education",Good/very good health,60.8
TUR,Türkiye,2015,ISCED11_0T2,"Pre-primary, primary and lower secondary education",Good/very good health,58.7
TUR,Türkiye,2016,ISCED11_0T2,"Pre-primary, primary and lower secondary education",Good/very good health,61.7
TUR,Türkiye,2017,ISCED11_0T2,"Pre-primary, primary and lower secondary education",Good/very good health,60.8
TUR,Türkiye,2018,ISCED11_0T2,"Pre-primary, primary and lower secondary education",Good/very good health,59.3
TUR,Türkiye,2019,ISCED11_0T2,"Pre-primary, primary and lower secondary education",Good/very good health,58.1
TUR,Türkiye,2020,ISCED11_0T2,"Pre-primary, primary and lower secondary education",Good/very good health,60.4
TUR,Türkiye,2021,ISCED11_0T2,"Pre-primary, primary and lower secondary education",Good/very good health,58.1
TUR,Türkiye,2022,ISCED11_0T2,"Pre-primary, primary and lower secondary education",Good/very good health,57.1
TUR,Türkiye,2023,ISCED11_0T2,"Pre-primary, primary and lower secondary education",Good/very good health,54.8
TUR,Türkiye,2024,ISCED11_0T2,"Pre-primary, primary and lower secondary education",Good/very good health,53.5
TUR,Türkiye,2025,ISCED11_0T2,"Pre-primary, primary and lower secondary education",Good/very good health,51.8
GBR,United Kingdom,2010,ISCED11_0T2,"Pre-primary, primary and lower secondary education",Good/very good health,62.2
GBR,United Kingdom,2011,ISCED11_0T2,"Pre-primary, primary and lower secondary education",Good/very good health,59.1
GBR,United Kingdom,2012,ISCED11_0T2,"Pre-primary, primary and lower secondary education",Good/very good health,49.8
GBR,United Kingdom,2013,ISCED11_0T2,"Pre-primary, primary and lower secondary education",Good/very good health,52.1
GBR,United Kingdom,2014,ISCED11_0T2,"Pre-primary, primary and lower secondary education",Good/very good health,57.9
GBR,United Kingdom,2015,ISCED11_0T2,"Pre-primary, primary and lower secondary education",Good/very good health,56.9
GBR,United Kingdom,2016,ISCED11_0T2,"Pre-primary, primary and lower secondary education",Good/very good health,57.3
GBR,United Kingdom,2017,ISCED11_0T2,"Pre-primary, primary and lower secondary education",Good/very good health,56
GBR,United Kingdom,2018,ISCED11_0T2,"Pre-primary, primary and lower secondary education",Good/very good health,56.1
GBR,United Kingdom,2021,ISCED11_0T2,"Pre-primary, primary and lower secondary education",Good/very good health,65.2
GBR,United Kingdom,2022,ISCED11_0T2,"Pre-primary, primary and lower secondary education",Good/very good health,64.5
GBR,United Kingdom,2023,ISCED11_0T2,"Pre-primary, primary and lower secondary education",Good/very good health,62.3
GBR,United Kingdom,2024,ISCED11_0T2,"Pre-primary, primary and lower secondary education",Good/very good health,61.1
BGR,Bulgaria,2010,ISCED11_0T2,"Pre-primary, primary and lower secondary education",Good/very good health,49.8
BGR,Bulgaria,2011,ISCED11_0T2,"Pre-primary, primary and lower secondary education",Good/very good health,51.3
BGR,Bulgaria,2012,ISCED11_0T2,"Pre-primary, primary and lower secondary education",Good/very good health,50.3
BGR,Bulgaria,2013,ISCED11_0T2,"Pre-primary, primary and lower secondary education",Good/very good health,50.2
BGR,Bulgaria,2014,ISCED11_0T2,"Pre-primary, primary and lower secondary education",Good/very good health,51.3
BGR,Bulgaria,2015,ISCED11_0T2,"Pre-primary, primary and lower secondary education",Good/very good health,52.4
BGR,Bulgaria,2016,ISCED11_0T2,"Pre-primary, primary and lower secondary education",Good/very good health,52.2
BGR,Bulgaria,2017,ISCED11_0T2,"Pre-primary, primary and lower secondary education",Good/very good health,53
BGR,Bulgaria,2018,ISCED11_0T2,"Pre-primary, primary and lower secondary education",Good/very good health,52.4
BGR,Bulgaria,2019,ISCED11_0T2,"Pre-primary, primary and lower secondary education",Good/very good health,54.3
BGR,Bulgaria,2020,ISCED11_0T2,"Pre-primary, primary and lower secondary education",Good/very good health,55.6
BGR,Bulgaria,2021,ISCED11_0T2,"Pre-primary, primary and lower secondary education",Good/very good health,56.6
BGR,Bulgaria,2022,ISCED11_0T2,"Pre-primary, primary and lower secondary education",Good/very good health,54.6
BGR,Bulgaria,2023,ISCED11_0T2,"Pre-primary, primary and lower secondary education",Good/very good health,51.2
BGR,Bulgaria,2024,ISCED11_0T2,"Pre-primary, primary and lower secondary education",Good/very good health,53.6
BGR,Bulgaria,2025,ISCED11_0T2,"Pre-primary, primary and lower secondary education",Good/very good health,52.5
HRV,Croatia,2010,ISCED11_0T2,"Pre-primary, primary and lower secondary education",Good/very good health,28.7
HRV,Croatia,2011,ISCED11_0T2,"Pre-primary, primary and lower secondary education",Good/very good health,25
HRV,Croatia,2012,ISCED11_0T2,"Pre-primary, primary and lower secondary education",Good/very good health,25
HRV,Croatia,2013,ISCED11_0T2,"Pre-primary, primary and lower secondary education",Good/very good health,26.8
HRV,Croatia,2014,ISCED11_0T2,"Pre-primary, primary and lower secondary education",Good/very good health,33.8
HRV,Croatia,2015,ISCED11_0T2,"Pre-primary, primary and lower secondary education",Good/very good health,34.5
HRV,Croatia,2016,ISCED11_0T2,"Pre-primary, primary and lower secondary education",Good/very good health,35.9
HRV,Croatia,2017,ISCED11_0T2,"Pre-primary, primary and lower secondary education",Good/very good health,37.2
HRV,Croatia,2018,ISCED11_0T2,"Pre-primary, primary and lower secondary education",Good/very good health,36.8
HRV,Croatia,2019,ISCED11_0T2,"Pre-primary, primary and lower secondary education",Good/very good health,35
HRV,Croatia,2020,ISCED11_0T2,"Pre-primary, primary and lower secondary education",Good/very good health,38.2
HRV,Croatia,2021,ISCED11_0T2,"Pre-primary, primary and lower secondary education",Good/very good health,36.4
HRV,Croatia,2022,ISCED11_0T2,"Pre-primary, primary and lower secondary education",Good/very good health,35.9
HRV,Croatia,2023,ISCED11_0T2,"Pre-primary, primary and lower secondary education",Good/very good health,39.5
HRV,Croatia,2024,ISCED11_0T2,"Pre-primary, primary and lower secondary education",Good/very good health,40.9
HRV,Croatia,2025,ISCED11_0T2,"Pre-primary, primary and lower secondary education",Good/very good health,42.2
ROU,Romania,2010,ISCED11_0T2,"Pre-primary, primary and lower secondary education",Good/very good health,54.7
ROU,Romania,2011,ISCED11_0T2,"Pre-primary, primary and lower secondary education",Good/very good health,54.8
ROU,Romania,2012,ISCED11_0T2,"Pre-primary, primary and lower secondary education",Good/very good health,53.5
ROU,Romania,2013,ISCED11_0T2,"Pre-primary, primary and lower secondary education",Good/very good health,55.2
ROU,Romania,2014,ISCED11_0T2,"Pre-primary, primary and lower secondary education",Good/very good health,52.7
ROU,Romania,2015,ISCED11_0T2,"Pre-primary, primary and lower secondary education",Good/very good health,59.4
ROU,Romania,2016,ISCED11_0T2,"Pre-primary, primary and lower secondary education",Good/very good health,61.7
ROU,Romania,2017,ISCED11_0T2,"Pre-primary, primary and lower secondary education",Good/very good health,55.6
ROU,Romania,2018,ISCED11_0T2,"Pre-primary, primary and lower secondary education",Good/very good health,55.7
ROU,Romania,2019,ISCED11_0T2,"Pre-primary, primary and lower secondary education",Good/very good health,53.6
ROU,Romania,2020,ISCED11_0T2,"Pre-primary, primary and lower secondary education",Good/very good health,55.4
ROU,Romania,2021,ISCED11_0T2,"Pre-primary, primary and lower secondary education",Good/very good health,56.6
ROU,Romania,2022,ISCED11_0T2,"Pre-primary, primary and lower secondary education",Good/very good health,57.6
ROU,Romania,2023,ISCED11_0T2,"Pre-primary, primary and lower secondary education",Good/very good health,58
ROU,Romania,2024,ISCED11_0T2,"Pre-primary, primary and lower secondary education",Good/very good health,61.2
ROU,Romania,2025,ISCED11_0T2,"Pre-primary, primary and lower secondary education",Good/very good health,59
AUT,Austria,2010,Q5,Income quintile 5 (highest),Good/very good health,81.8
AUT,Austria,2011,Q5,Income quintile 5 (highest),Good/very good health,81.2
AUT,Austria,2012,Q5,Income quintile 5 (highest),Good/very good health,80.8
AUT,Austria,2013,Q5,Income quintile 5 (highest),Good/very good health,79.4
AUT,Austria,2014,Q5,Income quintile 5 (highest),Good/very good health,79.5
AUT,Austria,2015,Q5,Income quintile 5 (highest),Good/very good health,81
AUT,Austria,2016,Q5,Income quintile 5 (highest),Good/very good health,80.4
AUT,Austria,2017,Q5,Income quintile 5 (highest),Good/very good health,80.5
AUT,Austria,2018,Q5,Income quintile 5 (highest),Good/very good health,82.4
AUT,Austria,2019,Q5,Income quintile 5 (highest),Good/very good health,82.7
AUT,Austria,2020,Q5,Income quintile 5 (highest),Good/very good health,83.4
AUT,Austria,2021,Q5,Income quintile 5 (highest),Good/very good health,81.8
AUT,Austria,2022,Q5,Income quintile 5 (highest),Good/very good health,80.5
AUT,Austria,2023,Q5,Income quintile 5 (highest),Good/very good health,81.2
AUT,Austria,2024,Q5,Income quintile 5 (highest),Good/very good health,80.6
AUT,Austria,2025,Q5,Income quintile 5 (highest),Good/very good health,79.4
BEL,Belgium,2010,Q5,Income quintile 5 (highest),Good/very good health,86.9
BEL,Belgium,2011,Q5,Income quintile 5 (highest),Good/very good health,87.2
BEL,Belgium,2012,Q5,Income quintile 5 (highest),Good/very good health,87.2
BEL,Belgium,2013,Q5,Income quintile 5 (highest),Good/very good health,86
BEL,Belgium,2014,Q5,Income quintile 5 (highest),Good/very good health,88
BEL,Belgium,2015,Q5,Income quintile 5 (highest),Good/very good health,88.3
BEL,Belgium,2016,Q5,Income quintile 5 (highest),Good/very good health,87.4
BEL,Belgium,2017,Q5,Income quintile 5 (highest),Good/very good health,88.6
BEL,Belgium,2018,Q5,Income quintile 5 (highest),Good/very good health,88.9
BEL,Belgium,2019,Q5,Income quintile 5 (highest),Good/very good health,86.9
BEL,Belgium,2020,Q5,Income quintile 5 (highest),Good/very good health,88.7
BEL,Belgium,2021,Q5,Income quintile 5 (highest),Good/very good health,88.9
BEL,Belgium,2022,Q5,Income quintile 5 (highest),Good/very good health,88.6
BEL,Belgium,2023,Q5,Income quintile 5 (highest),Good/very good health,86.8
BEL,Belgium,2024,Q5,Income quintile 5 (highest),Good/very good health,87.2
BEL,Belgium,2025,Q5,Income quintile 5 (highest),Good/very good health,85.5
CHL,Chile,2011,Q5,Income quintile 5 (highest),Good/very good health,71.8
CHL,Chile,2013,Q5,Income quintile 5 (highest),Good/very good health,73.3
CHL,Chile,2015,Q5,Income quintile 5 (highest),Good/very good health,67.4
CHL,Chile,2017,Q5,Income quintile 5 (highest),Good/very good health,71.6
COL,Colombia,2018,Q5,Income quintile 5 (highest),Good/very good health,86.6
COL,Colombia,2019,Q5,Income quintile 5 (highest),Good/very good health,84.4
CZE,Czechia,2010,Q5,Income quintile 5 (highest),Good/very good health,77.9
CZE,Czechia,2011,Q5,Income quintile 5 (highest),Good/very good health,75.4
CZE,Czechia,2012,Q5,Income quintile 5 (highest),Good/very good health,76.4
CZE,Czechia,2013,Q5,Income quintile 5 (highest),Good/very good health,77
CZE,Czechia,2014,Q5,Income quintile 5 (highest),Good/very good health,78.4
CZE,Czechia,2015,Q5,Income quintile 5 (highest),Good/very good health,79.8
CZE,Czechia,2016,Q5,Income quintile 5 (highest),Good/very good health,79.3
CZE,Czechia,2017,Q5,Income quintile 5 (highest),Good/very good health,82.3
CZE,Czechia,2018,Q5,Income quintile 5 (highest),Good/very good health,83
CZE,Czechia,2019,Q5,Income quintile 5 (highest),Good/very good health,83.7
CZE,Czechia,2020,Q5,Income quintile 5 (highest),Good/very good health,84.6
CZE,Czechia,2021,Q5,Income quintile 5 (highest),Good/very good health,83.8
CZE,Czechia,2022,Q5,Income quintile 5 (highest),Good/very good health,85.9
CZE,Czechia,2023,Q5,Income quintile 5 (highest),Good/very good health,83
CZE,Czechia,2024,Q5,Income quintile 5 (highest),Good/very good health,82.1
CZE,Czechia,2025,Q5,Income quintile 5 (highest),Good/very good health,83.1
DNK,Denmark,2010,Q5,Income quintile 5 (highest),Good/very good health,82.1
DNK,Denmark,2011,Q5,Income quintile 5 (highest),Good/very good health,81.3
DNK,Denmark,2012,Q5,Income quintile 5 (highest),Good/very good health,80.5
DNK,Denmark,2013,Q5,Income quintile 5 (highest),Good/very good health,83.2
DNK,Denmark,2014,Q5,Income quintile 5 (highest),Good/very good health,82.7
DNK,Denmark,2015,Q5,Income quintile 5 (highest),Good/very good health,81.7
DNK,Denmark,2016,Q5,Income quintile 5 (highest),Good/very good health,83.9
DNK,Denmark,2017,Q5,Income quintile 5 (highest),Good/very good health,80.9
DNK,Denmark,2018,Q5,Income quintile 5 (highest),Good/very good health,82.5
DNK,Denmark,2019,Q5,Income quintile 5 (highest),Good/very good health,81.9
DNK,Denmark,2020,Q5,Income quintile 5 (highest),Good/very good health,82.3
DNK,Denmark,2021,Q5,Income quintile 5 (highest),Good/very good health,81.5
DNK,Denmark,2022,Q5,Income quintile 5 (highest),Good/very good health,76.4
DNK,Denmark,2023,Q5,Income quintile 5 (highest),Good/very good health,77.3
DNK,Denmark,2024,Q5,Income quintile 5 (highest),Good/very good health,81
DNK,Denmark,2025,Q5,Income quintile 5 (highest),Good/very good health,80.9
EST,Estonia,2010,Q5,Income quintile 5 (highest),Good/very good health,74.9
EST,Estonia,2011,Q5,Income quintile 5 (highest),Good/very good health,75.2
EST,Estonia,2012,Q5,Income quintile 5 (highest),Good/very good health,78.6
EST,Estonia,2013,Q5,Income quintile 5 (highest),Good/very good health,78.4
EST,Estonia,2014,Q5,Income quintile 5 (highest),Good/very good health,77.9
EST,Estonia,2015,Q5,Income quintile 5 (highest),Good/very good health,75.3
EST,Estonia,2016,Q5,Income quintile 5 (highest),Good/very good health,79
EST,Estonia,2017,Q5,Income quintile 5 (highest),Good/very good health,77.2
EST,Estonia,2018,Q5,Income quintile 5 (highest),Good/very good health,74
EST,Estonia,2019,Q5,Income quintile 5 (highest),Good/very good health,78.1
EST,Estonia,2020,Q5,Income quintile 5 (highest),Good/very good health,80.3
EST,Estonia,2021,Q5,Income quintile 5 (highest),Good/very good health,77.6
EST,Estonia,2022,Q5,Income quintile 5 (highest),Good/very good health,77.6
EST,Estonia,2023,Q5,Income quintile 5 (highest),Good/very good health,75.2
EST,Estonia,2024,Q5,Income quintile 5 (highest),Good/very good health,77
EST,Estonia,2025,Q5,Income quintile 5 (highest),Good/very good health,77
FIN,Finland,2010,Q5,Income quintile 5 (highest),Good/very good health,79.6
FIN,Finland,2011,Q5,Income quintile 5 (highest),Good/very good health,81.2
FIN,Finland,2012,Q5,Income quintile 5 (highest),Good/very good health,78.1
FIN,Finland,2013,Q5,Income quintile 5 (highest),Good/very good health,77.3
FIN,Finland,2014,Q5,Income quintile 5 (highest),Good/very good health,81.3
FIN,Finland,2015,Q5,Income quintile 5 (highest),Good/very good health,82.4
FIN,Finland,2016,Q5,Income quintile 5 (highest),Good/very good health,82.7
FIN,Finland,2017,Q5,Income quintile 5 (highest),Good/very good health,82.8
FIN,Finland,2018,Q5,Income quintile 5 (highest),Good/very good health,82.1
FIN,Finland,2019,Q5,Income quintile 5 (highest),Good/very good health,82.3
FIN,Finland,2020,Q5,Income quintile 5 (highest),Good/very good health,82.2
FIN,Finland,2021,Q5,Income quintile 5 (highest),Good/very good health,82.1
FIN,Finland,2022,Q5,Income quintile 5 (highest),Good/very good health,74.9
FIN,Finland,2023,Q5,Income quintile 5 (highest),Good/very good health,78.2
FIN,Finland,2024,Q5,Income quintile 5 (highest),Good/very good health,79.2
FIN,Finland,2025,Q5,Income quintile 5 (highest),Good/very good health,80.4
FRA,France,2010,Q5,Income quintile 5 (highest),Good/very good health,73.5
FRA,France,2011,Q5,Income quintile 5 (highest),Good/very good health,73.7
FRA,France,2012,Q5,Income quintile 5 (highest),Good/very good health,73.4
FRA,France,2013,Q5,Income quintile 5 (highest),Good/very good health,73.3
FRA,France,2014,Q5,Income quintile 5 (highest),Good/very good health,74
FRA,France,2015,Q5,Income quintile 5 (highest),Good/very good health,73.2
FRA,France,2016,Q5,Income quintile 5 (highest),Good/very good health,72.1
FRA,France,2017,Q5,Income quintile 5 (highest),Good/very good health,74.4
FRA,France,2018,Q5,Income quintile 5 (highest),Good/very good health,73.7
FRA,France,2019,Q5,Income quintile 5 (highest),Good/very good health,72.1
FRA,France,2020,Q5,Income quintile 5 (highest),Good/very good health,78.7
FRA,France,2021,Q5,Income quintile 5 (highest),Good/very good health,80.1
FRA,France,2022,Q5,Income quintile 5 (highest),Good/very good health,77.4
FRA,France,2023,Q5,Income quintile 5 (highest),Good/very good health,76.8
FRA,France,2024,Q5,Income quintile 5 (highest),Good/very good health,77.9
FRA,France,2025,Q5,Income quintile 5 (highest),Good/very good health,75.5
DEU,Germany,2010,Q5,Income quintile 5 (highest),Good/very good health,78.6
DEU,Germany,2011,Q5,Income quintile 5 (highest),Good/very good health,77
DEU,Germany,2012,Q5,Income quintile 5 (highest),Good/very good health,79
DEU,Germany,2013,Q5,Income quintile 5 (highest),Good/very good health,77.5
DEU,Germany,2014,Q5,Income quintile 5 (highest),Good/very good health,78.4
DEU,Germany,2015,Q5,Income quintile 5 (highest),Good/very good health,78.5
DEU,Germany,2016,Q5,Income quintile 5 (highest),Good/very good health,79.1
DEU,Germany,2017,Q5,Income quintile 5 (highest),Good/very good health,79.8
DEU,Germany,2018,Q5,Income quintile 5 (highest),Good/very good health,78.4
DEU,Germany,2019,Q5,Income quintile 5 (highest),Good/very good health,80.3
DEU,Germany,2020,Q5,Income quintile 5 (highest),Good/very good health,79.7
DEU,Germany,2021,Q5,Income quintile 5 (highest),Good/very good health,78.3
DEU,Germany,2022,Q5,Income quintile 5 (highest),Good/very good health,78.3
DEU,Germany,2023,Q5,Income quintile 5 (highest),Good/very good health,79.1
DEU,Germany,2024,Q5,Income quintile 5 (highest),Good/very good health,79.9
DEU,Germany,2025,Q5,Income quintile 5 (highest),Good/very good health,80.4
GRC,Greece,2010,Q5,Income quintile 5 (highest),Good/very good health,87.6
GRC,Greece,2011,Q5,Income quintile 5 (highest),Good/very good health,86.8
GRC,Greece,2012,Q5,Income quintile 5 (highest),Good/very good health,82.6
GRC,Greece,2013,Q5,Income quintile 5 (highest),Good/very good health,82.3
GRC,Greece,2014,Q5,Income quintile 5 (highest),Good/very good health,83.3
GRC,Greece,2015,Q5,Income quintile 5 (highest),Good/very good health,83
GRC,Greece,2016,Q5,Income quintile 5 (highest),Good/very good health,82
GRC,Greece,2017,Q5,Income quintile 5 (highest),Good/very good health,81.8
GRC,Greece,2018,Q5,Income quintile 5 (highest),Good/very good health,84.2
GRC,Greece,2019,Q5,Income quintile 5 (highest),Good/very good health,87.4
GRC,Greece,2020,Q5,Income quintile 5 (highest),Good/very good health,85.2
GRC,Greece,2021,Q5,Income quintile 5 (highest),Good/very good health,83.9
GRC,Greece,2022,Q5,Income quintile 5 (highest),Good/very good health,83.1
GRC,Greece,2023,Q5,Income quintile 5 (highest),Good/very good health,84.1
GRC,Greece,2024,Q5,Income quintile 5 (highest),Good/very good health,84.7
GRC,Greece,2025,Q5,Income quintile 5 (highest),Good/very good health,86.2
HUN,Hungary,2010,Q5,Income quintile 5 (highest),Good/very good health,63.9
HUN,Hungary,2011,Q5,Income quintile 5 (highest),Good/very good health,69.4
HUN,Hungary,2012,Q5,Income quintile 5 (highest),Good/very good health,70.6
HUN,Hungary,2013,Q5,Income quintile 5 (highest),Good/very good health,68.9
HUN,Hungary,2014,Q5,Income quintile 5 (highest),Good/very good health,69.3
HUN,Hungary,2015,Q5,Income quintile 5 (highest),Good/very good health,71.4
HUN,Hungary,2016,Q5,Income quintile 5 (highest),Good/very good health,73.5
HUN,Hungary,2017,Q5,Income quintile 5 (highest),Good/very good health,72.2
HUN,Hungary,2018,Q5,Income quintile 5 (highest),Good/very good health,71.2
HUN,Hungary,2019,Q5,Income quintile 5 (highest),Good/very good health,70.8
HUN,Hungary,2020,Q5,Income quintile 5 (highest),Good/very good health,73.3
HUN,Hungary,2021,Q5,Income quintile 5 (highest),Good/very good health,75
HUN,Hungary,2022,Q5,Income quintile 5 (highest),Good/very good health,75.4
HUN,Hungary,2023,Q5,Income quintile 5 (highest),Good/very good health,73.6
HUN,Hungary,2024,Q5,Income quintile 5 (highest),Good/very good health,75.2
HUN,Hungary,2025,Q5,Income quintile 5 (highest),Good/very good health,75.6
ISL,Iceland,2010,Q5,Income quintile 5 (highest),Good/very good health,81.1
ISL,Iceland,2011,Q5,Income quintile 5 (highest),Good/very good health,84.6
ISL,Iceland,2012,Q5,Income quintile 5 (highest),Good/very good health,85.1
ISL,Iceland,2013,Q5,Income quintile 5 (highest),Good/very good health,82.6
ISL,Iceland,2014,Q5,Income quintile 5 (highest),Good/very good health,82.2
ISL,Iceland,2015,Q5,Income quintile 5 (highest),Good/very good health,82.7
ISL,Iceland,2016,Q5,Income quintile 5 (highest),Good/very good health,84.4
ISL,Iceland,2017,Q5,Income quintile 5 (highest),Good/very good health,83.5
ISL,Iceland,2018,Q5,Income quintile 5 (highest),Good/very good health,86
ISL,Iceland,2019,Q5,Income quintile 5 (highest),Good/very good health,85.6
ISL,Iceland,2020,Q5,Income quintile 5 (highest),Good/very good health,83.9
IRL,Ireland,2010,Q5,Income quintile 5 (highest),Good/very good health,92.4
IRL,Ireland,2011,Q5,Income quintile 5 (highest),Good/very good health,93.7
IRL,Ireland,2012,Q5,Income quintile 5 (highest),Good/very good health,91.4
IRL,Ireland,2013,Q5,Income quintile 5 (highest),Good/very good health,90.6
IRL,Ireland,2014,Q5,Income quintile 5 (highest),Good/very good health,92.5
IRL,Ireland,2015,Q5,Income quintile 5 (highest),Good/very good health,92.5
IRL,Ireland,2016,Q5,Income quintile 5 (highest),Good/very good health,93.3
IRL,Ireland,2017,Q5,Income quintile 5 (highest),Good/very good health,93.3
IRL,Ireland,2018,Q5,Income quintile 5 (highest),Good/very good health,92.7
IRL,Ireland,2019,Q5,Income quintile 5 (highest),Good/very good health,92.5
IRL,Ireland,2020,Q5,Income quintile 5 (highest),Good/very good health,91.8
IRL,Ireland,2021,Q5,Income quintile 5 (highest),Good/very good health,90.4
IRL,Ireland,2022,Q5,Income quintile 5 (highest),Good/very good health,88.9
IRL,Ireland,2023,Q5,Income quintile 5 (highest),Good/very good health,88.1
IRL,Ireland,2024,Q5,Income quintile 5 (highest),Good/very good health,90.8
IRL,Ireland,2025,Q5,Income quintile 5 (highest),Good/very good health,89.6
ISR,Israel,2019,Q5,Income quintile 5 (highest),Good/very good health,88.7
ISR,Israel,2020,Q5,Income quintile 5 (highest),Good/very good health,89.3
ITA,Italy,2010,Q5,Income quintile 5 (highest),Good/very good health,76.2
ITA,Italy,2011,Q5,Income quintile 5 (highest),Good/very good health,74.3
ITA,Italy,2012,Q5,Income quintile 5 (highest),Good/very good health,76.6
ITA,Italy,2013,Q5,Income quintile 5 (highest),Good/very good health,74.2
ITA,Italy,2014,Q5,Income quintile 5 (highest),Good/very good health,75.6
ITA,Italy,2015,Q5,Income quintile 5 (highest),Good/very good health,73.2
ITA,Italy,2016,Q5,Income quintile 5 (highest),Good/very good health,76.9
ITA,Italy,2017,Q5,Income quintile 5 (highest),Good/very good health,82.7
ITA,Italy,2018,Q5,Income quintile 5 (highest),Good/very good health,80
ITA,Italy,2019,Q5,Income quintile 5 (highest),Good/very good health,79.8
ITA,Italy,2021,Q5,Income quintile 5 (highest),Good/very good health,79.1
ITA,Italy,2022,Q5,Income quintile 5 (highest),Good/very good health,78.8
ITA,Italy,2023,Q5,Income quintile 5 (highest),Good/very good health,79.2
ITA,Italy,2024,Q5,Income quintile 5 (highest),Good/very good health,81.3
ITA,Italy,2025,Q5,Income quintile 5 (highest),Good/very good health,80.5
JPN,Japan,2010,Q5,Income quintile 5 (highest),Good/very good health,34.5
JPN,Japan,2013,Q5,Income quintile 5 (highest),Good/very good health,39.6
JPN,Japan,2016,Q5,Income quintile 5 (highest),Good/very good health,39.4
JPN,Japan,2019,Q5,Income quintile 5 (highest),Good/very good health,41.7
JPN,Japan,2022,Q5,Income quintile 5 (highest),Good/very good health,44.3
LVA,Latvia,2010,Q5,Income quintile 5 (highest),Good/very good health,64
LVA,Latvia,2011,Q5,Income quintile 5 (highest),Good/very good health,60.7
LVA,Latvia,2012,Q5,Income quintile 5 (highest),Good/very good health,64.6
LVA,Latvia,2013,Q5,Income quintile 5 (highest),Good/very good health,63.1
LVA,Latvia,2014,Q5,Income quintile 5 (highest),Good/very good health,64.1
LVA,Latvia,2015,Q5,Income quintile 5 (highest),Good/very good health,67
LVA,Latvia,2016,Q5,Income quintile 5 (highest),Good/very good health,69.2
LVA,Latvia,2017,Q5,Income quintile 5 (highest),Good/very good health,63.6
LVA,Latvia,2018,Q5,Income quintile 5 (highest),Good/very good health,70
LVA,Latvia,2019,Q5,Income quintile 5 (highest),Good/very good health,69
LVA,Latvia,2020,Q5,Income quintile 5 (highest),Good/very good health,68.7
LVA,Latvia,2021,Q5,Income quintile 5 (highest),Good/very good health,68.7
LVA,Latvia,2022,Q5,Income quintile 5 (highest),Good/very good health,70.9
LVA,Latvia,2023,Q5,Income quintile 5 (highest),Good/very good health,67.3
LVA,Latvia,2024,Q5,Income quintile 5 (highest),Good/very good health,68.7
LVA,Latvia,2025,Q5,Income quintile 5 (highest),Good/very good health,68
LTU,Lithuania,2010,Q5,Income quintile 5 (highest),Good/very good health,64.6
LTU,Lithuania,2011,Q5,Income quintile 5 (highest),Good/very good health,58.5
LTU,Lithuania,2012,Q5,Income quintile 5 (highest),Good/very good health,61.4
LTU,Lithuania,2013,Q5,Income quintile 5 (highest),Good/very good health,63.8
LTU,Lithuania,2014,Q5,Income quintile 5 (highest),Good/very good health,61.3
LTU,Lithuania,2015,Q5,Income quintile 5 (highest),Good/very good health,63.1
LTU,Lithuania,2016,Q5,Income quintile 5 (highest),Good/very good health,67
LTU,Lithuania,2017,Q5,Income quintile 5 (highest),Good/very good health,66.9
LTU,Lithuania,2018,Q5,Income quintile 5 (highest),Good/very good health,66.9
LTU,Lithuania,2019,Q5,Income quintile 5 (highest),Good/very good health,67
LTU,Lithuania,2020,Q5,Income quintile 5 (highest),Good/very good health,66.5
LTU,Lithuania,2021,Q5,Income quintile 5 (highest),Good/very good health,69.1
LTU,Lithuania,2022,Q5,Income quintile 5 (highest),Good/very good health,71.8
LTU,Lithuania,2023,Q5,Income quintile 5 (highest),Good/very good health,71.7
LTU,Lithuania,2024,Q5,Income quintile 5 (highest),Good/very good health,74.8
LTU,Lithuania,2025,Q5,Income quintile 5 (highest),Good/very good health,75.8
LUX,Luxembourg,2010,Q5,Income quintile 5 (highest),Good/very good health,83.5
LUX,Luxembourg,2011,Q5,Income quintile 5 (highest),Good/very good health,83
LUX,Luxembourg,2012,Q5,Income quintile 5 (highest),Good/very good health,81
LUX,Luxembourg,2013,Q5,Income quintile 5 (highest),Good/very good health,79.2
LUX,Luxembourg,2014,Q5,Income quintile 5 (highest),Good/very good health,79.2
LUX,Luxembourg,2015,Q5,Income quintile 5 (highest),Good/very good health,79.7
LUX,Luxembourg,2016,Q5,Income quintile 5 (highest),Good/very good health,72.5
LUX,Luxembourg,2017,Q5,Income quintile 5 (highest),Good/very good health,77.2
LUX,Luxembourg,2018,Q5,Income quintile 5 (highest),Good/very good health,72.9
LUX,Luxembourg,2019,Q5,Income quintile 5 (highest),Good/very good health,76.3
LUX,Luxembourg,2020,Q5,Income quintile 5 (highest),Good/very good health,77.4
LUX,Luxembourg,2021,Q5,Income quintile 5 (highest),Good/very good health,78.8
LUX,Luxembourg,2022,Q5,Income quintile 5 (highest),Good/very good health,80.9
LUX,Luxembourg,2023,Q5,Income quintile 5 (highest),Good/very good health,83.8
LUX,Luxembourg,2024,Q5,Income quintile 5 (highest),Good/very good health,80.1
LUX,Luxembourg,2025,Q5,Income quintile 5 (highest),Good/very good health,85
NLD,Netherlands,2010,Q5,Income quintile 5 (highest),Good/very good health,87.7
NLD,Netherlands,2011,Q5,Income quintile 5 (highest),Good/very good health,87
NLD,Netherlands,2012,Q5,Income quintile 5 (highest),Good/very good health,86.8
NLD,Netherlands,2013,Q5,Income quintile 5 (highest),Good/very good health,83.8
NLD,Netherlands,2014,Q5,Income quintile 5 (highest),Good/very good health,86.9
NLD,Netherlands,2015,Q5,Income quintile 5 (highest),Good/very good health,87.1
NLD,Netherlands,2016,Q5,Income quintile 5 (highest),Good/very good health,86.4
NLD,Netherlands,2017,Q5,Income quintile 5 (highest),Good/very good health,88.1
NLD,Netherlands,2018,Q5,Income quintile 5 (highest),Good/very good health,86.6
NLD,Netherlands,2019,Q5,Income quintile 5 (highest),Good/very good health,86.3
NLD,Netherlands,2020,Q5,Income quintile 5 (highest),Good/very good health,89.7
NLD,Netherlands,2021,Q5,Income quintile 5 (highest),Good/very good health,85.2
NLD,Netherlands,2022,Q5,Income quintile 5 (highest),Good/very good health,84.1
NLD,Netherlands,2023,Q5,Income quintile 5 (highest),Good/very good health,81.1
NLD,Netherlands,2024,Q5,Income quintile 5 (highest),Good/very good health,83.2
NLD,Netherlands,2025,Q5,Income quintile 5 (highest),Good/very good health,82.2
NOR,Norway,2010,Q5,Income quintile 5 (highest),Good/very good health,85.8
NOR,Norway,2011,Q5,Income quintile 5 (highest),Good/very good health,84.8
NOR,Norway,2012,Q5,Income quintile 5 (highest),Good/very good health,85.9
NOR,Norway,2013,Q5,Income quintile 5 (highest),Good/very good health,84.1
NOR,Norway,2014,Q5,Income quintile 5 (highest),Good/very good health,87
NOR,Norway,2015,Q5,Income quintile 5 (highest),Good/very good health,87.1
NOR,Norway,2016,Q5,Income quintile 5 (highest),Good/very good health,86.1
NOR,Norway,2017,Q5,Income quintile 5 (highest),Good/very good health,85.9
NOR,Norway,2018,Q5,Income quintile 5 (highest),Good/very good health,84.5
NOR,Norway,2019,Q5,Income quintile 5 (highest),Good/very good health,83.3
NOR,Norway,2020,Q5,Income quintile 5 (highest),Good/very good health,82.9
NOR,Norway,2021,Q5,Income quintile 5 (highest),Good/very good health,84.4
NOR,Norway,2022,Q5,Income quintile 5 (highest),Good/very good health,82.5
NOR,Norway,2023,Q5,Income quintile 5 (highest),Good/very good health,81.8
NOR,Norway,2024,Q5,Income quintile 5 (highest),Good/very good health,83.6
NOR,Norway,2025,Q5,Income quintile 5 (highest),Good/very good health,82.8
POL,Poland,2010,Q5,Income quintile 5 (highest),Good/very good health,70.8
POL,Poland,2011,Q5,Income quintile 5 (highest),Good/very good health,68.9
POL,Poland,2012,Q5,Income quintile 5 (highest),Good/very good health,69.3
POL,Poland,2013,Q5,Income quintile 5 (highest),Good/very good health,69.1
POL,Poland,2014,Q5,Income quintile 5 (highest),Good/very good health,71.2
POL,Poland,2015,Q5,Income quintile 5 (highest),Good/very good health,71.1
POL,Poland,2016,Q5,Income quintile 5 (highest),Good/very good health,72.3
POL,Poland,2017,Q5,Income quintile 5 (highest),Good/very good health,73.8
POL,Poland,2018,Q5,Income quintile 5 (highest),Good/very good health,73.3
POL,Poland,2019,Q5,Income quintile 5 (highest),Good/very good health,74.2
POL,Poland,2020,Q5,Income quintile 5 (highest),Good/very good health,75.1
POL,Poland,2021,Q5,Income quintile 5 (highest),Good/very good health,77.4
POL,Poland,2022,Q5,Income quintile 5 (highest),Good/very good health,74.8
POL,Poland,2023,Q5,Income quintile 5 (highest),Good/very good health,76
POL,Poland,2024,Q5,Income quintile 5 (highest),Good/very good health,77.4
POL,Poland,2025,Q5,Income quintile 5 (highest),Good/very good health,77.6
PRT,Portugal,2010,Q5,Income quintile 5 (highest),Good/very good health,65.7
PRT,Portugal,2011,Q5,Income quintile 5 (highest),Good/very good health,65.6
PRT,Portugal,2012,Q5,Income quintile 5 (highest),Good/very good health,61.9
PRT,Portugal,2013,Q5,Income quintile 5 (highest),Good/very good health,61.3
PRT,Portugal,2014,Q5,Income quintile 5 (highest),Good/very good health,60.9
PRT,Portugal,2015,Q5,Income quintile 5 (highest),Good/very good health,59.3
PRT,Portugal,2016,Q5,Income quintile 5 (highest),Good/very good health,60.5
PRT,Portugal,2017,Q5,Income quintile 5 (highest),Good/very good health,61.3
PRT,Portugal,2018,Q5,Income quintile 5 (highest),Good/very good health,62.4
PRT,Portugal,2019,Q5,Income quintile 5 (highest),Good/very good health,63.2
PRT,Portugal,2020,Q5,Income quintile 5 (highest),Good/very good health,64.5
PRT,Portugal,2021,Q5,Income quintile 5 (highest),Good/very good health,62.9
PRT,Portugal,2022,Q5,Income quintile 5 (highest),Good/very good health,61.2
PRT,Portugal,2023,Q5,Income quintile 5 (highest),Good/very good health,62.8
PRT,Portugal,2024,Q5,Income quintile 5 (highest),Good/very good health,65.4
PRT,Portugal,2025,Q5,Income quintile 5 (highest),Good/very good health,64.8
SVK,Slovak Republic,2010,Q5,Income quintile 5 (highest),Good/very good health,76.9
SVK,Slovak Republic,2011,Q5,Income quintile 5 (highest),Good/very good health,74.3
SVK,Slovak Republic,2012,Q5,Income quintile 5 (highest),Good/very good health,79
SVK,Slovak Republic,2013,Q5,Income quintile 5 (highest),Good/very good health,77.3
SVK,Slovak Republic,2014,Q5,Income quintile 5 (highest),Good/very good health,75.8
SVK,Slovak Republic,2015,Q5,Income quintile 5 (highest),Good/very good health,77.6
SVK,Slovak Republic,2016,Q5,Income quintile 5 (highest),Good/very good health,79.9
SVK,Slovak Republic,2017,Q5,Income quintile 5 (highest),Good/very good health,78.2
SVK,Slovak Republic,2018,Q5,Income quintile 5 (highest),Good/very good health,78
SVK,Slovak Republic,2019,Q5,Income quintile 5 (highest),Good/very good health,77.8
SVK,Slovak Republic,2020,Q5,Income quintile 5 (highest),Good/very good health,78.5
SVK,Slovak Republic,2021,Q5,Income quintile 5 (highest),Good/very good health,76.7
SVK,Slovak Republic,2022,Q5,Income quintile 5 (highest),Good/very good health,76.3
SVK,Slovak Republic,2023,Q5,Income quintile 5 (highest),Good/very good health,74.4
SVK,Slovak Republic,2024,Q5,Income quintile 5 (highest),Good/very good health,74.5
SVK,Slovak Republic,2025,Q5,Income quintile 5 (highest),Good/very good health,79.2
SVN,Slovenia,2010,Q5,Income quintile 5 (highest),Good/very good health,73.6
SVN,Slovenia,2011,Q5,Income quintile 5 (highest),Good/very good health,74.6
SVN,Slovenia,2012,Q5,Income quintile 5 (highest),Good/very good health,76.8
SVN,Slovenia,2013,Q5,Income quintile 5 (highest),Good/very good health,76.4
SVN,Slovenia,2014,Q5,Income quintile 5 (highest),Good/very good health,76
SVN,Slovenia,2015,Q5,Income quintile 5 (highest),Good/very good health,75.1
SVN,Slovenia,2016,Q5,Income quintile 5 (highest),Good/very good health,76.3
SVN,Slovenia,2017,Q5,Income quintile 5 (highest),Good/very good health,77.1
SVN,Slovenia,2018,Q5,Income quintile 5 (highest),Good/very good health,78.2
SVN,Slovenia,2019,Q5,Income quintile 5 (highest),Good/very good health,79.1
SVN,Slovenia,2020,Q5,Income quintile 5 (highest),Good/very good health,79.3
SVN,Slovenia,2021,Q5,Income quintile 5 (highest),Good/very good health,80.1
SVN,Slovenia,2022,Q5,Income quintile 5 (highest),Good/very good health,79.4
SVN,Slovenia,2023,Q5,Income quintile 5 (highest),Good/very good health,77.7
SVN,Slovenia,2024,Q5,Income quintile 5 (highest),Good/very good health,79
SVN,Slovenia,2025,Q5,Income quintile 5 (highest),Good/very good health,76.9
ESP,Spain,2010,Q5,Income quintile 5 (highest),Good/very good health,82.7
ESP,Spain,2011,Q5,Income quintile 5 (highest),Good/very good health,84.5
ESP,Spain,2012,Q5,Income quintile 5 (highest),Good/very good health,83.6
ESP,Spain,2013,Q5,Income quintile 5 (highest),Good/very good health,80.9
ESP,Spain,2014,Q5,Income quintile 5 (highest),Good/very good health,82
ESP,Spain,2015,Q5,Income quintile 5 (highest),Good/very good health,81.3
ESP,Spain,2016,Q5,Income quintile 5 (highest),Good/very good health,81.9
ESP,Spain,2017,Q5,Income quintile 5 (highest),Good/very good health,83.4
ESP,Spain,2018,Q5,Income quintile 5 (highest),Good/very good health,83.1
ESP,Spain,2019,Q5,Income quintile 5 (highest),Good/very good health,84
ESP,Spain,2020,Q5,Income quintile 5 (highest),Good/very good health,82
ESP,Spain,2021,Q5,Income quintile 5 (highest),Good/very good health,80.1
ESP,Spain,2022,Q5,Income quintile 5 (highest),Good/very good health,78.9
ESP,Spain,2023,Q5,Income quintile 5 (highest),Good/very good health,79.2
ESP,Spain,2024,Q5,Income quintile 5 (highest),Good/very good health,77.9
ESP,Spain,2025,Q5,Income quintile 5 (highest),Good/very good health,77.8
SWE,Sweden,2010,Q5,Income quintile 5 (highest),Good/very good health,87.7
SWE,Sweden,2011,Q5,Income quintile 5 (highest),Good/very good health,88.5
SWE,Sweden,2012,Q5,Income quintile 5 (highest),Good/very good health,88.6
SWE,Sweden,2013,Q5,Income quintile 5 (highest),Good/very good health,88.7
SWE,Sweden,2014,Q5,Income quintile 5 (highest),Good/very good health,88.7
SWE,Sweden,2015,Q5,Income quintile 5 (highest),Good/very good health,87.6
SWE,Sweden,2016,Q5,Income quintile 5 (highest),Good/very good health,86.1
SWE,Sweden,2017,Q5,Income quintile 5 (highest),Good/very good health,87
SWE,Sweden,2018,Q5,Income quintile 5 (highest),Good/very good health,85.6
SWE,Sweden,2019,Q5,Income quintile 5 (highest),Good/very good health,87.1
SWE,Sweden,2020,Q5,Income quintile 5 (highest),Good/very good health,87
SWE,Sweden,2021,Q5,Income quintile 5 (highest),Good/very good health,81.9
SWE,Sweden,2022,Q5,Income quintile 5 (highest),Good/very good health,77.5
SWE,Sweden,2023,Q5,Income quintile 5 (highest),Good/very good health,77.9
SWE,Sweden,2024,Q5,Income quintile 5 (highest),Good/very good health,76.8
SWE,Sweden,2025,Q5,Income quintile 5 (highest),Good/very good health,75.4
CHE,Switzerland,2010,Q5,Income quintile 5 (highest),Good/very good health,90.7
CHE,Switzerland,2011,Q5,Income quintile 5 (highest),Good/very good health,90
CHE,Switzerland,2012,Q5,Income quintile 5 (highest),Good/very good health,90
CHE,Switzerland,2013,Q5,Income quintile 5 (highest),Good/very good health,88.5
CHE,Switzerland,2014,Q5,Income quintile 5 (highest),Good/very good health,87.5
CHE,Switzerland,2015,Q5,Income quintile 5 (highest),Good/very good health,88
CHE,Switzerland,2016,Q5,Income quintile 5 (highest),Good/very good health,85.9
CHE,Switzerland,2017,Q5,Income quintile 5 (highest),Good/very good health,89.6
CHE,Switzerland,2018,Q5,Income quintile 5 (highest),Good/very good health,88.6
CHE,Switzerland,2019,Q5,Income quintile 5 (highest),Good/very good health,89.4
CHE,Switzerland,2020,Q5,Income quintile 5 (highest),Good/very good health,90.8
CHE,Switzerland,2021,Q5,Income quintile 5 (highest),Good/very good health,90.2
CHE,Switzerland,2022,Q5,Income quintile 5 (highest),Good/very good health,88.8
CHE,Switzerland,2023,Q5,Income quintile 5 (highest),Good/very good health,87.6
CHE,Switzerland,2024,Q5,Income quintile 5 (highest),Good/very good health,88.1
TUR,Türkiye,2010,Q5,Income quintile 5 (highest),Good/very good health,72.8
TUR,Türkiye,2011,Q5,Income quintile 5 (highest),Good/very good health,74.7
TUR,Türkiye,2012,Q5,Income quintile 5 (highest),Good/very good health,76.5
TUR,Türkiye,2013,Q5,Income quintile 5 (highest),Good/very good health,76
TUR,Türkiye,2014,Q5,Income quintile 5 (highest),Good/very good health,77.4
TUR,Türkiye,2015,Q5,Income quintile 5 (highest),Good/very good health,75.5
TUR,Türkiye,2016,Q5,Income quintile 5 (highest),Good/very good health,77.7
TUR,Türkiye,2017,Q5,Income quintile 5 (highest),Good/very good health,77.5
TUR,Türkiye,2018,Q5,Income quintile 5 (highest),Good/very good health,75.5
TUR,Türkiye,2019,Q5,Income quintile 5 (highest),Good/very good health,74.1
TUR,Türkiye,2020,Q5,Income quintile 5 (highest),Good/very good health,75
TUR,Türkiye,2021,Q5,Income quintile 5 (highest),Good/very good health,74.1
TUR,Türkiye,2022,Q5,Income quintile 5 (highest),Good/very good health,73.2
TUR,Türkiye,2023,Q5,Income quintile 5 (highest),Good/very good health,72
TUR,Türkiye,2024,Q5,Income quintile 5 (highest),Good/very good health,72.7
TUR,Türkiye,2025,Q5,Income quintile 5 (highest),Good/very good health,72.3
GBR,United Kingdom,2010,Q5,Income quintile 5 (highest),Good/very good health,90.8
GBR,United Kingdom,2011,Q5,Income quintile 5 (highest),Good/very good health,88.1
GBR,United Kingdom,2012,Q5,Income quintile 5 (highest),Good/very good health,88.5
GBR,United Kingdom,2013,Q5,Income quintile 5 (highest),Good/very good health,88.5
GBR,United Kingdom,2014,Q5,Income quintile 5 (highest),Good/very good health,83.8
GBR,United Kingdom,2015,Q5,Income quintile 5 (highest),Good/very good health,83.2
GBR,United Kingdom,2016,Q5,Income quintile 5 (highest),Good/very good health,83.3
GBR,United Kingdom,2017,Q5,Income quintile 5 (highest),Good/very good health,86.4
GBR,United Kingdom,2018,Q5,Income quintile 5 (highest),Good/very good health,84.1
BGR,Bulgaria,2010,Q5,Income quintile 5 (highest),Good/very good health,82
BGR,Bulgaria,2011,Q5,Income quintile 5 (highest),Good/very good health,80.9
BGR,Bulgaria,2012,Q5,Income quintile 5 (highest),Good/very good health,80.1
BGR,Bulgaria,2013,Q5,Income quintile 5 (highest),Good/very good health,80.2
BGR,Bulgaria,2014,Q5,Income quintile 5 (highest),Good/very good health,76.7
BGR,Bulgaria,2015,Q5,Income quintile 5 (highest),Good/very good health,79.4
BGR,Bulgaria,2016,Q5,Income quintile 5 (highest),Good/very good health,80.6
BGR,Bulgaria,2017,Q5,Income quintile 5 (highest),Good/very good health,81.6
BGR,Bulgaria,2018,Q5,Income quintile 5 (highest),Good/very good health,82
BGR,Bulgaria,2019,Q5,Income quintile 5 (highest),Good/very good health,82
BGR,Bulgaria,2020,Q5,Income quintile 5 (highest),Good/very good health,82.9
BGR,Bulgaria,2021,Q5,Income quintile 5 (highest),Good/very good health,81.6
BGR,Bulgaria,2022,Q5,Income quintile 5 (highest),Good/very good health,83.9
BGR,Bulgaria,2023,Q5,Income quintile 5 (highest),Good/very good health,81
BGR,Bulgaria,2024,Q5,Income quintile 5 (highest),Good/very good health,81.4
BGR,Bulgaria,2025,Q5,Income quintile 5 (highest),Good/very good health,78.3
HRV,Croatia,2010,Q5,Income quintile 5 (highest),Good/very good health,65.7
HRV,Croatia,2011,Q5,Income quintile 5 (highest),Good/very good health,60.7
HRV,Croatia,2012,Q5,Income quintile 5 (highest),Good/very good health,60.9
HRV,Croatia,2013,Q5,Income quintile 5 (highest),Good/very good health,61.6
HRV,Croatia,2014,Q5,Income quintile 5 (highest),Good/very good health,71.9
HRV,Croatia,2015,Q5,Income quintile 5 (highest),Good/very good health,72.9
HRV,Croatia,2016,Q5,Income quintile 5 (highest),Good/very good health,73.8
HRV,Croatia,2017,Q5,Income quintile 5 (highest),Good/very good health,75.2
HRV,Croatia,2018,Q5,Income quintile 5 (highest),Good/very good health,75.6
HRV,Croatia,2019,Q5,Income quintile 5 (highest),Good/very good health,76.4
HRV,Croatia,2020,Q5,Income quintile 5 (highest),Good/very good health,81.2
HRV,Croatia,2021,Q5,Income quintile 5 (highest),Good/very good health,79
HRV,Croatia,2022,Q5,Income quintile 5 (highest),Good/very good health,81.4
HRV,Croatia,2023,Q5,Income quintile 5 (highest),Good/very good health,81.3
HRV,Croatia,2024,Q5,Income quintile 5 (highest),Good/very good health,83.7
HRV,Croatia,2025,Q5,Income quintile 5 (highest),Good/very good health,84.4
ROU,Romania,2010,Q5,Income quintile 5 (highest),Good/very good health,73.6
ROU,Romania,2011,Q5,Income quintile 5 (highest),Good/very good health,70.2
ROU,Romania,2012,Q5,Income quintile 5 (highest),Good/very good health,73.4
ROU,Romania,2013,Q5,Income quintile 5 (highest),Good/very good health,74
ROU,Romania,2014,Q5,Income quintile 5 (highest),Good/very good health,75.4
ROU,Romania,2015,Q5,Income quintile 5 (highest),Good/very good health,74.7
ROU,Romania,2016,Q5,Income quintile 5 (highest),Good/very good health,77.4
ROU,Romania,2017,Q5,Income quintile 5 (highest),Good/very good health,79.2
ROU,Romania,2018,Q5,Income quintile 5 (highest),Good/very good health,81.6
ROU,Romania,2019,Q5,Income quintile 5 (highest),Good/very good health,83.8
ROU,Romania,2020,Q5,Income quintile 5 (highest),Good/very good health,84.4
ROU,Romania,2021,Q5,Income quintile 5 (highest),Good/very good health,86.3
ROU,Romania,2022,Q5,Income quintile 5 (highest),Good/very good health,80.4
ROU,Romania,2023,Q5,Income quintile 5 (highest),Good/very good health,84
ROU,Romania,2024,Q5,Income quintile 5 (highest),Good/very good health,87.2
ROU,Romania,2025,Q5,Income quintile 5 (highest),Good/very good health,86.1
AUT,Austria,2010,Q1,Income quintile 1 (lowest),Good/very good health,55.8
AUT,Austria,2011,Q1,Income quintile 1 (lowest),Good/very good health,56.1
AUT,Austria,2012,Q1,Income quintile 1 (lowest),Good/very good health,59.6
AUT,Austria,2013,Q1,Income quintile 1 (lowest),Good/very good health,59.1
AUT,Austria,2014,Q1,Income quintile 1 (lowest),Good/very good health,58.5
AUT,Austria,2015,Q1,Income quintile 1 (lowest),Good/very good health,58.6
AUT,Austria,2016,Q1,Income quintile 1 (lowest),Good/very good health,62.4
AUT,Austria,2017,Q1,Income quintile 1 (lowest),Good/very good health,63
AUT,Austria,2018,Q1,Income quintile 1 (lowest),Good/very good health,61.8
AUT,Austria,2019,Q1,Income quintile 1 (lowest),Good/very good health,60.6
AUT,Austria,2020,Q1,Income quintile 1 (lowest),Good/very good health,62.5
AUT,Austria,2021,Q1,Income quintile 1 (lowest),Good/very good health,61.9
AUT,Austria,2022,Q1,Income quintile 1 (lowest),Good/very good health,62
AUT,Austria,2023,Q1,Income quintile 1 (lowest),Good/very good health,58.3
AUT,Austria,2024,Q1,Income quintile 1 (lowest),Good/very good health,56.9
AUT,Austria,2025,Q1,Income quintile 1 (lowest),Good/very good health,60.7
BEL,Belgium,2010,Q1,Income quintile 1 (lowest),Good/very good health,57.7
BEL,Belgium,2011,Q1,Income quintile 1 (lowest),Good/very good health,57.6
BEL,Belgium,2012,Q1,Income quintile 1 (lowest),Good/very good health,60.9
BEL,Belgium,2013,Q1,Income quintile 1 (lowest),Good/very good health,58
BEL,Belgium,2014,Q1,Income quintile 1 (lowest),Good/very good health,59.8
BEL,Belgium,2015,Q1,Income quintile 1 (lowest),Good/very good health,58.7
BEL,Belgium,2016,Q1,Income quintile 1 (lowest),Good/very good health,58.3
BEL,Belgium,2017,Q1,Income quintile 1 (lowest),Good/very good health,61.1
BEL,Belgium,2018,Q1,Income quintile 1 (lowest),Good/very good health,59.8
BEL,Belgium,2019,Q1,Income quintile 1 (lowest),Good/very good health,57.8
BEL,Belgium,2020,Q1,Income quintile 1 (lowest),Good/very good health,57.8
BEL,Belgium,2021,Q1,Income quintile 1 (lowest),Good/very good health,60.7
BEL,Belgium,2022,Q1,Income quintile 1 (lowest),Good/very good health,59
BEL,Belgium,2023,Q1,Income quintile 1 (lowest),Good/very good health,61.2
BEL,Belgium,2024,Q1,Income quintile 1 (lowest),Good/very good health,61.5
BEL,Belgium,2025,Q1,Income quintile 1 (lowest),Good/very good health,58.7
CHL,Chile,2011,Q1,Income quintile 1 (lowest),Good/very good health,54
CHL,Chile,2013,Q1,Income quintile 1 (lowest),Good/very good health,56.9
CHL,Chile,2015,Q1,Income quintile 1 (lowest),Good/very good health,45.8
CHL,Chile,2017,Q1,Income quintile 1 (lowest),Good/very good health,51.9
COL,Colombia,2018,Q1,Income quintile 1 (lowest),Good/very good health,72.8
COL,Colombia,2019,Q1,Income quintile 1 (lowest),Good/very good health,76.3
CZE,Czechia,2010,Q1,Income quintile 1 (lowest),Good/very good health,51.6
CZE,Czechia,2011,Q1,Income quintile 1 (lowest),Good/very good health,49.9
CZE,Czechia,2012,Q1,Income quintile 1 (lowest),Good/very good health,49.9
CZE,Czechia,2013,Q1,Income quintile 1 (lowest),Good/very good health,47.9
CZE,Czechia,2014,Q1,Income quintile 1 (lowest),Good/very good health,47
CZE,Czechia,2015,Q1,Income quintile 1 (lowest),Good/very good health,47.8
CZE,Czechia,2016,Q1,Income quintile 1 (lowest),Good/very good health,44.1
CZE,Czechia,2017,Q1,Income quintile 1 (lowest),Good/very good health,42.4
CZE,Czechia,2018,Q1,Income quintile 1 (lowest),Good/very good health,41.2
CZE,Czechia,2019,Q1,Income quintile 1 (lowest),Good/very good health,39.7
CZE,Czechia,2020,Q1,Income quintile 1 (lowest),Good/very good health,40.5
CZE,Czechia,2021,Q1,Income quintile 1 (lowest),Good/very good health,50.8
CZE,Czechia,2022,Q1,Income quintile 1 (lowest),Good/very good health,46.4
CZE,Czechia,2023,Q1,Income quintile 1 (lowest),Good/very good health,47.8
CZE,Czechia,2024,Q1,Income quintile 1 (lowest),Good/very good health,54.1
CZE,Czechia,2025,Q1,Income quintile 1 (lowest),Good/very good health,53.1
DNK,Denmark,2010,Q1,Income quintile 1 (lowest),Good/very good health,64.7
DNK,Denmark,2011,Q1,Income quintile 1 (lowest),Good/very good health,66.3
DNK,Denmark,2012,Q1,Income quintile 1 (lowest),Good/very good health,64.3
DNK,Denmark,2013,Q1,Income quintile 1 (lowest),Good/very good health,68.6
DNK,Denmark,2014,Q1,Income quintile 1 (lowest),Good/very good health,68.4
DNK,Denmark,2015,Q1,Income quintile 1 (lowest),Good/very good health,68.4
DNK,Denmark,2016,Q1,Income quintile 1 (lowest),Good/very good health,66
DNK,Denmark,2017,Q1,Income quintile 1 (lowest),Good/very good health,64
DNK,Denmark,2018,Q1,Income quintile 1 (lowest),Good/very good health,65.1
DNK,Denmark,2019,Q1,Income quintile 1 (lowest),Good/very good health,62.2
DNK,Denmark,2020,Q1,Income quintile 1 (lowest),Good/very good health,64.7
DNK,Denmark,2021,Q1,Income quintile 1 (lowest),Good/very good health,57.9
DNK,Denmark,2022,Q1,Income quintile 1 (lowest),Good/very good health,53.7
DNK,Denmark,2023,Q1,Income quintile 1 (lowest),Good/very good health,53.9
DNK,Denmark,2024,Q1,Income quintile 1 (lowest),Good/very good health,57.8
DNK,Denmark,2025,Q1,Income quintile 1 (lowest),Good/very good health,59.6
EST,Estonia,2010,Q1,Income quintile 1 (lowest),Good/very good health,39.2
EST,Estonia,2011,Q1,Income quintile 1 (lowest),Good/very good health,39.4
EST,Estonia,2012,Q1,Income quintile 1 (lowest),Good/very good health,36.3
EST,Estonia,2013,Q1,Income quintile 1 (lowest),Good/very good health,38.3
EST,Estonia,2014,Q1,Income quintile 1 (lowest),Good/very good health,35.7
EST,Estonia,2015,Q1,Income quintile 1 (lowest),Good/very good health,33.9
EST,Estonia,2016,Q1,Income quintile 1 (lowest),Good/very good health,33.3
EST,Estonia,2017,Q1,Income quintile 1 (lowest),Good/very good health,32.5
EST,Estonia,2018,Q1,Income quintile 1 (lowest),Good/very good health,31.2
EST,Estonia,2019,Q1,Income quintile 1 (lowest),Good/very good health,32.9
EST,Estonia,2020,Q1,Income quintile 1 (lowest),Good/very good health,33.7
EST,Estonia,2021,Q1,Income quintile 1 (lowest),Good/very good health,36.2
EST,Estonia,2022,Q1,Income quintile 1 (lowest),Good/very good health,33.8
EST,Estonia,2023,Q1,Income quintile 1 (lowest),Good/very good health,36.6
EST,Estonia,2024,Q1,Income quintile 1 (lowest),Good/very good health,38.9
EST,Estonia,2025,Q1,Income quintile 1 (lowest),Good/very good health,38.7
FIN,Finland,2010,Q1,Income quintile 1 (lowest),Good/very good health,57.3
FIN,Finland,2011,Q1,Income quintile 1 (lowest),Good/very good health,55.2
FIN,Finland,2012,Q1,Income quintile 1 (lowest),Good/very good health,51.3
FIN,Finland,2013,Q1,Income quintile 1 (lowest),Good/very good health,48.9
FIN,Finland,2014,Q1,Income quintile 1 (lowest),Good/very good health,55.6
FIN,Finland,2015,Q1,Income quintile 1 (lowest),Good/very good health,56.2
FIN,Finland,2016,Q1,Income quintile 1 (lowest),Good/very good health,56.6
FIN,Finland,2017,Q1,Income quintile 1 (lowest),Good/very good health,57.2
FIN,Finland,2018,Q1,Income quintile 1 (lowest),Good/very good health,55.8
FIN,Finland,2019,Q1,Income quintile 1 (lowest),Good/very good health,53.7
FIN,Finland,2020,Q1,Income quintile 1 (lowest),Good/very good health,57.2
FIN,Finland,2021,Q1,Income quintile 1 (lowest),Good/very good health,57.2
FIN,Finland,2022,Q1,Income quintile 1 (lowest),Good/very good health,53.3
FIN,Finland,2023,Q1,Income quintile 1 (lowest),Good/very good health,55.4
FIN,Finland,2024,Q1,Income quintile 1 (lowest),Good/very good health,53.8
FIN,Finland,2025,Q1,Income quintile 1 (lowest),Good/very good health,53.9
FRA,France,2010,Q1,Income quintile 1 (lowest),Good/very good health,63
FRA,France,2011,Q1,Income quintile 1 (lowest),Good/very good health,61
FRA,France,2012,Q1,Income quintile 1 (lowest),Good/very good health,62.4
FRA,France,2013,Q1,Income quintile 1 (lowest),Good/very good health,61.6
FRA,France,2014,Q1,Income quintile 1 (lowest),Good/very good health,60.9
FRA,France,2015,Q1,Income quintile 1 (lowest),Good/very good health,60.6
FRA,France,2016,Q1,Income quintile 1 (lowest),Good/very good health,61.4
FRA,France,2017,Q1,Income quintile 1 (lowest),Good/very good health,62.6
FRA,France,2018,Q1,Income quintile 1 (lowest),Good/very good health,61
FRA,France,2019,Q1,Income quintile 1 (lowest),Good/very good health,57.7
FRA,France,2020,Q1,Income quintile 1 (lowest),Good/very good health,61.1
FRA,France,2021,Q1,Income quintile 1 (lowest),Good/very good health,58.3
FRA,France,2022,Q1,Income quintile 1 (lowest),Good/very good health,56.2
FRA,France,2023,Q1,Income quintile 1 (lowest),Good/very good health,55
FRA,France,2024,Q1,Income quintile 1 (lowest),Good/very good health,55.6
FRA,France,2025,Q1,Income quintile 1 (lowest),Good/very good health,54.2
DEU,Germany,2010,Q1,Income quintile 1 (lowest),Good/very good health,52.5
DEU,Germany,2011,Q1,Income quintile 1 (lowest),Good/very good health,51.6
DEU,Germany,2012,Q1,Income quintile 1 (lowest),Good/very good health,50.7
DEU,Germany,2013,Q1,Income quintile 1 (lowest),Good/very good health,51.4
DEU,Germany,2014,Q1,Income quintile 1 (lowest),Good/very good health,51.9
DEU,Germany,2015,Q1,Income quintile 1 (lowest),Good/very good health,50.4
DEU,Germany,2016,Q1,Income quintile 1 (lowest),Good/very good health,51.5
DEU,Germany,2017,Q1,Income quintile 1 (lowest),Good/very good health,50
DEU,Germany,2018,Q1,Income quintile 1 (lowest),Good/very good health,50.9
DEU,Germany,2019,Q1,Income quintile 1 (lowest),Good/very good health,49.4
DEU,Germany,2020,Q1,Income quintile 1 (lowest),Good/very good health,50.1
DEU,Germany,2021,Q1,Income quintile 1 (lowest),Good/very good health,51.2
DEU,Germany,2022,Q1,Income quintile 1 (lowest),Good/very good health,51.7
DEU,Germany,2023,Q1,Income quintile 1 (lowest),Good/very good health,53.1
DEU,Germany,2024,Q1,Income quintile 1 (lowest),Good/very good health,50.4
DEU,Germany,2025,Q1,Income quintile 1 (lowest),Good/very good health,50.6
GRC,Greece,2010,Q1,Income quintile 1 (lowest),Good/very good health,67.8
GRC,Greece,2011,Q1,Income quintile 1 (lowest),Good/very good health,70.2
GRC,Greece,2012,Q1,Income quintile 1 (lowest),Good/very good health,77.3
GRC,Greece,2013,Q1,Income quintile 1 (lowest),Good/very good health,76.5
GRC,Greece,2014,Q1,Income quintile 1 (lowest),Good/very good health,75.6
GRC,Greece,2015,Q1,Income quintile 1 (lowest),Good/very good health,74.9
GRC,Greece,2016,Q1,Income quintile 1 (lowest),Good/very good health,76.1
GRC,Greece,2017,Q1,Income quintile 1 (lowest),Good/very good health,75.3
GRC,Greece,2018,Q1,Income quintile 1 (lowest),Good/very good health,76.6
GRC,Greece,2019,Q1,Income quintile 1 (lowest),Good/very good health,77.9
GRC,Greece,2020,Q1,Income quintile 1 (lowest),Good/very good health,76.2
GRC,Greece,2021,Q1,Income quintile 1 (lowest),Good/very good health,77.9
GRC,Greece,2022,Q1,Income quintile 1 (lowest),Good/very good health,74.1
GRC,Greece,2023,Q1,Income quintile 1 (lowest),Good/very good health,73.6
GRC,Greece,2024,Q1,Income quintile 1 (lowest),Good/very good health,73.7
GRC,Greece,2025,Q1,Income quintile 1 (lowest),Good/very good health,71.8
HUN,Hungary,2010,Q1,Income quintile 1 (lowest),Good/very good health,54.2
HUN,Hungary,2011,Q1,Income quintile 1 (lowest),Good/very good health,51.6
HUN,Hungary,2012,Q1,Income quintile 1 (lowest),Good/very good health,51.8
HUN,Hungary,2013,Q1,Income quintile 1 (lowest),Good/very good health,51.5
HUN,Hungary,2014,Q1,Income quintile 1 (lowest),Good/very good health,52.2
HUN,Hungary,2015,Q1,Income quintile 1 (lowest),Good/very good health,51.4
HUN,Hungary,2016,Q1,Income quintile 1 (lowest),Good/very good health,52.2
HUN,Hungary,2017,Q1,Income quintile 1 (lowest),Good/very good health,53.3
HUN,Hungary,2018,Q1,Income quintile 1 (lowest),Good/very good health,49.6
HUN,Hungary,2019,Q1,Income quintile 1 (lowest),Good/very good health,50
HUN,Hungary,2020,Q1,Income quintile 1 (lowest),Good/very good health,52.9
HUN,Hungary,2021,Q1,Income quintile 1 (lowest),Good/very good health,45.7
HUN,Hungary,2022,Q1,Income quintile 1 (lowest),Good/very good health,46.7
HUN,Hungary,2023,Q1,Income quintile 1 (lowest),Good/very good health,48.1
HUN,Hungary,2024,Q1,Income quintile 1 (lowest),Good/very good health,48.6
HUN,Hungary,2025,Q1,Income quintile 1 (lowest),Good/very good health,48.5
ISL,Iceland,2010,Q1,Income quintile 1 (lowest),Good/very good health,73.9
ISL,Iceland,2011,Q1,Income quintile 1 (lowest),Good/very good health,73.6
ISL,Iceland,2012,Q1,Income quintile 1 (lowest),Good/very good health,73
ISL,Iceland,2013,Q1,Income quintile 1 (lowest),Good/very good health,73
ISL,Iceland,2014,Q1,Income quintile 1 (lowest),Good/very good health,68.8
ISL,Iceland,2015,Q1,Income quintile 1 (lowest),Good/very good health,67.9
ISL,Iceland,2016,Q1,Income quintile 1 (lowest),Good/very good health,69.9
ISL,Iceland,2017,Q1,Income quintile 1 (lowest),Good/very good health,66.4
ISL,Iceland,2018,Q1,Income quintile 1 (lowest),Good/very good health,65.9
ISL,Iceland,2019,Q1,Income quintile 1 (lowest),Good/very good health,69.2
ISL,Iceland,2020,Q1,Income quintile 1 (lowest),Good/very good health,68.9
IRL,Ireland,2010,Q1,Income quintile 1 (lowest),Good/very good health,77.9
IRL,Ireland,2011,Q1,Income quintile 1 (lowest),Good/very good health,78.7
IRL,Ireland,2012,Q1,Income quintile 1 (lowest),Good/very good health,77.2
IRL,Ireland,2013,Q1,Income quintile 1 (lowest),Good/very good health,76.8
IRL,Ireland,2014,Q1,Income quintile 1 (lowest),Good/very good health,77.3
IRL,Ireland,2015,Q1,Income quintile 1 (lowest),Good/very good health,72.1
IRL,Ireland,2016,Q1,Income quintile 1 (lowest),Good/very good health,72
IRL,Ireland,2017,Q1,Income quintile 1 (lowest),Good/very good health,73.3
IRL,Ireland,2018,Q1,Income quintile 1 (lowest),Good/very good health,70.4
IRL,Ireland,2019,Q1,Income quintile 1 (lowest),Good/very good health,74.5
IRL,Ireland,2020,Q1,Income quintile 1 (lowest),Good/very good health,73.3
IRL,Ireland,2021,Q1,Income quintile 1 (lowest),Good/very good health,67.8
IRL,Ireland,2022,Q1,Income quintile 1 (lowest),Good/very good health,68
IRL,Ireland,2023,Q1,Income quintile 1 (lowest),Good/very good health,67.6
IRL,Ireland,2024,Q1,Income quintile 1 (lowest),Good/very good health,67.3
IRL,Ireland,2025,Q1,Income quintile 1 (lowest),Good/very good health,67.4
ISR,Israel,2019,Q1,Income quintile 1 (lowest),Good/very good health,79.2
ISR,Israel,2020,Q1,Income quintile 1 (lowest),Good/very good health,81.2
ITA,Italy,2010,Q1,Income quintile 1 (lowest),Good/very good health,62
ITA,Italy,2011,Q1,Income quintile 1 (lowest),Good/very good health,59.6
ITA,Italy,2012,Q1,Income quintile 1 (lowest),Good/very good health,64.6
ITA,Italy,2013,Q1,Income quintile 1 (lowest),Good/very good health,63.7
ITA,Italy,2014,Q1,Income quintile 1 (lowest),Good/very good health,65.1
ITA,Italy,2015,Q1,Income quintile 1 (lowest),Good/very good health,64.5
ITA,Italy,2016,Q1,Income quintile 1 (lowest),Good/very good health,69
ITA,Italy,2017,Q1,Income quintile 1 (lowest),Good/very good health,75.1
ITA,Italy,2018,Q1,Income quintile 1 (lowest),Good/very good health,71.4
ITA,Italy,2019,Q1,Income quintile 1 (lowest),Good/very good health,70.5
ITA,Italy,2021,Q1,Income quintile 1 (lowest),Good/very good health,72
ITA,Italy,2022,Q1,Income quintile 1 (lowest),Good/very good health,70.2
ITA,Italy,2023,Q1,Income quintile 1 (lowest),Good/very good health,68.8
ITA,Italy,2024,Q1,Income quintile 1 (lowest),Good/very good health,69.6
ITA,Italy,2025,Q1,Income quintile 1 (lowest),Good/very good health,69.8
JPN,Japan,2010,Q1,Income quintile 1 (lowest),Good/very good health,23.6
JPN,Japan,2013,Q1,Income quintile 1 (lowest),Good/very good health,28.2
JPN,Japan,2016,Q1,Income quintile 1 (lowest),Good/very good health,28
JPN,Japan,2019,Q1,Income quintile 1 (lowest),Good/very good health,29.4
JPN,Japan,2022,Q1,Income quintile 1 (lowest),Good/very good health,27.8
LVA,Latvia,2010,Q1,Income quintile 1 (lowest),Good/very good health,39.6
LVA,Latvia,2011,Q1,Income quintile 1 (lowest),Good/very good health,42.7
LVA,Latvia,2012,Q1,Income quintile 1 (lowest),Good/very good health,39.8
LVA,Latvia,2013,Q1,Income quintile 1 (lowest),Good/very good health,37
LVA,Latvia,2014,Q1,Income quintile 1 (lowest),Good/very good health,31.5
LVA,Latvia,2015,Q1,Income quintile 1 (lowest),Good/very good health,31.5
LVA,Latvia,2016,Q1,Income quintile 1 (lowest),Good/very good health,28
LVA,Latvia,2017,Q1,Income quintile 1 (lowest),Good/very good health,26.3
LVA,Latvia,2018,Q1,Income quintile 1 (lowest),Good/very good health,24.3
LVA,Latvia,2019,Q1,Income quintile 1 (lowest),Good/very good health,24.7
LVA,Latvia,2020,Q1,Income quintile 1 (lowest),Good/very good health,27.8
LVA,Latvia,2021,Q1,Income quintile 1 (lowest),Good/very good health,28.6
LVA,Latvia,2022,Q1,Income quintile 1 (lowest),Good/very good health,30.4
LVA,Latvia,2023,Q1,Income quintile 1 (lowest),Good/very good health,29.6
LVA,Latvia,2024,Q1,Income quintile 1 (lowest),Good/very good health,30
LVA,Latvia,2025,Q1,Income quintile 1 (lowest),Good/very good health,25.4
LTU,Lithuania,2010,Q1,Income quintile 1 (lowest),Good/very good health,50.7
LTU,Lithuania,2011,Q1,Income quintile 1 (lowest),Good/very good health,44.9
LTU,Lithuania,2012,Q1,Income quintile 1 (lowest),Good/very good health,38.7
LTU,Lithuania,2013,Q1,Income quintile 1 (lowest),Good/very good health,37.7
LTU,Lithuania,2014,Q1,Income quintile 1 (lowest),Good/very good health,36
LTU,Lithuania,2015,Q1,Income quintile 1 (lowest),Good/very good health,34.2
LTU,Lithuania,2016,Q1,Income quintile 1 (lowest),Good/very good health,29.1
LTU,Lithuania,2017,Q1,Income quintile 1 (lowest),Good/very good health,26.9
LTU,Lithuania,2018,Q1,Income quintile 1 (lowest),Good/very good health,27.1
LTU,Lithuania,2019,Q1,Income quintile 1 (lowest),Good/very good health,26.3
LTU,Lithuania,2020,Q1,Income quintile 1 (lowest),Good/very good health,24.4
LTU,Lithuania,2021,Q1,Income quintile 1 (lowest),Good/very good health,27.7
LTU,Lithuania,2022,Q1,Income quintile 1 (lowest),Good/very good health,25.1
LTU,Lithuania,2023,Q1,Income quintile 1 (lowest),Good/very good health,26.5
LTU,Lithuania,2024,Q1,Income quintile 1 (lowest),Good/very good health,29.7
LTU,Lithuania,2025,Q1,Income quintile 1 (lowest),Good/very good health,26.9
LUX,Luxembourg,2010,Q1,Income quintile 1 (lowest),Good/very good health,69.5
LUX,Luxembourg,2011,Q1,Income quintile 1 (lowest),Good/very good health,63.1
LUX,Luxembourg,2012,Q1,Income quintile 1 (lowest),Good/very good health,67.9
LUX,Luxembourg,2013,Q1,Income quintile 1 (lowest),Good/very good health,67.9
LUX,Luxembourg,2014,Q1,Income quintile 1 (lowest),Good/very good health,68.1
LUX,Luxembourg,2015,Q1,Income quintile 1 (lowest),Good/very good health,63.4
LUX,Luxembourg,2016,Q1,Income quintile 1 (lowest),Good/very good health,65.1
LUX,Luxembourg,2017,Q1,Income quintile 1 (lowest),Good/very good health,65.4
LUX,Luxembourg,2018,Q1,Income quintile 1 (lowest),Good/very good health,60.2
LUX,Luxembourg,2019,Q1,Income quintile 1 (lowest),Good/very good health,65.3
LUX,Luxembourg,2020,Q1,Income quintile 1 (lowest),Good/very good health,68.2
LUX,Luxembourg,2021,Q1,Income quintile 1 (lowest),Good/very good health,72.5
LUX,Luxembourg,2022,Q1,Income quintile 1 (lowest),Good/very good health,69.1
LUX,Luxembourg,2023,Q1,Income quintile 1 (lowest),Good/very good health,64.2
LUX,Luxembourg,2024,Q1,Income quintile 1 (lowest),Good/very good health,64.2
LUX,Luxembourg,2025,Q1,Income quintile 1 (lowest),Good/very good health,66.3
NLD,Netherlands,2010,Q1,Income quintile 1 (lowest),Good/very good health,67.1
NLD,Netherlands,2011,Q1,Income quintile 1 (lowest),Good/very good health,67.1
NLD,Netherlands,2012,Q1,Income quintile 1 (lowest),Good/very good health,66.9
NLD,Netherlands,2013,Q1,Income quintile 1 (lowest),Good/very good health,66.4
NLD,Netherlands,2014,Q1,Income quintile 1 (lowest),Good/very good health,66.9
NLD,Netherlands,2015,Q1,Income quintile 1 (lowest),Good/very good health,65.7
NLD,Netherlands,2016,Q1,Income quintile 1 (lowest),Good/very good health,65
NLD,Netherlands,2017,Q1,Income quintile 1 (lowest),Good/very good health,64.1
NLD,Netherlands,2018,Q1,Income quintile 1 (lowest),Good/very good health,63.7
NLD,Netherlands,2019,Q1,Income quintile 1 (lowest),Good/very good health,60
NLD,Netherlands,2020,Q1,Income quintile 1 (lowest),Good/very good health,64.1
NLD,Netherlands,2021,Q1,Income quintile 1 (lowest),Good/very good health,58.7
NLD,Netherlands,2022,Q1,Income quintile 1 (lowest),Good/very good health,54.9
NLD,Netherlands,2023,Q1,Income quintile 1 (lowest),Good/very good health,55.1
NLD,Netherlands,2024,Q1,Income quintile 1 (lowest),Good/very good health,54.1
NLD,Netherlands,2025,Q1,Income quintile 1 (lowest),Good/very good health,52.4
NOR,Norway,2010,Q1,Income quintile 1 (lowest),Good/very good health,67.2
NOR,Norway,2011,Q1,Income quintile 1 (lowest),Good/very good health,65.6
NOR,Norway,2012,Q1,Income quintile 1 (lowest),Good/very good health,71.6
NOR,Norway,2013,Q1,Income quintile 1 (lowest),Good/very good health,67.6
NOR,Norway,2014,Q1,Income quintile 1 (lowest),Good/very good health,70.5
NOR,Norway,2015,Q1,Income quintile 1 (lowest),Good/very good health,70.2
NOR,Norway,2016,Q1,Income quintile 1 (lowest),Good/very good health,69
NOR,Norway,2017,Q1,Income quintile 1 (lowest),Good/very good health,69.3
NOR,Norway,2018,Q1,Income quintile 1 (lowest),Good/very good health,69.4
NOR,Norway,2019,Q1,Income quintile 1 (lowest),Good/very good health,64.5
NOR,Norway,2020,Q1,Income quintile 1 (lowest),Good/very good health,64.9
NOR,Norway,2021,Q1,Income quintile 1 (lowest),Good/very good health,67.9
NOR,Norway,2022,Q1,Income quintile 1 (lowest),Good/very good health,66.8
NOR,Norway,2023,Q1,Income quintile 1 (lowest),Good/very good health,65.4
NOR,Norway,2024,Q1,Income quintile 1 (lowest),Good/very good health,67.4
NOR,Norway,2025,Q1,Income quintile 1 (lowest),Good/very good health,67.1
POL,Poland,2010,Q1,Income quintile 1 (lowest),Good/very good health,52.6
POL,Poland,2011,Q1,Income quintile 1 (lowest),Good/very good health,52
POL,Poland,2012,Q1,Income quintile 1 (lowest),Good/very good health,53.2
POL,Poland,2013,Q1,Income quintile 1 (lowest),Good/very good health,54
POL,Poland,2014,Q1,Income quintile 1 (lowest),Good/very good health,53.7
POL,Poland,2015,Q1,Income quintile 1 (lowest),Good/very good health,52.8
POL,Poland,2016,Q1,Income quintile 1 (lowest),Good/very good health,51.8
POL,Poland,2017,Q1,Income quintile 1 (lowest),Good/very good health,49.6
POL,Poland,2018,Q1,Income quintile 1 (lowest),Good/very good health,48.5
POL,Poland,2019,Q1,Income quintile 1 (lowest),Good/very good health,48.5
POL,Poland,2020,Q1,Income quintile 1 (lowest),Good/very good health,48.4
POL,Poland,2021,Q1,Income quintile 1 (lowest),Good/very good health,52.2
POL,Poland,2022,Q1,Income quintile 1 (lowest),Good/very good health,52.4
POL,Poland,2023,Q1,Income quintile 1 (lowest),Good/very good health,50.4
POL,Poland,2024,Q1,Income quintile 1 (lowest),Good/very good health,53.5
POL,Poland,2025,Q1,Income quintile 1 (lowest),Good/very good health,52.3
PRT,Portugal,2010,Q1,Income quintile 1 (lowest),Good/very good health,35.1
PRT,Portugal,2011,Q1,Income quintile 1 (lowest),Good/very good health,40.3
PRT,Portugal,2012,Q1,Income quintile 1 (lowest),Good/very good health,40.2
PRT,Portugal,2013,Q1,Income quintile 1 (lowest),Good/very good health,40.3
PRT,Portugal,2014,Q1,Income quintile 1 (lowest),Good/very good health,39.1
PRT,Portugal,2015,Q1,Income quintile 1 (lowest),Good/very good health,37.9
PRT,Portugal,2016,Q1,Income quintile 1 (lowest),Good/very good health,36.2
PRT,Portugal,2017,Q1,Income quintile 1 (lowest),Good/very good health,38.7
PRT,Portugal,2018,Q1,Income quintile 1 (lowest),Good/very good health,36.9
PRT,Portugal,2019,Q1,Income quintile 1 (lowest),Good/very good health,38
PRT,Portugal,2020,Q1,Income quintile 1 (lowest),Good/very good health,38.1
PRT,Portugal,2021,Q1,Income quintile 1 (lowest),Good/very good health,36.9
PRT,Portugal,2022,Q1,Income quintile 1 (lowest),Good/very good health,37
PRT,Portugal,2023,Q1,Income quintile 1 (lowest),Good/very good health,39.1
PRT,Portugal,2024,Q1,Income quintile 1 (lowest),Good/very good health,39.7
PRT,Portugal,2025,Q1,Income quintile 1 (lowest),Good/very good health,40.9
SVK,Slovak Republic,2010,Q1,Income quintile 1 (lowest),Good/very good health,59.8
SVK,Slovak Republic,2011,Q1,Income quintile 1 (lowest),Good/very good health,60.8
SVK,Slovak Republic,2012,Q1,Income quintile 1 (lowest),Good/very good health,59.4
SVK,Slovak Republic,2013,Q1,Income quintile 1 (lowest),Good/very good health,60.7
SVK,Slovak Republic,2014,Q1,Income quintile 1 (lowest),Good/very good health,61.4
SVK,Slovak Republic,2015,Q1,Income quintile 1 (lowest),Good/very good health,61.6
SVK,Slovak Republic,2016,Q1,Income quintile 1 (lowest),Good/very good health,64.3
SVK,Slovak Republic,2017,Q1,Income quintile 1 (lowest),Good/very good health,61.3
SVK,Slovak Republic,2018,Q1,Income quintile 1 (lowest),Good/very good health,59
SVK,Slovak Republic,2019,Q1,Income quintile 1 (lowest),Good/very good health,57.4
SVK,Slovak Republic,2020,Q1,Income quintile 1 (lowest),Good/very good health,51.9
SVK,Slovak Republic,2021,Q1,Income quintile 1 (lowest),Good/very good health,58.9
SVK,Slovak Republic,2022,Q1,Income quintile 1 (lowest),Good/very good health,62.2
SVK,Slovak Republic,2023,Q1,Income quintile 1 (lowest),Good/very good health,68.1
SVK,Slovak Republic,2024,Q1,Income quintile 1 (lowest),Good/very good health,67.3
SVK,Slovak Republic,2025,Q1,Income quintile 1 (lowest),Good/very good health,64.4
SVN,Slovenia,2010,Q1,Income quintile 1 (lowest),Good/very good health,44.1
SVN,Slovenia,2011,Q1,Income quintile 1 (lowest),Good/very good health,45.4
SVN,Slovenia,2012,Q1,Income quintile 1 (lowest),Good/very good health,47
SVN,Slovenia,2013,Q1,Income quintile 1 (lowest),Good/very good health,51.7
SVN,Slovenia,2014,Q1,Income quintile 1 (lowest),Good/very good health,53.8
SVN,Slovenia,2015,Q1,Income quintile 1 (lowest),Good/very good health,54.2
SVN,Slovenia,2016,Q1,Income quintile 1 (lowest),Good/very good health,52.9
SVN,Slovenia,2017,Q1,Income quintile 1 (lowest),Good/very good health,51.4
SVN,Slovenia,2018,Q1,Income quintile 1 (lowest),Good/very good health,49.9
SVN,Slovenia,2019,Q1,Income quintile 1 (lowest),Good/very good health,48.8
SVN,Slovenia,2020,Q1,Income quintile 1 (lowest),Good/very good health,51.8
SVN,Slovenia,2021,Q1,Income quintile 1 (lowest),Good/very good health,56.1
SVN,Slovenia,2022,Q1,Income quintile 1 (lowest),Good/very good health,53.4
SVN,Slovenia,2023,Q1,Income quintile 1 (lowest),Good/very good health,49.9
SVN,Slovenia,2024,Q1,Income quintile 1 (lowest),Good/very good health,50.8
SVN,Slovenia,2025,Q1,Income quintile 1 (lowest),Good/very good health,43.6
ESP,Spain,2010,Q1,Income quintile 1 (lowest),Good/very good health,64.7
ESP,Spain,2011,Q1,Income quintile 1 (lowest),Good/very good health,70.4
ESP,Spain,2012,Q1,Income quintile 1 (lowest),Good/very good health,71.5
ESP,Spain,2013,Q1,Income quintile 1 (lowest),Good/very good health,68.2
ESP,Spain,2014,Q1,Income quintile 1 (lowest),Good/very good health,72.6
ESP,Spain,2015,Q1,Income quintile 1 (lowest),Good/very good health,73.3
ESP,Spain,2016,Q1,Income quintile 1 (lowest),Good/very good health,71.4
ESP,Spain,2017,Q1,Income quintile 1 (lowest),Good/very good health,71.1
ESP,Spain,2018,Q1,Income quintile 1 (lowest),Good/very good health,70.2
ESP,Spain,2019,Q1,Income quintile 1 (lowest),Good/very good health,70.6
ESP,Spain,2020,Q1,Income quintile 1 (lowest),Good/very good health,65.5
ESP,Spain,2021,Q1,Income quintile 1 (lowest),Good/very good health,65.2
ESP,Spain,2022,Q1,Income quintile 1 (lowest),Good/very good health,63.6
ESP,Spain,2023,Q1,Income quintile 1 (lowest),Good/very good health,62.5
ESP,Spain,2024,Q1,Income quintile 1 (lowest),Good/very good health,64.7
ESP,Spain,2025,Q1,Income quintile 1 (lowest),Good/very good health,63.6
SWE,Sweden,2010,Q1,Income quintile 1 (lowest),Good/very good health,67.6
SWE,Sweden,2011,Q1,Income quintile 1 (lowest),Good/very good health,68.6
SWE,Sweden,2012,Q1,Income quintile 1 (lowest),Good/very good health,71.6
SWE,Sweden,2013,Q1,Income quintile 1 (lowest),Good/very good health,69.6
SWE,Sweden,2014,Q1,Income quintile 1 (lowest),Good/very good health,70.4
SWE,Sweden,2015,Q1,Income quintile 1 (lowest),Good/very good health,67.5
SWE,Sweden,2016,Q1,Income quintile 1 (lowest),Good/very good health,63.6
SWE,Sweden,2017,Q1,Income quintile 1 (lowest),Good/very good health,67.1
SWE,Sweden,2018,Q1,Income quintile 1 (lowest),Good/very good health,64.4
SWE,Sweden,2019,Q1,Income quintile 1 (lowest),Good/very good health,64.6
SWE,Sweden,2020,Q1,Income quintile 1 (lowest),Good/very good health,66.4
SWE,Sweden,2021,Q1,Income quintile 1 (lowest),Good/very good health,62.8
SWE,Sweden,2022,Q1,Income quintile 1 (lowest),Good/very good health,57.2
SWE,Sweden,2023,Q1,Income quintile 1 (lowest),Good/very good health,57.1
SWE,Sweden,2024,Q1,Income quintile 1 (lowest),Good/very good health,57.7
SWE,Sweden,2025,Q1,Income quintile 1 (lowest),Good/very good health,55.8
CHE,Switzerland,2010,Q1,Income quintile 1 (lowest),Good/very good health,70.4
CHE,Switzerland,2011,Q1,Income quintile 1 (lowest),Good/very good health,69.7
CHE,Switzerland,2012,Q1,Income quintile 1 (lowest),Good/very good health,71.4
CHE,Switzerland,2013,Q1,Income quintile 1 (lowest),Good/very good health,69
CHE,Switzerland,2014,Q1,Income quintile 1 (lowest),Good/very good health,65.3
CHE,Switzerland,2015,Q1,Income quintile 1 (lowest),Good/very good health,68.5
CHE,Switzerland,2016,Q1,Income quintile 1 (lowest),Good/very good health,66.6
CHE,Switzerland,2017,Q1,Income quintile 1 (lowest),Good/very good health,68.2
CHE,Switzerland,2018,Q1,Income quintile 1 (lowest),Good/very good health,68.9
CHE,Switzerland,2019,Q1,Income quintile 1 (lowest),Good/very good health,70.6
CHE,Switzerland,2020,Q1,Income quintile 1 (lowest),Good/very good health,73.5
CHE,Switzerland,2021,Q1,Income quintile 1 (lowest),Good/very good health,69.5
CHE,Switzerland,2022,Q1,Income quintile 1 (lowest),Good/very good health,68.3
CHE,Switzerland,2023,Q1,Income quintile 1 (lowest),Good/very good health,70.2
CHE,Switzerland,2024,Q1,Income quintile 1 (lowest),Good/very good health,68.4
TUR,Türkiye,2010,Q1,Income quintile 1 (lowest),Good/very good health,59
TUR,Türkiye,2011,Q1,Income quintile 1 (lowest),Good/very good health,60.7
TUR,Türkiye,2012,Q1,Income quintile 1 (lowest),Good/very good health,61.7
TUR,Türkiye,2013,Q1,Income quintile 1 (lowest),Good/very good health,60.7
TUR,Türkiye,2014,Q1,Income quintile 1 (lowest),Good/very good health,60.8
TUR,Türkiye,2015,Q1,Income quintile 1 (lowest),Good/very good health,61.1
TUR,Türkiye,2016,Q1,Income quintile 1 (lowest),Good/very good health,65.6
TUR,Türkiye,2017,Q1,Income quintile 1 (lowest),Good/very good health,64.4
TUR,Türkiye,2018,Q1,Income quintile 1 (lowest),Good/very good health,62.9
TUR,Türkiye,2019,Q1,Income quintile 1 (lowest),Good/very good health,63.6
TUR,Türkiye,2020,Q1,Income quintile 1 (lowest),Good/very good health,66.9
TUR,Türkiye,2021,Q1,Income quintile 1 (lowest),Good/very good health,67
TUR,Türkiye,2022,Q1,Income quintile 1 (lowest),Good/very good health,65.4
TUR,Türkiye,2023,Q1,Income quintile 1 (lowest),Good/very good health,62.8
TUR,Türkiye,2024,Q1,Income quintile 1 (lowest),Good/very good health,60.7
TUR,Türkiye,2025,Q1,Income quintile 1 (lowest),Good/very good health,58.9
GBR,United Kingdom,2010,Q1,Income quintile 1 (lowest),Good/very good health,70.7
GBR,United Kingdom,2011,Q1,Income quintile 1 (lowest),Good/very good health,69.3
GBR,United Kingdom,2012,Q1,Income quintile 1 (lowest),Good/very good health,63.8
GBR,United Kingdom,2013,Q1,Income quintile 1 (lowest),Good/very good health,64.2
GBR,United Kingdom,2014,Q1,Income quintile 1 (lowest),Good/very good health,61.6
GBR,United Kingdom,2015,Q1,Income quintile 1 (lowest),Good/very good health,61
GBR,United Kingdom,2016,Q1,Income quintile 1 (lowest),Good/very good health,59.6
GBR,United Kingdom,2017,Q1,Income quintile 1 (lowest),Good/very good health,64.4
GBR,United Kingdom,2018,Q1,Income quintile 1 (lowest),Good/very good health,62.2
BGR,Bulgaria,2010,Q1,Income quintile 1 (lowest),Good/very good health,50.8
BGR,Bulgaria,2011,Q1,Income quintile 1 (lowest),Good/very good health,52.9
BGR,Bulgaria,2012,Q1,Income quintile 1 (lowest),Good/very good health,53.3
BGR,Bulgaria,2013,Q1,Income quintile 1 (lowest),Good/very good health,52
BGR,Bulgaria,2014,Q1,Income quintile 1 (lowest),Good/very good health,61.7
BGR,Bulgaria,2015,Q1,Income quintile 1 (lowest),Good/very good health,51.9
BGR,Bulgaria,2016,Q1,Income quintile 1 (lowest),Good/very good health,59.5
BGR,Bulgaria,2017,Q1,Income quintile 1 (lowest),Good/very good health,52.9
BGR,Bulgaria,2018,Q1,Income quintile 1 (lowest),Good/very good health,54.1
BGR,Bulgaria,2019,Q1,Income quintile 1 (lowest),Good/very good health,52.1
BGR,Bulgaria,2020,Q1,Income quintile 1 (lowest),Good/very good health,50.7
BGR,Bulgaria,2021,Q1,Income quintile 1 (lowest),Good/very good health,52
BGR,Bulgaria,2022,Q1,Income quintile 1 (lowest),Good/very good health,52.9
BGR,Bulgaria,2023,Q1,Income quintile 1 (lowest),Good/very good health,56.7
BGR,Bulgaria,2024,Q1,Income quintile 1 (lowest),Good/very good health,58.1
BGR,Bulgaria,2025,Q1,Income quintile 1 (lowest),Good/very good health,55.6
HRV,Croatia,2010,Q1,Income quintile 1 (lowest),Good/very good health,33.6
HRV,Croatia,2011,Q1,Income quintile 1 (lowest),Good/very good health,35.6
HRV,Croatia,2012,Q1,Income quintile 1 (lowest),Good/very good health,34.8
HRV,Croatia,2013,Q1,Income quintile 1 (lowest),Good/very good health,36.2
HRV,Croatia,2014,Q1,Income quintile 1 (lowest),Good/very good health,47.4
HRV,Croatia,2015,Q1,Income quintile 1 (lowest),Good/very good health,43.7
HRV,Croatia,2016,Q1,Income quintile 1 (lowest),Good/very good health,45
HRV,Croatia,2017,Q1,Income quintile 1 (lowest),Good/very good health,43.7
HRV,Croatia,2018,Q1,Income quintile 1 (lowest),Good/very good health,42.1
HRV,Croatia,2019,Q1,Income quintile 1 (lowest),Good/very good health,39.5
HRV,Croatia,2020,Q1,Income quintile 1 (lowest),Good/very good health,40.4
HRV,Croatia,2021,Q1,Income quintile 1 (lowest),Good/very good health,41
HRV,Croatia,2022,Q1,Income quintile 1 (lowest),Good/very good health,37.4
HRV,Croatia,2023,Q1,Income quintile 1 (lowest),Good/very good health,42.2
HRV,Croatia,2024,Q1,Income quintile 1 (lowest),Good/very good health,43.1
HRV,Croatia,2025,Q1,Income quintile 1 (lowest),Good/very good health,43.6
ROU,Romania,2010,Q1,Income quintile 1 (lowest),Good/very good health,72
ROU,Romania,2011,Q1,Income quintile 1 (lowest),Good/very good health,74.3
ROU,Romania,2012,Q1,Income quintile 1 (lowest),Good/very good health,72.8
ROU,Romania,2013,Q1,Income quintile 1 (lowest),Good/very good health,73.7
ROU,Romania,2014,Q1,Income quintile 1 (lowest),Good/very good health,74.4
ROU,Romania,2015,Q1,Income quintile 1 (lowest),Good/very good health,75.5
ROU,Romania,2016,Q1,Income quintile 1 (lowest),Good/very good health,74.2
ROU,Romania,2017,Q1,Income quintile 1 (lowest),Good/very good health,70.1
ROU,Romania,2018,Q1,Income quintile 1 (lowest),Good/very good health,66.6
ROU,Romania,2019,Q1,Income quintile 1 (lowest),Good/very good health,67.1
ROU,Romania,2020,Q1,Income quintile 1 (lowest),Good/very good health,65.7
ROU,Romania,2021,Q1,Income quintile 1 (lowest),Good/very good health,66
ROU,Romania,2022,Q1,Income quintile 1 (lowest),Good/very good health,66.9
ROU,Romania,2023,Q1,Income quintile 1 (lowest),Good/very good health,69.4
ROU,Romania,2024,Q1,Income quintile 1 (lowest),Good/very good health,70.3
ROU,Romania,2025,Q1,Income quintile 1 (lowest),Good/very good health,67
AUS,Australia,2011,Q1,Income quintile 1 (lowest),Good/very good health,82.6
AUS,Australia,2011,Q5,Income quintile 5 (highest),Good/very good health,93.3
AUS,Australia,2014,Q5,Income quintile 5 (highest),Good/very good health,93.7
AUS,Australia,2014,ISCED11_3T4,"Upper secondary and post-secondary non-tertiary, all programmes",Good/very good health,85.9
AUS,Australia,2014,Q1,Income quintile 1 (lowest),Good/very good health,85.4
AUS,Australia,2014,ISCED11_5T8,Tertiary education,Good/very good health,91.2
AUS,Australia,2014,ISCED11_0T2,"Pre-primary, primary and lower secondary education",Good/very good health,74.2
AUS,Australia,2017,ISCED11_0T2,"Pre-primary, primary and lower secondary education",Good/very good health,74.5
AUS,Australia,2017,ISCED11_5T8,Tertiary education,Good/very good health,90.8
AUS,Australia,2017,Q1,Income quintile 1 (lowest),Good/very good health,84.1
AUS,Australia,2017,ISCED11_3T4,"Upper secondary and post-secondary non-tertiary, all programmes",Good/very good health,85.1
AUS,Australia,2017,Q5,Income quintile 5 (highest),Good/very good health,93
AUS,Australia,2022,Q5,Income quintile 5 (highest),Good/very good health,93.2
AUS,Australia,2022,Q1,Income quintile 1 (lowest),Good/very good health,83.6
AUS,Australia,2022,ISCED11_0T2,"Pre-primary, primary and lower secondary education",Good/very good health,74.3
AUS,Australia,2022,ISCED11_5T8,Tertiary education,Good/very good health,90.3
AUS,Australia,2022,ISCED11_3T4,"Upper secondary and post-secondary non-tertiary, all programmes",Good/very good health,85.3
CHL,Chile,2013,ISCED11_0T2,"Pre-primary, primary and lower secondary education",Good/very good health,58.4
CHL,Chile,2013,ISCED11_3T4,"Upper secondary and post-secondary non-tertiary, all programmes",Good/very good health,62.4
CHL,Chile,2013,ISCED11_5T8,Tertiary education,Good/very good health,73
CHL,Chile,2021,ISCED11_0T2,"Pre-primary, primary and lower secondary education",Good/very good health,40.7
CHL,Chile,2021,Q1,Income quintile 1 (lowest),Good/very good health,45.3
CHL,Chile,2021,ISCED11_3T4,"Upper secondary and post-secondary non-tertiary, all programmes",Good/very good health,52.5
CHL,Chile,2021,Q5,Income quintile 5 (highest),Good/very good health,60.5
CHL,Chile,2021,ISCED11_5T8,Tertiary education,Good/very good health,58.6
CHL,Chile,2024,ISCED11_5T8,Tertiary education,Good/very good health,70.5
CHL,Chile,2024,Q1,Income quintile 1 (lowest),Good/very good health,54.7
CHL,Chile,2024,ISCED11_0T2,"Pre-primary, primary and lower secondary education",Good/very good health,39.6
CHL,Chile,2024,Q5,Income quintile 5 (highest),Good/very good health,76.7
CHL,Chile,2024,ISCED11_3T4,"Upper secondary and post-secondary non-tertiary, all programmes",Good/very good health,60.2
GBR,United Kingdom,2019,Q1,Income quintile 1 (lowest),Good/very good health,62.5
GBR,United Kingdom,2019,Q5,Income quintile 5 (highest),Good/very good health,82.9
GBR,United Kingdom,2019,ISCED11_3T4,"Upper secondary and post-secondary non-tertiary, all programmes",Good/very good health,73.7
GBR,United Kingdom,2019,ISCED11_0T2,"Pre-primary, primary and lower secondary education",Good/very good health,57
GBR,United Kingdom,2019,ISCED11_5T8,Tertiary education,Good/very good health,79.1
GBR,United Kingdom,2020,ISCED11_5T8,Tertiary education,Good/very good health,86.2
GBR,United Kingdom,2020,ISCED11_0T2,"Pre-primary, primary and lower secondary education",Good/very good health,66
GBR,United Kingdom,2020,ISCED11_3T4,"Upper secondary and post-secondary non-tertiary, all programmes",Good/very good health,78.9
CAN,Canada,2015,ISCED11_5T8,Tertiary education,Good/very good health,91.3
CAN,Canada,2015,ISCED11_0T2,"Pre-primary, primary and lower secondary education",Good/very good health,79.9
CAN,Canada,2015,ISCED11_3T4,"Upper secondary and post-secondary non-tertiary, all programmes",Good/very good health,87.1
CAN,Canada,2015,Q5,Income quintile 5 (highest),Good/very good health,94.7
CAN,Canada,2015,Q1,Income quintile 1 (lowest),Good/very good health,79.8
CAN,Canada,2023,Q1,Income quintile 1 (lowest),Good/very good health,77.5
CAN,Canada,2023,ISCED11_0T2,"Pre-primary, primary and lower secondary education",Good/very good health,71.8
CAN,Canada,2023,ISCED11_5T8,Tertiary education,Good/very good health,88.4
CAN,Canada,2023,Q5,Income quintile 5 (highest),Good/very good health,90.7
CAN,Canada,2023,ISCED11_3T4,"Upper secondary and post-secondary non-tertiary, all programmes",Good/very good health,82.7
CAN,Canada,2010,Q5,Income quintile 5 (highest),Good/very good health,94.1
CAN,Canada,2010,Q1,Income quintile 1 (lowest),Good/very good health,77.6
CAN,Canada,2011,Q1,Income quintile 1 (lowest),Good/very good health,79.4
CAN,Canada,2011,ISCED11_5T8,Tertiary education,Good/very good health,91.2
CAN,Canada,2011,ISCED11_0T2,"Pre-primary, primary and lower secondary education",Good/very good health,76.8
CAN,Canada,2011,Q5,Income quintile 5 (highest),Good/very good health,94.7
CAN,Canada,2011,ISCED11_3T4,"Upper secondary and post-secondary non-tertiary, all programmes",Good/very good health,87.3
CAN,Canada,2012,ISCED11_3T4,"Upper secondary and post-secondary non-tertiary, all programmes",Good/very good health,88.2
CAN,Canada,2012,Q5,Income quintile 5 (highest),Good/very good health,94.3
CAN,Canada,2012,ISCED11_0T2,"Pre-primary, primary and lower secondary education",Good/very good health,78.2
CAN,Canada,2012,ISCED11_5T8,Tertiary education,Good/very good health,91.5
CAN,Canada,2012,Q1,Income quintile 1 (lowest),Good/very good health,79.2
CAN,Canada,2013,Q1,Income quintile 1 (lowest),Good/very good health,78.9
CAN,Canada,2013,ISCED11_5T8,Tertiary education,Good/very good health,91.6
CAN,Canada,2013,ISCED11_0T2,"Pre-primary, primary and lower secondary education",Good/very good health,76.2
CAN,Canada,2013,Q5,Income quintile 5 (highest),Good/very good health,94.8
CAN,Canada,2013,ISCED11_3T4,"Upper secondary and post-secondary non-tertiary, all programmes",Good/very good health,88.7
CAN,Canada,2014,ISCED11_3T4,"Upper secondary and post-secondary non-tertiary, all programmes",Good/very good health,87.3
CAN,Canada,2014,Q5,Income quintile 5 (highest),Good/very good health,94.4
CAN,Canada,2014,ISCED11_0T2,"Pre-primary, primary and lower secondary education",Good/very good health,76.6
CAN,Canada,2014,ISCED11_5T8,Tertiary education,Good/very good health,91.2
CAN,Canada,2014,Q1,Income quintile 1 (lowest),Good/very good health,79
CAN,Canada,2016,ISCED11_3T4,"Upper secondary and post-secondary non-tertiary, all programmes",Good/very good health,87.1
CAN,Canada,2016,Q5,Income quintile 5 (highest),Good/very good health,94.4
CAN,Canada,2016,ISCED11_0T2,"Pre-primary, primary and lower secondary education",Good/very good health,77
CAN,Canada,2016,ISCED11_5T8,Tertiary education,Good/very good health,91.3
CAN,Canada,2016,Q1,Income quintile 1 (lowest),Good/very good health,79.9
CAN,Canada,2017,Q1,Income quintile 1 (lowest),Good/very good health,81.1
CAN,Canada,2017,ISCED11_5T8,Tertiary education,Good/very good health,91.4
CAN,Canada,2017,ISCED11_0T2,"Pre-primary, primary and lower secondary education",Good/very good health,78.5
CAN,Canada,2017,Q5,Income quintile 5 (highest),Good/very good health,94.3
CAN,Canada,2017,ISCED11_3T4,"Upper secondary and post-secondary non-tertiary, all programmes",Good/very good health,86.8
CAN,Canada,2018,ISCED11_0T2,"Pre-primary, primary and lower secondary education",Good/very good health,77
CAN,Canada,2018,ISCED11_5T8,Tertiary education,Good/very good health,91.4
CAN,Canada,2018,ISCED11_3T4,"Upper secondary and post-secondary non-tertiary, all programmes",Good/very good health,87.4
CAN,Canada,2018,Q5,Income quintile 5 (highest),Good/very good health,93.8
CAN,Canada,2018,Q1,Income quintile 1 (lowest),Good/very good health,80.9
CAN,Canada,2019,Q1,Income quintile 1 (lowest),Good/very good health,81.4
CAN,Canada,2019,ISCED11_0T2,"Pre-primary, primary and lower secondary education",Good/very good health,77.4
CAN,Canada,2019,ISCED11_5T8,Tertiary education,Good/very good health,91.6
CAN,Canada,2019,Q5,Income quintile 5 (highest),Good/very good health,93.2
CAN,Canada,2019,ISCED11_3T4,"Upper secondary and post-secondary non-tertiary, all programmes",Good/very good health,87.1
CAN,Canada,2020,ISCED11_3T4,"Upper secondary and post-secondary non-tertiary, all programmes",Good/very good health,86.7
CAN,Canada,2020,Q5,Income quintile 5 (highest),Good/very good health,93.4
CAN,Canada,2020,ISCED11_5T8,Tertiary education,Good/very good health,91.3
CAN,Canada,2020,ISCED11_0T2,"Pre-primary, primary and lower secondary education",Good/very good health,80.3
CAN,Canada,2020,Q1,Income quintile 1 (lowest),Good/very good health,81.6
CAN,Canada,2021,Q1,Income quintile 1 (lowest),Good/very good health,80
CAN,Canada,2021,ISCED11_0T2,"Pre-primary, primary and lower secondary education",Good/very good health,78.8
CAN,Canada,2021,ISCED11_5T8,Tertiary education,Good/very good health,90.3
CAN,Canada,2021,Q5,Income quintile 5 (highest),Good/very good health,93
CAN,Canada,2021,ISCED11_3T4,"Upper secondary and post-secondary non-tertiary, all programmes",Good/very good health,86.4
CAN,Canada,2022,ISCED11_3T4,"Upper secondary and post-secondary non-tertiary, all programmes",Good/very good health,84
CAN,Canada,2022,Q5,Income quintile 5 (highest),Good/very good health,90.6
CAN,Canada,2022,ISCED11_5T8,Tertiary education,Good/very good health,88.2
CAN,Canada,2022,ISCED11_0T2,"Pre-primary, primary and lower secondary education",Good/very good health,78.2
CAN,Canada,2022,Q1,Income quintile 1 (lowest),Good/very good health,77.6
CAN,Canada,2024,ISCED11_3T4,"Upper secondary and post-secondary non-tertiary, all programmes",Good/very good health,82.8
CAN,Canada,2024,Q5,Income quintile 5 (highest),Good/very good health,90.6
CAN,Canada,2024,ISCED11_5T8,Tertiary education,Good/very good health,87.7
CAN,Canada,2024,ISCED11_0T2,"Pre-primary, primary and lower secondary education",Good/very good health,69.6
CAN,Canada,2024,Q1,Income quintile 1 (lowest),Good/very good health,76.5
NZL,New Zealand,2012,Q5,Income quintile 5 (highest),Good/very good health,94.9
NZL,New Zealand,2012,ISCED11_3T4,"Upper secondary and post-secondary non-tertiary, all programmes",Good/very good health,90
NZL,New Zealand,2012,ISCED11_5T8,Tertiary education,Good/very good health,92.3
NZL,New Zealand,2012,Q1,Income quintile 1 (lowest),Good/very good health,92.3
NZL,New Zealand,2012,ISCED11_0T2,"Pre-primary, primary and lower secondary education",Good/very good health,84.5
NZL,New Zealand,2013,ISCED11_5T8,Tertiary education,Good/very good health,92.6
NZL,New Zealand,2013,Q1,Income quintile 1 (lowest),Good/very good health,87.6
NZL,New Zealand,2013,ISCED11_0T2,"Pre-primary, primary and lower secondary education",Good/very good health,85.7
NZL,New Zealand,2013,ISCED11_3T4,"Upper secondary and post-secondary non-tertiary, all programmes",Good/very good health,89.5
NZL,New Zealand,2013,Q5,Income quintile 5 (highest),Good/very good health,93.6
NZL,New Zealand,2014,Q5,Income quintile 5 (highest),Good/very good health,95.5
NZL,New Zealand,2014,ISCED11_3T4,"Upper secondary and post-secondary non-tertiary, all programmes",Good/very good health,91.7
NZL,New Zealand,2014,ISCED11_0T2,"Pre-primary, primary and lower secondary education",Good/very good health,87.3
NZL,New Zealand,2014,Q1,Income quintile 1 (lowest),Good/very good health,91.3
NZL,New Zealand,2014,ISCED11_5T8,Tertiary education,Good/very good health,93.9
NZL,New Zealand,2015,ISCED11_5T8,Tertiary education,Good/very good health,91.1
NZL,New Zealand,2015,Q1,Income quintile 1 (lowest),Good/very good health,90.3
NZL,New Zealand,2015,ISCED11_0T2,"Pre-primary, primary and lower secondary education",Good/very good health,85.6
NZL,New Zealand,2015,ISCED11_3T4,"Upper secondary and post-secondary non-tertiary, all programmes",Good/very good health,89
NZL,New Zealand,2015,Q5,Income quintile 5 (highest),Good/very good health,94
NZL,New Zealand,2016,Q5,Income quintile 5 (highest),Good/very good health,93
NZL,New Zealand,2016,ISCED11_3T4,"Upper secondary and post-secondary non-tertiary, all programmes",Good/very good health,87.3
NZL,New Zealand,2016,ISCED11_0T2,"Pre-primary, primary and lower secondary education",Good/very good health,83.6
NZL,New Zealand,2016,Q1,Income quintile 1 (lowest),Good/very good health,88.4
NZL,New Zealand,2016,ISCED11_5T8,Tertiary education,Good/very good health,90.7
NZL,New Zealand,2017,Q5,Income quintile 5 (highest),Good/very good health,93.1
NZL,New Zealand,2017,ISCED11_3T4,"Upper secondary and post-secondary non-tertiary, all programmes",Good/very good health,87.3
NZL,New Zealand,2017,ISCED11_5T8,Tertiary education,Good/very good health,90.8
NZL,New Zealand,2017,Q1,Income quintile 1 (lowest),Good/very good health,89.9
NZL,New Zealand,2017,ISCED11_0T2,"Pre-primary, primary and lower secondary education",Good/very good health,84.9
NZL,New Zealand,2018,Q5,Income quintile 5 (highest),Good/very good health,91.9
NZL,New Zealand,2018,ISCED11_3T4,"Upper secondary and post-secondary non-tertiary, all programmes",Good/very good health,86.8
NZL,New Zealand,2018,ISCED11_0T2,"Pre-primary, primary and lower secondary education",Good/very good health,83.1
NZL,New Zealand,2018,Q1,Income quintile 1 (lowest),Good/very good health,89.7
NZL,New Zealand,2018,ISCED11_5T8,Tertiary education,Good/very good health,90.2
NZL,New Zealand,2019,ISCED11_5T8,Tertiary education,Good/very good health,89.5
NZL,New Zealand,2019,Q1,Income quintile 1 (lowest),Good/very good health,82.2
NZL,New Zealand,2019,ISCED11_0T2,"Pre-primary, primary and lower secondary education",Good/very good health,81.9
NZL,New Zealand,2019,ISCED11_3T4,"Upper secondary and post-secondary non-tertiary, all programmes",Good/very good health,84.5
NZL,New Zealand,2019,Q5,Income quintile 5 (highest),Good/very good health,92.1
NZL,New Zealand,2020,Q5,Income quintile 5 (highest),Good/very good health,92.2
NZL,New Zealand,2020,ISCED11_3T4,"Upper secondary and post-secondary non-tertiary, all programmes",Good/very good health,86
NZL,New Zealand,2020,ISCED11_0T2,"Pre-primary, primary and lower secondary education",Good/very good health,81.6
NZL,New Zealand,2020,Q1,Income quintile 1 (lowest),Good/very good health,83.3
NZL,New Zealand,2020,ISCED11_5T8,Tertiary education,Good/very good health,90.2
NZL,New Zealand,2021,ISCED11_5T8,Tertiary education,Good/very good health,90.5
NZL,New Zealand,2021,Q1,Income quintile 1 (lowest),Good/very good health,86.6
NZL,New Zealand,2021,ISCED11_0T2,"Pre-primary, primary and lower secondary education",Good/very good health,83.2
NZL,New Zealand,2021,ISCED11_3T4,"Upper secondary and post-secondary non-tertiary, all programmes",Good/very good health,86.9
NZL,New Zealand,2021,Q5,Income quintile 5 (highest),Good/very good health,92.1
NZL,New Zealand,2022,Q5,Income quintile 5 (highest),Good/very good health,92.6
NZL,New Zealand,2022,ISCED11_3T4,"Upper secondary and post-secondary non-tertiary, all programmes",Good/very good health,87.5
NZL,New Zealand,2022,ISCED11_0T2,"Pre-primary, primary and lower secondary education",Good/very good health,83.1
NZL,New Zealand,2022,Q1,Income quintile 1 (lowest),Good/very good health,84.6
NZL,New Zealand,2022,ISCED11_5T8,Tertiary education,Good/very good health,90
NZL,New Zealand,2023,ISCED11_5T8,Tertiary education,Good/very good health,88.8
NZL,New Zealand,2023,Q1,Income quintile 1 (lowest),Good/very good health,84
NZL,New Zealand,2023,ISCED11_0T2,"Pre-primary, primary and lower secondary education",Good/very good health,82.5
NZL,New Zealand,2023,ISCED11_3T4,"Upper secondary and post-secondary non-tertiary, all programmes",Good/very good health,84.8
NZL,New Zealand,2023,Q5,Income quintile 5 (highest),Good/very good health,89.5
NZL,New Zealand,2024,Q5,Income quintile 5 (highest),Good/very good health,92
NZL,New Zealand,2024,ISCED11_3T4,"Upper secondary and post-secondary non-tertiary, all programmes",Good/very good health,83.4
NZL,New Zealand,2024,ISCED11_0T2,"Pre-primary, primary and lower secondary education",Good/very good health,79.9
NZL,New Zealand,2024,Q1,Income quintile 1 (lowest),Good/very good health,84.2
NZL,New Zealand,2024,ISCED11_5T8,Tertiary education,Good/very good health,89
NZL,New Zealand,2025,ISCED11_5T8,Tertiary education,Good/very good health,90.2
NZL,New Zealand,2025,ISCED11_0T2,"Pre-primary, primary and lower secondary education",Good/very good health,79
NZL,New Zealand,2025,Q1,Income quintile 1 (lowest),Good/very good health,86.5
NZL,New Zealand,2025,ISCED11_3T4,"Upper secondary and post-secondary non-tertiary, all programmes",Good/very good health,85.4
NZL,New Zealand,2025,Q5,Income quintile 5 (highest),Good/very good health,93.3
ISR,Israel,2017,Q5,Income quintile 5 (highest),Good/very good health,88.7
ISR,Israel,2017,ISCED11_3T4,"Upper secondary and post-secondary non-tertiary, all programmes",Good/very good health,78.2
ISR,Israel,2017,ISCED11_5T8,Tertiary education,Good/very good health,77.5
ISR,Israel,2017,ISCED11_0T2,"Pre-primary, primary and lower secondary education",Good/very good health,55.7
ISR,Israel,2017,Q1,Income quintile 1 (lowest),Good/very good health,80
ISR,Israel,2018,Q1,Income quintile 1 (lowest),Good/very good health,77.6
ISR,Israel,2018,ISCED11_0T2,"Pre-primary, primary and lower secondary education",Good/very good health,57.3
ISR,Israel,2018,ISCED11_5T8,Tertiary education,Good/very good health,77.6
ISR,Israel,2018,ISCED11_3T4,"Upper secondary and post-secondary non-tertiary, all programmes",Good/very good health,77.1
ISR,Israel,2018,Q5,Income quintile 5 (highest),Good/very good health,88.8
ISR,Israel,2021,Q5,Income quintile 5 (highest),Good/very good health,87.3
ISR,Israel,2021,ISCED11_3T4,"Upper secondary and post-secondary non-tertiary, all programmes",Good/very good health,77.9
ISR,Israel,2021,ISCED11_5T8,Tertiary education,Good/very good health,77.1
ISR,Israel,2021,ISCED11_0T2,"Pre-primary, primary and lower secondary education",Good/very good health,52.3
ISR,Israel,2021,Q1,Income quintile 1 (lowest),Good/very good health,78.9
ISR,Israel,2022,Q5,Income quintile 5 (highest),Good/very good health,85.9
ISR,Israel,2022,ISCED11_3T4,"Upper secondary and post-secondary non-tertiary, all programmes",Good/very good health,77.2
ISR,Israel,2022,Q1,Income quintile 1 (lowest),Good/very good health,77.5
ISR,Israel,2022,ISCED11_0T2,"Pre-primary, primary and lower secondary education",Good/very good health,54.3
ISR,Israel,2022,ISCED11_5T8,Tertiary education,Good/very good health,75.7
ISR,Israel,2023,ISCED11_3T4,"Upper secondary and post-secondary non-tertiary, all programmes",Good/very good health,77.2
ISR,Israel,2023,Q5,Income quintile 5 (highest),Good/very good health,89.1
ISR,Israel,2023,ISCED11_5T8,Tertiary education,Good/very good health,81.5
ISR,Israel,2023,ISCED11_0T2,"Pre-primary, primary and lower secondary education",Good/very good health,60.2
ISR,Israel,2023,Q1,Income quintile 1 (lowest),Good/very good health,78.6
ISR,Israel,2024,Q1,Income quintile 1 (lowest),Good/very good health,78.8
ISR,Israel,2024,ISCED11_0T2,"Pre-primary, primary and lower secondary education",Good/very good health,50.4
ISR,Israel,2024,ISCED11_5T8,Tertiary education,Good/very good health,78.8
ISR,Israel,2024,Q5,Income quintile 5 (highest),Good/very good health,86.4
ISR,Israel,2024,ISCED11_3T4,"Upper secondary and post-secondary non-tertiary, all programmes",Good/very good health,77.1
ISR,Israel,2010,Q1,Income quintile 1 (lowest),Good/very good health,86.3
ISR,Israel,2010,ISCED11_0T2,"Pre-primary, primary and lower secondary education",Good/very good health,64
ISR,Israel,2010,ISCED11_5T8,Tertiary education,Good/very good health,85.3
ISR,Israel,2010,ISCED11_3T4,"Upper secondary and post-secondary non-tertiary, all programmes",Good/very good health,86.6
ISR,Israel,2010,Q5,Income quintile 5 (highest),Good/very good health,95.9
ISR,Israel,2011,Q5,Income quintile 5 (highest),Good/very good health,96
ISR,Israel,2011,ISCED11_3T4,"Upper secondary and post-secondary non-tertiary, all programmes",Good/very good health,87.9
ISR,Israel,2011,ISCED11_5T8,Tertiary education,Good/very good health,85.4
ISR,Israel,2011,ISCED11_0T2,"Pre-primary, primary and lower secondary education",Good/very good health,58.9
ISR,Israel,2011,Q1,Income quintile 1 (lowest),Good/very good health,88.1
ISR,Israel,2012,Q1,Income quintile 1 (lowest),Good/very good health,87.6
ISR,Israel,2012,ISCED11_0T2,"Pre-primary, primary and lower secondary education",Good/very good health,60.3
ISR,Israel,2012,ISCED11_5T8,Tertiary education,Good/very good health,88
ISR,Israel,2012,ISCED11_3T4,"Upper secondary and post-secondary non-tertiary, all programmes",Good/very good health,88.8
ISR,Israel,2012,Q5,Income quintile 5 (highest),Good/very good health,96.6
ISR,Israel,2013,Q5,Income quintile 5 (highest),Good/very good health,95.7
ISR,Israel,2013,ISCED11_3T4,"Upper secondary and post-secondary non-tertiary, all programmes",Good/very good health,85.9
ISR,Israel,2013,ISCED11_5T8,Tertiary education,Good/very good health,84.9
ISR,Israel,2013,ISCED11_0T2,"Pre-primary, primary and lower secondary education",Good/very good health,55.6
ISR,Israel,2013,Q1,Income quintile 1 (lowest),Good/very good health,84.4
ISR,Israel,2014,Q1,Income quintile 1 (lowest),Good/very good health,88.1
ISR,Israel,2014,ISCED11_0T2,"Pre-primary, primary and lower secondary education",Good/very good health,61.9
ISR,Israel,2014,ISCED11_5T8,Tertiary education,Good/very good health,89.9
ISR,Israel,2014,ISCED11_3T4,"Upper secondary and post-secondary non-tertiary, all programmes",Good/very good health,87.6
ISR,Israel,2014,Q5,Income quintile 5 (highest),Good/very good health,96.2
ISR,Israel,2015,Q5,Income quintile 5 (highest),Good/very good health,96.6
ISR,Israel,2015,ISCED11_3T4,"Upper secondary and post-secondary non-tertiary, all programmes",Good/very good health,87.9
ISR,Israel,2015,ISCED11_5T8,Tertiary education,Good/very good health,87.9
ISR,Israel,2015,ISCED11_0T2,"Pre-primary, primary and lower secondary education",Good/very good health,64.7
ISR,Israel,2015,Q1,Income quintile 1 (lowest),Good/very good health,89.9
ISR,Israel,2016,Q1,Income quintile 1 (lowest),Good/very good health,90.1
ISR,Israel,2016,ISCED11_0T2,"Pre-primary, primary and lower secondary education",Good/very good health,63.2
ISR,Israel,2016,ISCED11_5T8,Tertiary education,Good/very good health,88
ISR,Israel,2016,ISCED11_3T4,"Upper secondary and post-secondary non-tertiary, all programmes",Good/very good health,87.9
ISR,Israel,2016,Q5,Income quintile 5 (highest),Good/very good health,95.9
USA,United States,2019,ISCED11_3T4,"Upper secondary and post-secondary non-tertiary, all programmes",Good/very good health,82.9
USA,United States,2019,ISCED11_0T2,"Pre-primary, primary and lower secondary education",Good/very good health,68.8
USA,United States,2019,ISCED11_5T8,Tertiary education,Good/very good health,90.1
USA,United States,2010,ISCED11_5T8,Tertiary education,Good/very good health,91.9
USA,United States,2010,ISCED11_0T2,"Pre-primary, primary and lower secondary education",Good/very good health,74.2
USA,United States,2010,Q5,Income quintile 5 (highest),Good/very good health,96
USA,United States,2010,Q1,Income quintile 1 (lowest),Good/very good health,74.3
USA,United States,2010,ISCED11_3T4,"Upper secondary and post-secondary non-tertiary, all programmes",Good/very good health,83.9
USA,United States,2011,ISCED11_3T4,"Upper secondary and post-secondary non-tertiary, all programmes",Good/very good health,83.6
USA,United States,2011,Q1,Income quintile 1 (lowest),Good/very good health,73.4
USA,United States,2011,Q5,Income quintile 5 (highest),Good/very good health,95.6
USA,United States,2011,ISCED11_0T2,"Pre-primary, primary and lower secondary education",Good/very good health,73.1
USA,United States,2011,ISCED11_5T8,Tertiary education,Good/very good health,91.8
USA,United States,2012,ISCED11_5T8,Tertiary education,Good/very good health,92
USA,United States,2012,ISCED11_0T2,"Pre-primary, primary and lower secondary education",Good/very good health,73.9
USA,United States,2012,Q5,Income quintile 5 (highest),Good/very good health,96.2
USA,United States,2012,Q1,Income quintile 1 (lowest),Good/very good health,73.4
USA,United States,2012,ISCED11_3T4,"Upper secondary and post-secondary non-tertiary, all programmes",Good/very good health,83.7
USA,United States,2013,ISCED11_3T4,"Upper secondary and post-secondary non-tertiary, all programmes",Good/very good health,83.6
USA,United States,2013,Q1,Income quintile 1 (lowest),Good/very good health,73.2
USA,United States,2013,Q5,Income quintile 5 (highest),Good/very good health,96.2
USA,United States,2013,ISCED11_0T2,"Pre-primary, primary and lower secondary education",Good/very good health,74.6
USA,United States,2013,ISCED11_5T8,Tertiary education,Good/very good health,91.9
USA,United States,2014,ISCED11_5T8,Tertiary education,Good/very good health,92.5
USA,United States,2014,ISCED11_0T2,"Pre-primary, primary and lower secondary education",Good/very good health,75.3
USA,United States,2014,Q5,Income quintile 5 (highest),Good/very good health,96.3
USA,United States,2014,Q1,Income quintile 1 (lowest),Good/very good health,74.6
USA,United States,2014,ISCED11_3T4,"Upper secondary and post-secondary non-tertiary, all programmes",Good/very good health,84
USA,United States,2015,ISCED11_3T4,"Upper secondary and post-secondary non-tertiary, all programmes",Good/very good health,84.1
USA,United States,2015,Q1,Income quintile 1 (lowest),Good/very good health,73.9
USA,United States,2015,Q5,Income quintile 5 (highest),Good/very good health,96.2
USA,United States,2015,ISCED11_0T2,"Pre-primary, primary and lower secondary education",Good/very good health,72.8
USA,United States,2015,ISCED11_5T8,Tertiary education,Good/very good health,91.9
USA,United States,2016,ISCED11_5T8,Tertiary education,Good/very good health,92.1
USA,United States,2016,ISCED11_0T2,"Pre-primary, primary and lower secondary education",Good/very good health,74.9
USA,United States,2016,Q5,Income quintile 5 (highest),Good/very good health,96.4
USA,United States,2016,Q1,Income quintile 1 (lowest),Good/very good health,74.3
USA,United States,2016,ISCED11_3T4,"Upper secondary and post-secondary non-tertiary, all programmes",Good/very good health,84.3
USA,United States,2017,ISCED11_3T4,"Upper secondary and post-secondary non-tertiary, all programmes",Good/very good health,83.5
USA,United States,2017,Q1,Income quintile 1 (lowest),Good/very good health,74.6
USA,United States,2017,Q5,Income quintile 5 (highest),Good/very good health,96.3
USA,United States,2017,ISCED11_0T2,"Pre-primary, primary and lower secondary education",Good/very good health,77
USA,United States,2017,ISCED11_5T8,Tertiary education,Good/very good health,92.1
USA,United States,2018,ISCED11_5T8,Tertiary education,Good/very good health,91.9
USA,United States,2018,ISCED11_0T2,"Pre-primary, primary and lower secondary education",Good/very good health,75.8
USA,United States,2018,Q5,Income quintile 5 (highest),Good/very good health,96.2
USA,United States,2018,Q1,Income quintile 1 (lowest),Good/very good health,74.7
USA,United States,2018,ISCED11_3T4,"Upper secondary and post-secondary non-tertiary, all programmes",Good/very good health,84.2
USA,United States,2019,Q1,Income quintile 1 (lowest),Good/very good health,70.9
USA,United States,2019,Q5,Income quintile 5 (highest),Good/very good health,95.1
USA,United States,2020,Q5,Income quintile 5 (highest),Good/very good health,94.7
USA,United States,2020,Q1,Income quintile 1 (lowest),Good/very good health,72.8
USA,United States,2020,ISCED11_5T8,Tertiary education,Good/very good health,91.1
USA,United States,2020,ISCED11_3T4,"Upper secondary and post-secondary non-tertiary, all programmes",Good/very good health,83.4
USA,United States,2020,ISCED11_0T2,"Pre-primary, primary and lower secondary education",Good/very good health,73.6
USA,United States,2021,ISCED11_3T4,"Upper secondary and post-secondary non-tertiary, all programmes",Good/very good health,83.4
USA,United States,2021,Q1,Income quintile 1 (lowest),Good/very good health,74.8
USA,United States,2021,Q5,Income quintile 5 (highest),Good/very good health,95.5
USA,United States,2021,ISCED11_0T2,"Pre-primary, primary and lower secondary education",Good/very good health,73.2
USA,United States,2021,ISCED11_5T8,Tertiary education,Good/very good health,91.3
USA,United States,2022,ISCED11_5T8,Tertiary education,Good/very good health,90.6
USA,United States,2022,ISCED11_0T2,"Pre-primary, primary and lower secondary education",Good/very good health,70.8
USA,United States,2022,Q5,Income quintile 5 (highest),Good/very good health,95.1
USA,United States,2022,Q1,Income quintile 1 (lowest),Good/very good health,72.3
USA,United States,2022,ISCED11_3T4,"Upper secondary and post-secondary non-tertiary, all programmes",Good/very good health,82.3
USA,United States,2023,ISCED11_3T4,"Upper secondary and post-secondary non-tertiary, all programmes",Good/very good health,81.8
USA,United States,2023,Q1,Income quintile 1 (lowest),Good/very good health,72.5
USA,United States,2023,Q5,Income quintile 5 (highest),Good/very good health,94.2
USA,United States,2023,ISCED11_0T2,"Pre-primary, primary and lower secondary education",Good/very good health,73.2
USA,United States,2023,ISCED11_5T8,Tertiary education,Good/very good health,89.7
USA,United States,2024,ISCED11_5T8,Tertiary education,Good/very good health,90
USA,United States,2024,ISCED11_0T2,"Pre-primary, primary and lower secondary education",Good/very good health,73.4
USA,United States,2024,Q5,Income quintile 5 (highest),Good/very good health,94.8
USA,United States,2024,Q1,Income quintile 1 (lowest),Good/very good health,72.8
USA,United States,2024,ISCED11_3T4,"Upper secondary and post-secondary non-tertiary, all programmes",Good/very good health,81.5
